timestamp,duration,memory
168,30,150
170,30,150
326,30,150
327,30,150
568,49,150
603,4167,375
786,30,150
815,30,150
1082,30,150
1175,30,150
1335,49,150
1378,49,150
1386,30,150
1480,49,150
1520,30,150
1708,30,150
1732,10,147
1958,10,147
2142,30,150
2201,30,150
2277,220,185
2290,49,150
2329,381,177
2349,49,150
2518,49,150
2747,49,150
2753,49,150
2794,49,150
2817,30,150
2919,167,185
2973,49,150
3065,49,150
3453,49,150
3502,49,150
3578,833,177
3606,30,150
3784,1219,155
3831,49,150
3932,30,150
4289,49,150
4418,49,150
4757,49,150
4844,49,150
4914,30,150
4960,49,150
4981,30,150
4999,49,150
5065,49,150
5677,10,147
5696,49,150
5965,30,150
5973,3,125
6016,30,150
6030,123,181
6322,49,150
6460,30,150
6517,30,150
6590,30,150
6712,30,150
6838,49,150
6903,49,150
6913,30,150
7330,49,150
7473,30,150
7576,30,150
7838,49,150
7861,49,150
8228,49,150
8291,18180,148
8347,30,150
8367,49,150
8425,49,150
8470,49,150
8835,49,150
9112,93,203
9165,30,150
9167,273,176
9178,93,203
9575,49,150
9720,49,150
9744,30,150
9799,30,150
9852,49,150
10005,49,150
10054,49,150
10102,49,150
10123,49,150
10138,30,150
10519,30,150
10548,584,120
10677,835,128
10705,30,150
11391,49,150
11490,30,150
11858,49,150
11870,30,150
11887,30,150
11904,93,203
11928,49,150
11942,30,150
12035,30,150
12049,49,150
12289,950,174
12869,117,215
12993,877,185
13008,30,150
13051,30,150
13121,30,150
13125,30,150
13401,30,150
13611,30,150
13669,49,150
13713,49,150
13858,49,150
13959,30,150
14040,993,196
14146,30,150
14171,93,203
14204,49,150
14356,924,179
14372,49,150
14503,49,150
15215,93,203
15266,49,150
15276,30,150
15549,652,178
15572,697,187
15687,30,150
15813,49,150
15822,49,150
15843,851,179
16006,49,150
16019,208,187
16103,49,150
16525,30,150
16651,49,150
16739,30,150
16811,30,150
16820,10,147
16890,49,150
16934,30,150
17048,49,150
17205,49,150
17711,49,150
17767,30,150
17997,30,150
18027,30,150
18077,30,150
18254,49,150
18378,30,150
18559,30,150
18611,30,150
18766,4164,200
18823,30,150
18957,30,150
19178,30,150
19285,49,150
19661,1900,375
19666,30,150
19714,49,150
19757,30,150
19884,30,150
19942,30,150
20308,30,150
20313,894,177
20401,30,150
20453,864,185
20502,30,150
20609,30,150
20789,10,147
20929,30,150
20929,49,150
20937,49,150
21127,30,150
21158,30,150
21316,30,150
21392,30,150
21544,49,150
21717,49,150
21717,894,177
21838,49,150
22118,49,150
22260,49,150
22431,30,150
22449,49,150
22515,93,203
22622,30,150
22774,49,150
23071,861,178
23119,30,150
23135,10,147
23235,30,150
23489,49,150
24399,30,150
24448,49,150
24695,49,150
24827,354,203
25199,49,150
25215,49,150
25465,49,150
25476,30,150
25710,30,150
25812,30,150
25893,49,150
25897,49,150
26136,30,150
26137,49,150
26535,49,150
26697,49,150
27106,923,128
27190,30,150
27314,49,150
27332,30,150
27344,49,150
27403,49,150
27529,49,150
27610,26031,148
27708,30,150
27996,49,150
28193,10,147
28280,49,150
28340,30,150
28608,30,150
28657,30,150
28704,49,150
29170,30,150
29323,49,150
29447,1293,375
29811,49,150
30108,30,150
30108,49,150
30384,49,150
30401,49,150
30473,30,150
30648,49,150
30818,819,175
31065,959,177
31270,49,150
31348,10,147
31450,30,150
31589,30,150
31594,49,150
31633,49,150
31639,49,150
31858,49,150
31893,30,150
32050,49,150
32158,49,150
32192,30,150
32207,49,150
32385,49,150
32425,30,150
32562,49,150
32583,1841,196
32642,49,150
32772,30,150
33067,30,150
33084,30,150
33238,30,150
33504,49,150
33600,49,150
33775,49,150
33926,49,150
34027,49,150
34030,30,150
34275,49,150
34420,93,203
34454,4936,193
34492,30,150
34740,30,150
34749,2299,147
34910,49,150
34946,49,150
35587,7373,375
35893,49,150
35926,879,185
36000,49,150
36018,30,150
36037,49,150
36082,30,150
36119,49,150
36182,93,203
36437,30,150
36544,30,150
36664,423,179
36756,30,150
36861,49,150
36861,49,150
36943,30,150
36960,30,150
37276,30,150
37419,49,150
37581,49,150
37739,30,150
37778,30,150
37995,49,150
38155,49,150
38200,30,150
38429,49,150
38703,30,150
38920,30,150
38936,30,150
38952,49,150
39012,49,150
39029,841,176
39059,1944,128
39222,677,176
39240,19137,148
39336,49,150
39416,49,150
39497,180,175
39549,30,150
39690,49,150
39921,49,150
40218,49,150
40229,30,150
40389,30,150
40420,49,150
40718,30,150
40755,49,150
40783,49,150
40792,49,150
40885,49,150
40906,30,150
41170,49,150
41338,49,150
41350,10,147
41359,49,150
41442,49,150
41919,30,150
41992,49,150
42105,819,175
42292,30,150
42339,30,150
42453,30,150
42513,30,150
42714,49,150
42751,30,150
42806,30,150
42874,30,150
43002,30,150
43004,870,175
43088,49,150
43938,49,150
44228,49,150
44259,49,150
44447,30,150
44471,30,150
44500,49,150
44683,49,150
44696,30,150
44817,30,150
45106,30,150
45109,49,150
45241,30,150
45301,30,150
45318,49,150
45469,49,150
45471,30,150
45504,30,150
45508,49,150
45515,143,121
45572,30,150
45778,30,150
45854,30,150
45930,30,150
46003,30,150
46024,938,178
46097,194,174
46362,30,150
46690,49,150
46781,7569,200
46862,49,150
46941,30,150
47290,49,150
47364,827,179
47578,49,150
47663,30,150
47751,30,150
47762,30,150
47801,30,150
47817,49,150
47882,49,150
48048,6,147
48117,49,150
48193,30,150
48355,30,150
48571,49,150
49207,49,150
49308,49,150
49365,49,150
49410,30,150
49586,30,150
49590,30,150
49820,49,150
49842,49,150
50027,49,150
50104,30,150
50234,30,150
50445,49,150
50498,49,150
50685,49,150
50862,49,150
50884,49,150
51141,30,150
51197,30,150
51451,49,150
51741,30,150
51764,30,150
51805,172,147
52213,30,150
52520,30,150
52604,49,150
52805,586,137
53008,30,150
53144,30,150
53320,49,150
53334,30,150
53785,30,150
53930,30,150
54012,30,150
54297,49,150
54399,339,150
54691,49,150
54911,49,150
55152,10,147
55173,30,150
55196,49,150
55215,49,150
55704,49,150
56064,796,375
56127,30,150
56174,30,150
56270,1060,179
56299,49,150
56745,30,150
56782,49,150
57064,30,150
57120,819,181
57162,30,150
57188,10,147
57330,49,150
57595,30,150
57648,30,150
58016,30,150
58047,49,150
58088,49,150
58147,812,177
58157,30,150
58191,49,150
58420,30,150
58647,30,150
58999,49,150
59131,49,150
59266,30,150
59273,30,150
59295,852,181
59332,49,150
59347,30,150
59389,30,150
59396,49,150
59399,30,150
59439,30,150
59508,10,147
59622,628,177
59722,30,150
59990,30,150
60281,49,150
60316,30,150
60341,30,150
60821,30,150
60874,49,150
60967,49,150
61070,10,147
61080,49,150
61180,49,150
61929,49,150
62082,30,150
62095,49,150
62133,49,150
62198,49,150
62326,879,185
62556,10,147
62744,49,150
62767,49,150
62770,30,150
62930,30,150
62982,919,185
63004,49,150
63065,30,150
63069,30,150
63156,30,150
63186,49,150
63239,30,150
63806,30,150
63862,49,150
64098,49,150
64483,49,150
64500,30,150
64560,49,150
64738,49,150
64777,49,150
65291,30,150
65296,49,150
65378,49,150
65437,30,150
65503,30,150
65597,10,147
65856,49,150
65955,49,150
65974,49,150
66091,30,150
66107,30,150
66494,30,150
66528,30,150
66701,30,150
66843,30,150
66875,49,150
67069,30,150
67147,49,150
67233,835,128
67495,49,150
67521,1900,375
67569,30,150
67730,30,150
67852,30,150
67859,30,150
67946,30,150
67966,30,150
68010,49,150
68023,49,150
68069,49,150
68358,30,150
68469,49,150
68546,49,150
68657,49,150
68933,93,203
69236,49,150
69338,49,150
69344,30,150
69388,49,150
69456,49,150
69504,874,187
69661,49,150
69793,49,150
69905,49,150
69911,49,150
69971,49,150
70171,49,150
70262,30,150
70589,49,150
70982,49,150
71304,30,150
71507,49,150
71634,30,150
71712,30,150
71950,49,150
72121,49,150
72212,30,150
72243,49,150
72286,30,150
72691,49,150
72785,30,150
72798,30,150
72839,30,150
72935,49,150
73171,49,150
73565,30,150
73604,49,150
73663,851,179
73675,30,150
73770,49,150
73908,49,150
73966,49,150
74133,49,150
74246,30,150
74326,49,150
74354,30,150
74380,30,150
74486,49,150
74864,30,150
75022,30,150
75054,30,150
75116,49,150
75157,30,150
75164,30,150
75309,859,174
75520,49,150
75813,49,150
75885,93,203
76024,49,150
76112,49,150
76154,49,150
76246,30,150
76361,30,150
76594,30,150
76656,30,150
76700,93,203
77054,49,150
77183,49,150
77192,30,150
77605,49,150
77607,49,150
77904,30,150
78019,30,150
78053,30,150
78380,49,150
78548,30,150
78586,49,150
79252,49,150
79381,6,147
79466,49,150
79511,49,150
80332,93,203
80996,4167,375
81028,30,150
81315,49,150
81358,30,150
81693,30,150
81902,30,150
81992,10,147
82037,49,150
82126,49,150
82163,49,150
82311,258,203
82485,49,150
82821,30,150
82993,30,150
83161,49,150
83241,10,147
83263,120,95
83465,49,150
83533,30,150
83558,30,150
83572,30,150
83576,30,150
83592,49,150
83635,49,150
83771,30,150
83778,30,150
83819,30,150
83960,49,150
84055,30,150
84188,30,150
84729,30,150
85070,30,150
85077,49,150
85607,49,150
85658,30,150
85769,49,150
85911,49,150
85999,49,150
86116,49,150
86209,30,150
86225,30,150
86803,30,150
86947,30,150
87083,49,150
87121,49,150
87406,49,150
87478,30,150
87650,30,150
87678,49,150
87734,49,150
88027,93,203
88188,49,150
88195,30,150
88266,49,150
88730,49,150
88978,30,150
89070,49,150
89372,30,150
89965,49,150
89989,30,150
90016,14,113
90479,30,150
90523,30,150
90591,49,150
90685,10,147
90918,49,150
91040,819,181
91325,30,150
91522,30,150
91750,30,150
92108,30,150
92235,49,150
92454,30,150
92601,30,150
93095,30,150
93124,49,150
93172,812,177
93178,30,150
93449,49,150
93606,30,150
93713,49,150
93868,49,150
93882,30,150
93964,30,150
94067,49,150
94265,841,176
94401,30,150
94408,30,150
94508,49,150
94665,11,106
95153,30,150
95468,30,150
95619,49,150
95871,30,150
95958,30,150
96290,30,150
96306,49,150
96879,30,150
97022,49,150
97107,49,150
97115,30,150
97275,49,150
97288,93,203
97544,30,150
97655,30,150
97667,30,150
97736,30,150
97749,49,150
97881,30,150
97927,30,150
98298,10,147
98361,49,150
98624,49,150
98718,49,150
98936,49,150
99401,30,150
99714,49,150
100143,30,150
100180,30,150
100274,49,150
100317,30,150
100327,30,150
100420,49,150
100605,30,150
100610,30,150
100726,30,150
100791,30,150
100873,7373,375
101021,49,150
101101,49,150
101157,30,150
101230,30,150
101288,49,150
101457,49,150
101505,49,150
101673,49,150
101722,49,150
101943,30,150
101947,30,150
102010,49,150
102099,30,150
102279,49,150
102626,49,150
102790,49,150
102797,49,150
102840,30,150
103014,49,150
103145,49,150
103161,30,150
103292,49,150
103344,30,150
103894,30,150
104047,30,150
104484,30,150
104505,30,150
104669,831,178
104836,49,150
104963,49,150
105081,93,203
105304,49,150
105334,49,150
105386,49,150
105704,30,150
106080,30,150
106248,49,150
106436,49,150
107022,49,150
107031,586,137
107134,49,150
107481,49,150
107707,30,150
107810,30,150
107970,874,187
108147,30,150
108282,49,150
108328,30,150
108398,30,150
108446,49,150
108533,49,150
108634,30,150
109136,49,150
109266,49,150
109609,49,150
109704,30,150
109736,30,150
109902,796,375
110064,30,150
110091,49,150
110132,49,150
110434,49,150
110447,49,150
110682,10,147
110785,49,150
110828,30,150
110858,30,150
111098,49,150
111107,30,150
111300,10,147
111545,30,150
111610,864,137
111650,49,150
111659,30,150
111788,30,150
112235,30,150
112281,30,150
112445,30,150
112532,30,150
112660,49,150
112872,49,150
112966,49,150
113169,819,175
113182,30,150
113313,49,150
113539,30,150
113868,30,150
114000,262,137
114160,30,150
114397,30,150
114481,49,150
114565,819,181
114597,30,150
114619,30,150
114733,49,150
115142,49,150
115165,93,203
115314,10,147
115327,49,150
115817,49,150
115852,30,150
115909,30,150
116122,30,150
116254,49,150
116695,30,150
116748,30,150
117245,30,150
117328,841,176
117752,30,150
118038,10,147
118060,10,147
118108,30,150
118165,30,150
118232,49,150
118406,30,150
118421,49,150
118444,49,150
118490,49,150
118599,49,150
118676,49,150
118897,49,150
118912,30,150
119068,49,150
119453,30,150
119540,30,150
119619,49,150
119827,30,150
119890,30,150
119965,30,150
120014,30,150
120292,49,150
120428,93,203
120628,30,150
120791,30,150
120834,30,150
121184,49,150
121193,30,150
121232,49,150
121266,30,150
121683,30,150
121887,49,150
122150,49,150
122164,49,150
122242,49,150
122242,6,147
122638,49,150
122760,30,150
122932,30,150
123016,49,150
123110,120,95
123301,49,150
123390,30,150
123483,30,150
123564,30,150
123768,30,150
123918,30,150
124247,30,150
124431,49,150
124526,30,150
124881,30,150
125233,30,150
125464,651,137
125478,831,178
125562,49,150
125664,49,150
125677,30,150
126040,49,150
126445,30,150
126506,49,150
126691,30,150
127236,30,150
127252,30,150
127265,30,150
127601,49,150
127769,851,179
128329,49,150
128409,30,150
128491,49,150
128580,30,150
129065,30,150
129085,30,150
129503,30,150
129556,30,150
129895,49,150
130553,49,150
130644,30,150
130760,10,147
130837,30,150
130989,796,375
131134,30,150
131176,49,150
131203,49,150
131545,49,150
131667,30,150
131753,30,150
131775,30,150
132204,49,150
132337,859,174
132421,49,150
132576,56,203
132672,30,150
133112,30,150
133272,30,150
133605,30,150
133937,30,150
134168,30,150
134259,30,150
134406,49,150
134540,30,150
134600,30,150
134680,49,150
134763,49,150
135231,30,150
135388,30,150
135407,49,150
135432,49,150
135534,49,150
135705,30,150
136103,30,150
136293,30,150
136321,49,150
136416,49,150
136432,30,150
136448,49,150
136547,49,150
136746,30,150
137143,49,150
137203,30,150
137287,30,150
137310,30,150
137315,30,150
137468,30,150
137923,49,150
138367,49,150
138602,30,150
138705,30,150
138706,30,150
138965,49,150
139347,30,150
139351,49,150
139371,30,150
139402,93,203
139486,49,150
139576,93,203
139675,30,150
139684,30,150
139879,30,150
140280,30,150
140303,49,150
140775,30,150
140879,30,150
140935,49,150
140945,49,150
141114,5,127
141481,49,150
141815,49,150
141892,49,150
142219,49,150
142304,49,150
142767,93,203
142790,49,150
142928,30,150
143075,30,150
143102,49,150
143127,49,150
143154,919,185
143154,49,150
143201,49,150
143268,49,150
143294,30,150
143419,30,150
143481,49,150
143761,49,150
143860,49,150
143912,30,150
143986,49,150
144080,49,150
144095,49,150
144228,30,150
144300,30,150
144321,49,150
144605,30,150
144649,30,150
144752,30,150
144770,49,150
144795,30,150
144859,30,150
144937,30,150
145012,30,150
145078,49,150
145279,49,150
145470,49,150
145563,49,150
145600,41,150
145626,30,150
145717,49,150
145731,49,150
145908,49,150
145977,30,150
145981,49,150
146023,30,150
146253,49,150
146305,859,174
146338,30,150
146457,30,150
146548,49,150
146809,30,150
146882,49,150
146895,49,150
147048,49,150
147067,30,150
147204,49,150
147769,49,150
148000,30,150
148183,49,150
148526,49,150
148782,10,147
148790,49,150
148932,30,150
149286,924,179
149320,30,150
149532,49,150
149660,10,147
149696,30,150
149766,49,150
149799,30,150
149956,30,150
150301,30,150
150483,49,150
150588,49,150
150736,30,150
150888,49,150
150984,49,150
151057,30,150
151059,49,150
151086,30,150
151246,49,150
151330,49,150
151395,30,150
151481,819,175
151561,10,147
151841,30,150
151921,30,150
151958,49,150
152024,30,150
152635,30,150
152709,49,150
152763,30,150
153038,49,150
153059,49,150
153087,30,150
153200,30,150
153211,49,150
153233,30,150
153344,49,150
153470,30,150
153784,30,150
153874,30,150
154054,30,150
154159,49,150
154162,49,150
154187,30,150
154222,30,150
154410,49,150
154566,10,147
154611,30,150
154626,49,150
154662,49,150
154669,30,150
154686,835,128
154718,4167,375
154762,851,179
154779,30,150
154980,30,150
155007,93,203
155534,49,150
155861,30,150
156088,49,150
156233,49,150
156246,49,150
156712,30,150
156819,919,185
156834,49,150
156878,30,150
157205,49,150
157786,49,150
157959,30,150
158184,30,150
158217,30,150
158484,49,150
158524,49,150
158532,49,150
158702,49,150
158883,49,150
158924,30,150
159403,49,150
159575,49,150
159575,49,150
159683,30,150
159715,49,150
160125,30,150
160289,49,150
160307,49,150
160328,10,147
160440,30,150
160933,30,150
161132,7373,375
161186,49,150
161330,30,150
161392,49,150
161395,49,150
161474,30,150
161490,30,150
161578,49,150
161592,30,150
161661,49,150
161790,49,150
161822,49,150
161856,30,150
161923,30,150
162417,49,150
162663,49,150
162679,30,150
163246,30,150
163855,30,150
163859,30,150
164001,49,150
164027,93,203
164249,30,150
164272,30,150
164580,30,150
164606,49,150
164864,49,150
164899,49,150
164937,30,150
165140,30,150
165159,30,150
165221,49,150
165440,30,150
165452,30,150
165479,30,150
165548,49,150
165568,10,147
165673,30,150
165679,49,150
165835,13,109
166051,30,150
166326,49,150
166380,30,150
166908,49,150
167285,49,150
167617,49,150
167652,30,150
167729,49,150
167794,30,150
167831,49,150
167923,30,150
167929,49,150
168010,49,150
168029,30,150
168137,30,150
168251,49,150
168287,49,150
168592,30,150
168769,10,147
168831,30,150
168916,49,150
169152,83,174
169187,49,150
169414,30,150
169856,93,203
170179,49,150
170396,49,150
170464,49,150
170492,879,185
170606,30,150
170747,49,150
170985,49,150
171454,49,150
171589,30,150
171675,30,150
171722,49,150
171883,49,150
171968,30,150
172205,49,150
172296,49,150
172309,49,150
172329,30,150
172336,30,150
172609,49,150
172692,30,150
172790,10,147
172849,49,150
172923,30,150
173026,30,150
173045,894,177
173068,49,150
173314,30,150
173331,812,177
174045,49,150
174115,30,150
174145,30,150
174572,30,150
174589,49,150
174614,874,187
174642,49,150
174917,49,150
175168,49,150
175182,49,150
175910,1900,375
175976,93,203
175999,49,150
176167,30,150
176345,30,150
176488,49,150
176710,30,150
176758,30,150
177031,49,150
177036,49,150
177154,30,150
177493,30,150
177562,49,150
177646,49,150
178126,49,150
178204,49,150
178366,10,147
178472,49,150
178699,30,150
178737,10,147
178827,30,150
178875,49,150
179070,30,150
179211,30,150
179240,30,150
179327,30,150
179393,30,150
179454,49,150
179608,49,150
179653,49,150
179784,831,178
179851,10,147
180004,30,150
180429,49,150
180542,93,203
180551,49,150
180616,30,150
180691,30,150
180726,30,150
181090,49,150
181171,49,150
181200,49,150
181263,49,150
181425,812,177
181461,49,150
181476,49,150
181654,49,150
181775,49,150
181923,30,150
181924,10,147
182037,49,150
182260,30,150
182294,49,150
182321,812,177
182563,30,150
182577,30,150
182992,49,150
183096,49,150
183160,49,150
183316,30,150
183335,49,150
183381,796,375
184694,49,150
185209,49,150
185391,30,150
185483,30,150
185492,30,150
185638,30,150
185724,30,150
185744,49,150
186687,49,150
186704,10,147
186819,49,150
187149,30,150
187388,49,150
187569,30,150
187655,851,179
188354,93,203
188464,894,177
188661,1900,375
188878,49,150
188919,49,150
188952,30,150
189015,30,150
189265,49,150
189271,49,150
189509,49,150
189586,49,150
189696,30,150
190033,30,150
190056,49,150
190197,49,150
190229,10,147
190254,49,150
190414,49,150
190444,30,150
190835,49,150
190921,49,150
191184,30,150
191459,30,150
191827,924,179
191949,49,150
191955,120,95
192097,30,150
192167,49,150
192191,30,150
192365,30,150
192366,49,150
192369,49,150
192732,30,113
193016,30,150
193098,30,150
193546,49,150
193563,841,176
193807,30,150
193821,49,150
193826,83,174
193876,49,150
193939,49,150
194250,10,147
194289,30,150
194443,879,185
194525,30,150
194774,49,150
194860,30,150
195317,30,150
195403,30,150
195736,30,150
195943,10,147
196132,33,108
196238,30,150
196456,49,150
196845,30,150
197281,49,150
197456,49,150
197648,49,150
197739,30,150
197858,49,150
198485,30,150
198597,49,150
198762,30,150
198902,49,150
199133,49,150
199190,49,150
199423,30,150
199756,49,150
199813,49,150
199828,30,150
199946,30,150
199962,49,150
200217,49,150
200292,874,187
200529,49,150
200857,30,150
200957,49,150
201043,49,150
201137,835,128
201180,30,150
201404,49,150
201502,49,150
201516,30,150
201556,30,150
201611,49,150
201669,30,150
201803,30,150
202053,49,150
202177,7373,375
202324,30,150
202325,49,150
202587,49,150
202591,49,150
202615,30,150
203152,49,150
203210,49,150
203449,30,150
203607,49,150
203697,10,147
203748,30,150
203817,49,150
203888,30,150
204274,49,150
204435,10,147
204537,30,150
205115,93,203
205145,30,150
205225,30,150
205256,49,150
205630,30,150
205868,30,150
206087,49,150
206281,49,150
206442,49,150
206615,30,150
206755,30,150
206825,30,150
207096,30,150
207096,49,150
207136,30,150
207224,30,150
207425,30,150
207464,49,150
207555,49,150
207595,49,150
207629,30,150
207900,49,150
208132,49,150
208141,30,150
208199,49,150
208291,30,150
208475,30,150
208829,30,150
209366,30,150
209563,49,150
209563,49,150
209850,49,150
209875,30,150
210040,30,150
210371,30,150
210511,49,150
210627,49,150
210791,30,150
210841,49,150
210950,30,150
211225,30,150
211277,30,150
211839,49,150
211977,49,150
212045,30,150
212146,30,150
212151,30,150
212365,30,150
212371,49,150
212422,49,150
212425,49,150
212463,83,174
212872,30,150
212936,30,150
213197,30,150
213239,30,150
213499,49,150
213632,30,150
213979,49,150
214155,49,150
214439,49,150
214546,49,150
214714,49,150
215436,49,150
216122,49,150
216526,49,150
216539,30,150
217208,30,150
217283,30,150
217300,49,150
217466,30,150
217565,49,150
217581,49,150
217668,49,150
217726,49,150
217748,49,150
218037,30,150
218118,30,150
218171,93,203
218263,10,147
218495,30,150
218610,30,150
218818,30,150
219140,30,150
219280,49,150
220010,30,150
220439,30,150
220481,30,150
220609,49,150
220807,30,150
220987,49,150
221035,30,150
221064,93,203
221147,93,203
221375,30,150
221546,49,150
221934,49,150
223164,30,150
223181,49,150
223185,30,150
223275,30,150
223327,819,175
223566,49,150
223710,4167,375
223931,49,150
224237,30,150
224381,49,150
224546,49,150
224594,30,150
224746,49,150
225013,49,150
225478,49,150
225582,30,150
225861,49,150
226485,49,150
226669,30,150
226685,30,150
226771,30,150
226825,49,150
226885,30,150
226914,49,150
226936,30,150
227257,30,150
227337,30,150
227494,49,150
227516,30,150
227615,91,203
227641,30,150
227648,30,150
227991,93,203
228017,30,150
228031,49,150
228033,30,150
228112,10,147
228174,49,150
228177,49,150
228217,49,150
228549,49,150
228635,30,150
229116,30,150
229246,49,150
229457,30,150
229492,879,185
229559,49,150
229796,30,150
230209,30,150
230252,49,150
230278,30,150
230405,49,150
230420,30,150
230627,30,150
230642,30,150
230804,30,150
231045,49,150
231340,30,150
231666,30,150
231765,30,150
231807,30,150
232052,30,150
232435,30,150
232527,49,150
232638,49,150
232653,49,150
233124,30,150
233347,49,150
233520,49,150
233622,819,181
233692,511,203
233698,49,150
233778,49,150
233865,49,150
234390,30,150
234464,49,150
234474,30,150
234675,49,150
235072,30,150
235507,30,150
235702,6,147
235910,10,147
236064,30,150
236135,30,150
236661,49,150
236918,49,150
237300,30,150
237533,93,203
237547,49,150
237801,49,150
237859,49,150
237903,49,150
238065,49,150
238326,30,150
238432,30,150
238546,49,150
238621,49,150
238661,30,150
238694,49,150
238778,49,150
238867,10,147
239021,30,150
239179,30,150
239533,49,150
239573,10,147
239601,30,150
239691,49,150
239710,30,150
239785,30,150
239899,30,150
240241,49,150
240363,49,150
240517,49,150
241147,49,150
241164,49,150
241279,49,150
241292,49,150
241559,30,150
241680,30,150
241740,30,150
241788,49,150
241795,49,150
242353,49,150
242469,49,150
242475,49,150
242498,49,150
242635,49,150
242721,30,150
242749,49,150
242858,924,179
243261,93,203
243279,30,150
243289,30,150
243315,30,150
243551,49,150
243927,49,150
243966,49,150
244205,30,150
244431,30,150
244455,49,150
244686,49,150
244697,30,150
244779,49,150
244896,49,150
245267,49,150
245329,49,150
245410,30,150
245510,1900,375
245521,49,150
245809,30,150
245870,30,150
245983,30,150
246061,10,147
246190,93,203
246251,30,150
246303,49,150
246410,30,150
246523,30,150
246823,49,150
246858,49,150
246930,30,150
247781,30,150
247841,49,150
247871,30,150
248241,30,150
248437,49,150
248481,49,150
248667,831,178
248740,30,150
248784,30,150
248885,30,150
249013,819,181
249078,30,150
249138,30,150
249162,30,150
249180,49,150
249725,30,150
250066,30,150
250162,49,150
250187,30,150
250236,30,150
250483,796,375
250569,30,150
250758,30,150
250982,30,150
251163,30,150
251191,30,150
251213,49,150
251223,49,150
251280,120,95
251520,49,150
251662,49,150
251709,10,147
251834,49,150
252076,30,150
252622,30,150
252650,30,150
252661,30,150
252694,30,150
252753,30,150
252982,49,150
253043,49,150
253142,49,150
253263,49,150
253268,30,150
253332,30,150
253449,49,150
253864,30,150
253948,30,150
254068,30,150
254489,30,150
254534,49,150
254780,919,185
255247,30,150
255275,49,150
255463,30,150
255506,49,150
255559,30,150
255754,30,150
255763,49,150
256192,49,150
257088,49,150
257192,49,150
257368,30,150
257380,30,150
257411,30,150
257441,49,150
257651,30,150
258363,30,150
258516,30,150
258595,49,150
258669,49,150
258735,49,150
258766,49,150
259071,30,150
259112,30,150
259334,30,150
259523,49,150
259887,30,150
259916,30,150
259967,49,150
260058,49,150
260071,49,150
260326,30,150
260763,30,150
260846,49,150
260852,93,203
260952,10,147
261347,49,150
261485,30,150
261494,49,150
261579,30,150
261708,30,150
261751,49,150
261774,93,203
261924,30,150
262369,49,150
262627,30,150
262680,49,150
262721,894,177
262740,49,150
262905,30,150
262964,30,150
263038,30,150
263446,49,150
263504,49,150
263523,30,150
263528,49,150
263633,49,150
263635,924,179
263858,30,150
264227,49,150
264259,30,150
264332,49,150
264696,49,150
264828,49,150
264836,30,150
264984,10,147
265193,30,150
265326,30,150
265703,49,150
265956,93,203
266423,30,150
266450,30,150
266544,30,150
266637,30,150
266728,12,104
267306,49,150
267521,93,203
267593,30,150
267659,49,150
267764,49,150
268002,49,150
268348,30,150
268394,30,150
268657,30,150
268691,49,150
268703,49,150
268723,30,150
269330,30,150
269533,30,150
269744,49,150
270201,49,150
270210,49,150
271006,30,150
271032,49,150
271204,831,178
271299,49,150
271501,919,185
271642,30,150
271689,10,147
271733,30,150
272315,819,181
272441,49,150
272933,49,150
273182,30,150
273297,30,150
273329,49,150
273423,859,174
273694,30,150
273753,49,150
273978,49,150
274000,49,150
274054,49,150
274125,49,150
274268,49,150
274311,30,150
274401,49,150
274832,30,150
275203,49,150
275281,10,147
275363,49,150
275546,49,150
275874,49,150
276179,30,150
276581,49,150
276624,49,150
276794,49,150
277230,49,150
277507,49,150
277581,30,150
277628,30,150
277652,841,176
277828,30,150
278000,30,150
278047,30,150
278207,30,150
278228,49,150
278882,30,150
279101,30,150
279329,49,150
279413,30,150
279496,30,150
279830,30,150
280280,49,150
280406,30,150
280462,49,150
280568,10,147
280803,30,150
280804,30,150
281211,30,150
281267,49,150
281295,49,150
281698,10,147
281884,30,150
282008,49,150
282196,10,147
282541,49,150
282869,30,150
282879,49,150
282926,93,203
283287,30,150
283414,30,150
283532,30,150
283647,30,150
283704,49,150
283712,49,150
283992,49,150
284501,49,150
284814,7373,375
284858,49,150
284920,49,150
285131,6,147
285226,49,150
285457,49,150
285648,30,150
285827,49,150
286021,93,203
286064,30,150
286280,49,150
286307,49,150
286435,30,150
286592,4167,375
286659,30,150
286940,49,150
287117,30,150
287160,49,150
287277,49,150
287282,49,150
287355,49,150
287642,49,150
287909,30,150
288011,49,150
288034,30,150
288218,49,150
288230,30,150
288282,10,147
288414,30,150
288414,30,150
288480,49,150
288798,30,150
289410,49,150
289432,30,150
289491,49,150
289527,30,150
289746,49,150
289851,30,150
289913,30,150
289946,30,150
289977,30,150
290468,30,150
290475,49,150
290646,49,150
290669,30,150
290702,30,150
290949,49,150
291139,30,150
291326,49,150
291434,49,150
291561,30,150
291725,49,150
291972,83,174
292348,49,150
292525,30,150
292556,49,150
292634,30,150
292876,30,150
293004,49,150
293787,49,150
294348,49,150
294371,841,176
294853,16,91
294977,49,150
295275,49,150
295455,49,150
295623,30,150
295717,30,150
295788,30,150
295828,30,150
295924,49,150
295959,10,147
296274,49,150
296317,30,150
296318,30,150
296796,49,150
296936,30,150
297015,835,128
297080,30,150
297415,49,150
297568,30,150
297630,49,150
298135,30,150
298201,49,150
298330,120,203
298478,49,150
298537,49,150
299102,30,150
299519,30,150
299682,30,150
299691,10,147
299770,30,150
299979,49,150
300070,30,150
300278,49,150
300408,49,150
300467,49,150
300788,30,150
300864,93,203
300926,49,150
300953,30,150
301011,49,150
301290,30,150
301356,49,150
301378,30,150
301567,30,150
301575,49,150
301642,49,150
301665,49,150
301736,49,150
302120,30,150
302381,49,150
302382,49,150
302463,30,150
303190,864,185
303202,49,150
303320,49,150
303401,49,150
303499,30,150
303558,49,150
303586,30,150
303825,49,150
304226,93,203
304363,30,150
304927,30,150
304935,49,150
304943,49,150
304962,49,150
304993,49,150
304994,49,150
305308,49,150
305616,49,150
305742,93,203
306202,49,150
306701,49,150
306777,861,178
307084,30,150
307246,49,150
307635,120,95
307750,49,150
307752,49,150
307898,30,150
308008,30,150
308141,652,178
308154,10,147
308200,49,150
308215,30,150
308637,93,203
308840,30,150
308974,49,150
309384,49,150
309539,49,150
309581,30,150
309912,49,150
309975,30,150
310088,30,150
310355,30,150
310396,30,150
310444,49,150
310822,49,150
310856,49,150
310970,30,150
310983,49,150
311082,3,125
311083,49,150
311176,49,150
311211,30,150
311564,49,150
311599,30,150
311690,30,150
311885,30,150
311933,26031,148
311944,30,150
311955,49,150
312011,30,150
312036,49,150
312085,30,150
312192,49,150
312252,49,150
312299,6,147
312471,30,150
312650,49,150
312834,49,150
313362,30,150
313481,677,176
313486,49,150
313555,30,150
313746,30,150
313763,49,150
313836,894,177
314002,1900,375
314146,49,150
314204,30,150
314263,30,150
314331,30,150
314369,30,150
314402,859,174
314414,172,147
314573,30,150
314577,49,150
314722,30,150
315344,49,150
315436,30,150
315465,30,150
315641,30,150
315693,93,203
315855,30,150
315917,30,150
316070,30,150
316183,49,150
316352,30,150
316485,49,150
316576,879,185
316663,49,150
316667,30,150
317071,49,150
317087,49,150
317304,49,150
317322,49,150
317487,10,147
317528,30,150
317554,49,150
317761,10,147
317791,30,150
317896,30,150
317930,10,147
317938,30,150
317978,30,150
318517,30,150
318520,30,150
318741,49,150
318900,30,150
318915,30,150
318934,30,150
318938,49,150
319306,49,150
319582,49,150
319792,49,150
320199,30,150
320263,10,147
320275,49,150
320431,30,150
320545,30,150
320631,93,203
320665,93,203
320735,49,150
320739,30,150
320741,30,150
320998,628,177
321057,30,150
321203,10,147
321447,49,150
321536,30,150
321802,49,150
321850,30,150
321892,49,150
321953,30,150
322006,30,150
322198,30,150
322453,49,150
322475,30,150
322496,49,150
322926,30,150
323064,49,150
323166,30,150
323415,30,150
323492,30,150
323585,49,150
323587,30,150
323669,49,150
324225,827,179
324332,30,150
324525,49,150
324537,30,150
324661,49,150
324749,30,150
324849,30,150
324998,30,150
325307,49,150
325403,30,150
325485,49,150
325671,30,150
325727,30,150
325861,852,181
326437,30,150
326464,30,150
326534,30,150
326571,49,150
326700,30,150
326805,30,150
327000,30,150
327278,30,150
327345,49,150
327734,49,150
327759,18180,148
327975,30,150
328009,49,150
328159,49,150
328206,30,150
328323,30,150
328440,30,150
328469,30,150
328583,49,150
328618,49,150
328625,49,150
328728,49,150
328893,30,150
328908,30,150
328991,30,150
329077,10,147
329217,4167,375
329444,49,150
329447,49,150
329602,49,150
329897,812,177
330111,30,150
330174,49,150
330228,49,150
330321,30,150
330371,49,150
330424,30,150
330452,30,150
330545,870,175
330614,49,150
331119,49,150
331323,7373,375
331443,30,150
331477,49,150
331490,49,150
332256,30,150
332403,30,150
332411,49,150
332476,49,150
332740,30,150
332775,30,150
333181,49,150
333233,49,150
333408,49,150
333558,49,150
333705,30,150
333824,30,150
333852,49,150
333884,49,150
333905,30,150
334445,30,150
334649,49,150
334746,49,150
334822,49,150
334875,49,150
334882,49,150
335377,49,150
336091,30,150
336136,49,150
336168,10,147
336328,120,95
336368,851,179
336550,30,150
336589,49,150
336656,49,150
336822,30,150
336932,30,150
337370,30,150
337446,30,150
337458,30,150
337535,49,150
337712,49,150
337926,30,150
338602,49,150
338820,30,150
339094,30,150
339427,49,150
339688,49,150
339737,30,150
339816,30,150
339945,113,127
340098,49,150
340152,49,150
340197,30,150
340238,49,150
340263,796,375
341184,49,150
341221,874,187
341316,49,150
341574,49,150
341635,49,150
341781,833,177
341798,697,187
341855,30,150
341891,30,150
341895,49,150
341985,49,150
342334,30,150
342526,30,150
342560,30,150
342630,30,150
342655,812,177
342959,30,150
343006,835,128
343136,859,174
343239,49,150
343251,49,150
343451,49,150
343487,10,147
343611,30,150
343735,49,150
343766,49,150
343791,829,179
343811,49,150
343860,30,150
343993,49,150
344234,819,175
344467,49,150
344534,30,150
344555,49,150
345214,49,150
345237,30,150
345414,30,150
345774,30,150
345974,30,150
346045,49,150
346165,30,150
346299,30,150
346375,30,150
346390,30,150
346405,49,150
346460,30,150
346639,49,150
346732,19137,148
346974,10,147
347348,49,150
347483,49,150
347714,30,150
347987,49,150
348221,49,150
348246,49,150
348327,30,150
348671,49,150
348786,950,174
348840,30,150
348867,49,150
348875,49,150
348889,49,150
349047,30,150
349087,30,150
349247,30,150
349318,49,150
349357,49,150
349395,30,150
349645,30,150
349667,49,150
349983,30,150
350062,30,150
350160,49,150
350170,30,150
350194,30,150
350440,49,150
350632,49,150
350711,10,147
350778,49,150
351115,49,150
351384,49,150
351404,49,150
351419,49,150
351474,49,150
351644,30,150
351918,30,150
351919,30,150
351957,49,150
351991,30,150
352099,49,150
352180,49,150
352272,49,150
352327,30,150
352907,30,150
352939,243,203
352973,30,150
353245,49,150
353298,30,150
353334,30,150
353786,7373,375
353805,30,150
353894,49,150
353936,10,147
354453,49,150
354501,30,150
354515,49,150
354558,30,150
354834,49,150
355323,30,150
355343,49,150
355404,30,150
355533,143,121
355719,30,150
355773,30,150
355811,49,150
356230,30,150
356890,30,150
357094,49,150
357382,30,150
357431,30,150
357533,30,150
357622,93,203
357848,877,185
357986,30,150
358315,49,150
358627,41,150
358847,49,150
359355,49,150
359987,30,150
360027,49,150
360052,49,150
360169,30,150
360340,30,150
360388,49,150
360536,30,150
360561,1900,375
360798,30,150
361002,30,150
361098,30,150
361140,30,150
361548,49,150
361938,30,150
362313,30,150
362527,30,150
362622,30,150
362643,819,175
362676,30,150
362708,49,150
362875,6,147
362910,30,150
362951,819,175
363048,49,150
363603,30,150
363614,49,150
363761,49,150
363860,93,203
364190,30,150
364195,49,150
364546,30,150
364551,93,203
364696,49,150
364899,30,150
364907,30,150
364969,49,150
365252,30,150
365623,49,150
365780,30,150
365895,30,150
365949,49,150
366302,10,147
366401,30,150
366577,30,150
366792,30,150
366890,49,150
366930,30,150
367148,924,179
367177,49,150
367542,10,147
367614,30,150
367962,49,150
367995,49,150
368017,93,203
368244,49,150
368585,30,150
368996,49,150
369125,30,150
369162,49,150
369251,30,150
369252,49,150
369357,49,150
369463,49,150
369626,30,150
369866,49,150
369902,30,150
369971,30,150
370011,49,150
370188,30,150
370257,30,150
370301,30,150
370526,30,150
370636,49,150
370840,30,150
370936,30,150
371295,30,150
371540,30,150
371613,49,150
371815,49,150
371887,49,150
371889,30,150
372080,30,150
372113,49,150
372149,30,150
372254,93,203
372411,30,150
372539,49,150
372549,49,150
372886,30,150
373133,49,150
373137,30,150
373467,30,150
373499,30,150
373689,49,150
373968,30,150
374109,49,150
374195,49,150
374947,49,150
374969,49,150
375316,30,150
375556,30,150
375718,835,128
375934,30,150
376843,49,150
376860,4167,375
377244,30,150
377348,49,150
377736,30,150
377882,30,150
377891,30,150
378250,49,150
378363,49,150
378502,30,150
378532,30,150
378552,30,150
378565,10,147
378692,49,150
378725,49,150
378952,49,150
379007,10,147
379543,49,150
379557,30,150
379828,30,150
379878,49,150
380064,258,203
380183,49,150
380556,30,150
381048,30,150
381129,49,150
381341,30,150
381362,30,150
381648,49,150
381720,30,150
381787,819,181
382041,30,150
382216,30,150
382244,30,150
382292,49,150
382315,49,150
382319,30,150
382506,30,150
382531,30,150
382531,49,150
382564,30,150
382974,30,150
383023,49,150
383078,30,150
383085,30,150
383944,874,187
383998,30,150
384127,49,150
384215,49,150
384339,49,150
384521,49,150
384618,49,150
384619,30,150
385280,924,179
385509,49,150
386004,30,150
386093,919,185
386375,30,150
386632,30,150
386673,30,150
386831,30,150
386905,49,150
387019,30,150
387042,49,150
387112,49,150
387452,49,150
387485,851,179
387783,49,150
387799,49,150
387813,93,203
387959,49,150
388333,30,150
388421,49,150
388483,49,150
388485,894,177
388493,10,147
389103,30,150
389166,49,150
389167,49,150
389228,30,150
389417,49,150
389493,30,150
389781,93,203
389833,30,150
389859,49,150
390180,93,203
390214,30,150
390290,30,150
390293,49,150
390385,30,150
390557,10,147
390610,30,150
390690,30,150
390876,49,150
390924,49,150
391021,30,150
391057,30,150
391402,30,150
391454,10,147
391498,879,185
392025,30,150
392272,49,150
392593,30,150
392728,49,150
392854,49,150
393040,49,150
393104,10,147
393453,851,179
393454,49,150
393552,10,147
393618,49,150
393633,30,150
393691,49,150
393721,49,150
393749,49,150
393829,49,150
393955,49,150
393998,874,187
394804,49,150
395130,49,150
395243,49,150
395255,30,150
395335,30,150
395488,49,150
395498,30,150
395523,49,150
395813,14,113
395961,30,150
396244,49,150
396494,10,147
397251,30,150
397541,49,150
397544,49,150
397744,30,150
398088,30,150
398132,30,150
398336,49,150
398501,49,150
398847,30,150
398911,49,150
399103,30,150
399703,30,150
399814,49,150
399932,30,150
400072,30,150
400317,49,150
400649,49,150
400826,49,150
400910,30,150
401013,49,150
401291,30,150
401725,30,150
401830,49,150
402038,30,150
402132,30,150
402252,49,150
402338,30,150
402748,49,150
402810,819,181
402940,49,150
403010,30,150
403056,30,150
403218,30,150
403277,49,150
403701,49,150
403737,30,150
403775,49,150
403829,49,150
404052,49,150
404064,49,150
404332,30,150
404345,30,150
404376,49,150
404680,49,150
404831,49,150
404908,11,106
405499,30,150
405573,49,150
405980,93,203
405981,30,150
406433,30,150
406519,49,150
407295,30,150
407309,30,150
407662,30,150
408494,30,150
408827,49,150
409122,49,150
409257,49,150
409258,49,150
409517,49,150
409645,49,150
409924,30,150
410193,49,150
410360,30,150
410466,796,375
410518,49,150
410918,49,150
410923,30,150
411808,49,150
412181,49,150
412366,30,150
412388,30,150
412406,30,150
412472,30,150
412659,49,150
412733,30,150
413052,49,150
413084,30,150
413185,49,150
413202,30,150
413239,30,150
413315,49,150
413411,10,147
413499,30,150
413552,30,150
413557,30,150
413916,30,150
413957,49,150
414517,49,150
414539,30,150
414700,30,150
414757,49,150
415115,49,150
415220,831,178
415301,49,150
415324,10,147
415373,49,150
415374,49,150
415719,49,150
415849,30,150
416003,49,150
416172,49,150
416242,49,150
416476,49,150
416560,30,150
416607,49,150
416794,30,150
417056,30,150
417102,49,150
417427,30,150
417599,49,150
417641,49,150
417900,49,150
418005,49,150
418355,841,176
418406,49,150
418861,30,150
418867,49,150
418988,49,150
419361,30,150
419391,49,150
419419,49,150
419519,30,150
419688,49,150
420355,49,150
420381,49,150
420402,49,150
420816,49,150
421218,30,150
421302,10,147
421318,30,150
421733,49,150
421834,30,150
422076,49,150
422384,49,150
422443,49,150
422443,49,150
422576,30,150
422679,30,150
422814,49,150
422969,49,150
423178,49,150
423283,49,150
423586,10,147
424127,49,150
424203,30,150
424400,30,150
424769,49,150
425061,30,150
425136,49,150
425187,49,150
425269,49,150
425401,49,150
425638,30,150
425928,30,150
425931,30,150
426282,49,150
426297,4167,375
426395,30,150
426460,49,150
426926,30,150
427028,49,150
427034,30,150
427041,49,150
427078,30,150
427091,10,147
427202,49,150
427241,49,150
427406,30,150
427453,30,150
427648,30,150
427689,30,150
428291,49,150
428514,30,150
428850,49,150
428928,49,150
429009,30,150
429036,30,150
429063,49,150
429111,30,150
429213,796,375
429988,49,150
430135,10,147
430556,49,150
430644,30,150
431073,49,150
431318,30,150
431364,49,150
431398,10,147
431421,30,150
432013,30,150
432482,30,150
432798,49,150
433030,49,150
433080,30,150
433108,30,150
433169,49,150
433278,49,150
433347,49,150
433592,919,185
433829,49,150
434322,30,150
434683,93,203
434816,49,150
434938,30,150
434967,49,150
435241,30,150
435673,49,150
436331,49,150
436431,30,150
436967,30,150
437610,30,150
437630,93,203
438176,30,150
438219,49,150
438277,49,150
439993,30,150
440211,30,150
440589,30,150
441101,49,150
441136,49,150
441147,49,150
441202,30,150
441474,49,150
441519,10,147
441712,30,150
442131,49,150
442316,841,176
442321,49,150
442422,30,150
442477,30,150
443513,49,150
443568,49,150
443754,49,150
443899,30,150
443926,30,150
444053,30,150
444056,30,150
444325,49,150
444778,835,128
444832,10,147
444847,49,150
445357,30,150
445469,49,150
445716,49,150
445924,30,150
445947,49,150
446028,30,150
446258,49,150
446308,49,150
446427,30,150
446653,30,150
446698,30,150
446996,10,147
447298,1900,375
447488,30,150
447538,30,150
447655,49,150
447705,49,150
447810,49,150
447971,49,150
448049,10,147
448162,93,203
448443,30,150
448646,6,147
448669,49,150
448992,49,150
449043,30,150
449579,30,150
449795,49,150
449981,30,150
450077,49,150
450251,30,150
450652,49,150
450669,30,150
450882,49,150
450934,7373,375
450955,30,150
450958,30,150
451358,49,150
451795,56,203
451954,30,150
452094,30,150
452097,49,150
452383,651,137
452460,49,150
452473,30,150
452620,93,203
452898,30,150
453674,10,147
454173,49,150
454174,49,150
454185,30,150
454381,49,150
455024,30,150
455048,30,150
455263,812,177
455696,93,203
456028,49,150
456059,30,150
456089,30,150
456238,30,150
456271,49,150
456295,30,150
456302,30,150
456564,30,150
456584,30,150
456767,30,150
456801,30,150
456908,49,150
456998,30,150
457163,49,150
457318,49,150
457321,30,150
457444,30,150
457554,49,150
457814,49,150
457842,49,150
458117,30,150
458389,30,150
458426,49,150
458462,49,150
458558,49,150
458627,30,150
458811,49,150
459361,30,150
459559,30,150
460026,30,150
460146,30,150
460185,30,150
460520,49,150
460577,49,150
460703,30,150
460843,49,150
461353,13,109
461535,49,150
461794,859,174
462237,49,150
462405,30,150
462471,30,150
462542,93,203
462653,30,150
462660,30,150
462674,49,150
463099,30,150
463239,30,150
463847,30,150
464093,30,150
464207,49,150
464423,49,150
465076,49,150
465527,30,150
465612,30,150
465671,30,150
466144,30,150
466787,30,150
466850,30,150
466860,49,150
467270,30,150
467296,49,150
467475,49,150
467782,49,150
467829,93,203
468031,49,150
468171,30,150
468218,30,150
468605,30,150
468703,30,150
468726,49,150
468760,30,150
468809,30,150
469079,49,150
469088,49,150
469231,120,95
469531,30,150
469553,30,150
469603,49,150
469666,30,150
469988,49,150
470013,10,147
470250,49,150
470262,49,150
470451,30,150
470648,49,150
470743,30,150
470867,30,150
470957,49,150
471113,93,203
471234,30,150
471467,49,150
471630,30,150
471778,49,150
471884,30,150
472238,49,150
472493,49,150
472537,879,185
472699,30,150
472771,49,150
472783,831,178
472924,49,150
472982,49,150
473001,49,150
473025,49,150
473040,49,150
473050,49,150
473233,49,150
473361,30,150
473438,30,150
473444,49,150
473580,49,150
473581,30,150
473604,5,127
473811,30,150
474084,49,150
474206,49,150
474296,49,150
474642,49,150
474754,30,150
474755,49,150
474914,49,150
475178,30,150
475454,49,150
475534,30,150
475887,30,150
475898,30,150
476061,30,150
476556,30,150
476594,49,150
476928,30,150
477665,49,150
478186,30,150
478426,49,150
478685,49,150
478724,49,150
478783,30,150
478961,30,150
479349,49,150
479416,49,150
479419,10,147
479790,30,150
479812,30,150
479852,30,150
479881,49,150
479950,30,150
479989,894,177
480015,93,203
480163,49,150
480330,30,150
480398,49,150
480512,120,95
480547,49,150
480644,49,150
481279,30,150
481373,30,150
481384,49,150
481524,30,150
481533,10,147
481620,30,150
481970,30,150
482557,49,150
482885,49,150
482904,30,150
482974,93,203
483090,30,150
483199,49,150
483241,49,150
483378,30,150
483476,49,150
483749,49,150
483949,831,178
483972,30,150
484008,49,150
484268,30,150
485163,30,150
485767,30,150
485866,49,150
486363,835,128
486970,30,150
487488,30,150
487707,30,150
488010,49,150
488574,30,150
488860,49,150
488905,49,150
489449,30,150
489464,30,150
489766,30,150
489802,49,150
489952,30,150
491102,10,147
491191,49,150
491625,49,150
491958,49,150
492015,30,150
492238,30,150
492264,30,150
492306,30,150
492375,49,150
492553,49,150
492633,30,150
493139,30,150
493190,30,150
493270,30,150
493615,30,150
494073,49,150
494343,49,150
494452,49,150
495130,49,150
495165,30,150
495249,49,150
495401,49,150
495448,49,150
495448,10,147
495465,30,150
495524,879,185
495526,30,150
495568,49,150
495614,30,150
496407,49,150
496453,30,150
496519,30,150
496571,49,150
496928,30,150
497087,30,150
497255,49,150
497305,49,150
497842,819,175
498307,30,150
498539,49,150
498584,812,177
498619,10,147
498634,10,147
498731,30,150
498772,30,150
498792,30,150
498796,49,150
498843,30,150
498912,30,150
499057,30,150
499587,7373,375
499617,30,150
500024,30,150
500061,30,150
500259,49,150
500671,49,150
500790,30,150
500802,30,150
501206,30,150
501919,49,150
502017,49,150
502148,30,150
502638,30,150
503065,49,150
503170,49,150
503471,49,150
503483,49,150
503705,49,150
503875,49,150
503907,49,150
503979,49,150
504093,30,150
504166,49,150
504242,93,203
504422,49,150
504559,49,150
504737,831,178
504811,30,150
504894,30,150
505030,49,150
505035,30,150
505076,30,150
505232,49,150
505314,30,150
505330,30,150
505481,49,150
505615,49,150
505791,10,147
506109,30,150
506150,49,150
506678,30,150
506918,49,150
507344,49,150
507397,30,150
507454,30,150
507904,49,150
507949,93,203
507999,30,150
508116,30,150
508169,49,150
508304,49,150
508394,30,150
508624,30,150
508780,30,150
508852,30,150
509063,30,150
509076,30,150
509081,30,150
509445,49,150
509581,49,150
509951,30,150
510194,30,150
510533,49,150
510564,49,150
510671,30,150
511021,49,150
511044,851,179
511392,49,150
511620,49,150
511683,30,150
511736,30,150
511743,49,150
511903,30,150
511918,49,150
511961,30,150
512063,30,150
512158,49,150
512209,30,150
512373,49,150
512597,49,150
512623,91,203
512743,49,150
512759,30,150
512821,49,150
512827,93,203
513042,49,150
513074,49,150
513297,49,150
513441,49,150
513633,49,150
513877,49,150
513879,49,150
514064,49,150
514402,49,150
514463,49,150
514468,6,147
514573,49,150
514790,49,150
515195,49,150
515270,30,150
515343,874,187
515384,30,150
515399,30,150
515450,30,150
515760,30,150
515840,49,150
516195,30,150
516211,10,147
516364,49,150
516369,49,150
516614,819,181
516685,93,203
516721,49,150
516765,49,150
517490,30,150
517524,30,150
517788,49,150
517818,49,150
517911,30,150
518138,30,150
518667,30,150
518777,49,150
519003,49,150
519043,30,150
519055,30,150
519296,30,150
519380,30,150
519399,49,150
519452,796,375
519718,49,150
519758,49,150
519842,30,150
519933,30,150
519937,93,203
520100,859,174
520131,30,113
520142,49,150
520438,30,150
520989,30,150
521553,30,150
521589,30,150
521616,812,177
521651,49,150
522247,30,150
522433,49,150
522444,30,150
522867,819,175
523090,30,150
523206,49,150
523667,30,150
523723,49,150
523792,49,150
523842,30,150
523883,30,150
523886,49,150
524273,49,150
524328,30,150
524420,49,150
524457,1900,375
524585,49,150
524606,49,150
524647,49,150
524690,49,150
524804,30,150
525189,30,150
525194,30,150
525216,30,150
525669,30,150
525729,30,150
525924,30,150
526101,30,150
526348,30,150
526354,49,150
526426,93,203
526503,30,150
527611,10,147
527718,4167,375
527977,49,150
527991,30,150
528051,49,150
528186,919,185
528383,49,150
528452,49,150
528861,924,179
528877,30,150
529148,30,150
529175,49,150
529245,30,150
529357,49,150
529622,49,150
529948,49,150
529958,49,150
529995,30,150
530219,924,179
530285,49,150
530437,49,150
530492,49,150
530523,49,150
530970,30,150
530999,49,150
531025,30,150
531708,30,150
531883,30,150
532045,894,177
532150,49,150
532265,49,150
532424,49,150
532554,819,181
532871,30,150
533139,30,150
533213,30,150
533594,30,150
533786,49,150
533903,49,150
534331,30,150
534377,49,150
534395,30,150
534647,10,147
534651,30,150
535161,30,150
535550,49,150
535712,49,150
535729,841,176
535732,30,150
535854,30,150
535855,30,150
535954,49,150
536078,30,150
536449,30,150
536691,49,150
536731,49,150
536765,49,150
536788,30,150
536941,841,176
536967,49,150
537121,49,150
537713,30,150
537776,10,147
537798,10,147
537965,49,150
538097,30,150
538197,49,150
538620,49,150
538673,30,150
538701,30,150
538825,49,150
538858,30,150
538867,49,150
538939,49,150
539112,10,147
539269,30,150
539336,30,150
539568,49,150
539642,33,108
539906,49,150
539978,49,150
540185,4167,375
541025,49,150
541248,49,150
541269,49,150
541374,49,150
541422,30,150
541440,30,150
541624,49,150
541793,30,150
541956,30,150
541992,30,150
542004,49,150
542014,49,150
542075,49,150
542201,30,150
542408,30,150
542412,49,150
542778,30,150
542831,864,185
542997,93,203
543180,49,150
543246,30,150
543357,49,150
543391,49,150
543748,49,150
543865,30,150
543900,49,150
543934,10,147
544062,30,150
544293,49,150
544317,30,150
544868,30,150
544928,49,150
545332,7373,375
545388,49,150
545585,30,150
545983,30,150
546054,93,203
546385,49,150
546463,49,150
546539,30,150
546549,30,150
546851,30,150
546929,49,150
547058,49,150
547080,49,150
547125,49,150
547196,30,150
547286,49,150
547909,30,150
548019,10,147
548238,49,150
548540,49,150
548680,30,150
548693,30,150
548717,30,150
549144,30,150
549324,30,150
549441,49,150
549713,30,150
549737,49,150
549942,49,150
550437,30,150
550522,30,150
550754,49,150
550998,30,150
551117,30,150
551512,30,150
551554,49,150
551767,30,150
552485,30,150
552568,30,150
552869,49,150
552906,30,150
553065,30,150
553135,10,147
553505,49,150
553783,49,150
553911,30,150
553935,49,150
554156,49,150
554170,30,150
554236,49,150
554257,49,150
554302,30,150
554753,30,150
554897,30,150
554925,30,150
555147,30,150
555373,894,177
555765,49,150
556242,49,150
556485,49,150
556552,49,150
556565,49,150
556666,49,150
556757,30,150
557027,10,147
557199,49,150
557241,49,150
557244,49,150
557337,30,150
557399,30,150
557417,49,150
557931,49,150
558019,30,150
558040,30,150
558160,49,150
558428,30,150
558477,30,150
558531,49,150
558583,49,150
558610,49,150
558644,16,91
558751,30,150
558822,30,150
558847,30,150
558889,30,150
558910,819,181
558966,30,150
559014,49,150
559170,30,150
559187,49,150
559489,49,150
559636,49,150
559755,30,150
559881,10,147
560429,30,150
560577,49,150
560658,894,177
560686,49,150
560792,49,150
560847,30,150
560964,49,150
561003,49,150
561320,49,150
561731,30,150
562045,30,150
562081,49,150
562228,49,150
562274,30,150
562630,49,150
563395,30,150
563475,30,150
563528,30,150
563563,49,150
563788,49,150
563887,30,150
564157,49,150
564493,49,150
564655,30,150
564946,49,150
565115,49,150
565445,49,150
565551,30,150
565697,49,150
565795,49,150
565961,10,147
566087,30,150
566386,49,150
566486,49,150
566559,49,150
566993,49,150
567092,49,150
567191,30,150
567247,30,150
567485,49,150
567608,120,95
567681,30,150
567859,49,150
568055,30,150
568119,30,150
568172,30,150
568386,30,150
568423,30,150
568437,49,150
568919,49,150
569081,30,150
569244,859,174
569420,49,150
569533,30,150
569534,49,150
569549,30,150
569627,919,185
569763,49,150
569790,30,150
569830,30,150
570041,49,150
570335,49,150
570343,30,150
570432,49,150
570554,30,150
570869,49,150
570946,49,150
571452,49,150
571815,30,150
571914,49,150
572231,120,203
572724,30,150
573465,30,150
573497,49,150
573523,49,150
573568,49,150
573623,30,150
573691,49,150
573706,49,150
573822,30,150
573839,30,150
574165,49,150
574177,49,150
574542,49,150
574679,49,150
574810,49,150
574817,49,150
574989,30,150
575094,30,150
575434,49,150
575889,30,150
576192,49,150
576248,93,203
576662,49,150
576706,30,150
576770,49,150
576840,49,150
577161,10,147
577237,49,150
577264,796,375
577323,49,150
577465,30,150
577702,30,150
577784,6,147
578029,30,150
578164,49,150
578202,49,150
578325,30,150
578336,10,147
578718,30,150
579123,30,150
579329,30,150
579651,49,150
579846,30,150
579918,49,150
580401,49,150
580637,49,150
580688,30,150
580719,10,147
580795,49,150
580899,30,150
581108,49,150
581165,30,150
581526,49,150
581635,30,150
581744,30,150
582033,30,150
582324,49,150
582348,30,150
582540,30,150
582715,30,150
582781,30,150
582852,10,147
583015,49,150
583216,30,150
583256,30,150
583733,30,150
583785,30,150
583906,10,147
584151,49,150
584226,49,150
584229,30,150
584241,49,150
584352,49,150
584399,12,104
584485,30,150
584557,30,150
584567,950,174
585033,49,150
585165,30,150
585289,49,150
585327,30,150
585601,49,150
585646,49,150
585894,835,128
585963,10,147
586012,49,150
586377,30,150
586469,30,150
586552,96,203
586564,49,150
586857,30,150
586889,49,150
586909,30,150
586915,30,150
587044,874,187
587094,49,150
587156,30,150
587237,49,150
587247,49,150
587451,30,150
587489,30,150
587494,49,150
587550,30,150
587564,93,203
587657,49,150
587687,49,150
587838,49,150
587906,49,150
588438,30,150
588546,49,150
588644,49,150
589306,49,150
589362,49,150
589376,30,150
589762,30,150
589809,49,150
589846,30,150
590550,49,150
590616,851,179
590690,49,150
590699,30,150
590735,49,150
590793,49,150
590947,30,150
590950,30,150
592263,93,203
592500,30,150
592566,879,185
592810,49,150
592916,93,203
593009,49,150
593020,30,150
593144,30,150
593186,30,150
593200,7373,375
593241,93,203
593298,30,150
593690,49,150
593760,30,150
593878,30,150
594239,30,150
594350,49,150
594883,93,203
595373,30,150
595457,30,150
595494,49,150
595494,1900,375
595609,30,150
595620,49,150
596528,30,150
596606,30,150
596711,30,150
596998,49,150
597067,30,150
597231,30,150
597311,30,150
597353,49,150
597606,30,150
597800,30,150
597920,30,150
597931,30,150
598171,30,150
598248,49,150
598258,49,150
598264,30,150
598294,49,150
598352,49,150
598483,30,150
598563,30,150
598602,49,150
598684,30,150
599046,30,150
599164,30,150
599621,49,150
600107,30,150
600299,49,150
600444,49,150
600504,10,147
600545,30,150
600699,93,203
600785,49,150
601400,827,179
601511,49,150
602010,30,150
602796,49,150
602835,30,150
602981,49,150
603029,919,185
603693,49,150
604881,30,150
605258,49,150
605420,49,150
605751,30,150
605832,10,147
605938,30,150
606049,49,150
606393,49,150
606561,49,150
606773,49,150
606794,829,179
607115,49,150
607164,243,203
607311,30,150
607397,49,150
607430,30,150
607547,30,150
607785,30,150
608250,30,150
608403,30,150
608428,30,150
608589,30,150
609079,851,179
609261,30,150
609284,10,147
609315,49,150
609892,49,150
609924,30,150
610006,30,150
610120,49,150
610148,49,150
610694,30,150
610871,93,203
610913,49,150
611257,30,150
611323,30,150
611667,30,150
611719,30,150
611742,49,150
611887,30,150
612118,49,150
612225,49,150
612393,30,150
612413,30,150
612675,49,150
612868,677,176
612959,30,150
612984,113,127
613049,30,150
613334,49,150
613406,49,150
613633,30,150
613717,49,150
613806,879,185
614285,30,150
614458,30,150
614625,30,150
614743,49,150
614812,861,178
615250,49,150
615299,49,150
615575,49,150
615625,30,150
615648,49,150
615832,30,150
615993,30,150
616038,49,150
616083,49,150
616143,49,150
616153,49,150
616167,30,150
616306,49,150
616378,30,150
616662,30,150
616871,30,150
617012,30,150
617061,30,150
617110,49,150
617391,6,147
617658,49,150
617686,10,147
617727,30,150
618141,30,150
618324,30,150
618502,49,150
618825,49,150
618932,49,150
619300,30,150
619648,49,150
619880,49,150
619926,30,150
620076,30,150
620136,30,150
620843,30,150
620869,30,150
620946,49,150
621077,49,150
621239,30,150
621330,30,150
621540,924,179
621746,49,150
621796,49,150
621908,30,150
622146,919,185
622192,10,147
622554,30,150
622686,49,150
622803,30,150
622962,49,150
623641,49,150
623677,49,150
623836,49,150
624019,877,185
624032,49,150
624038,10,147
624418,3,125
624640,30,150
624684,30,150
624801,30,150
624848,30,150
624888,49,150
624941,30,150
625096,697,187
625148,796,375
625164,870,175
625269,833,177
625466,30,150
625557,49,150
625665,49,150
625739,652,178
625745,49,150
625942,30,150
626232,49,150
626323,49,150
626333,18180,148
626421,30,150
626548,49,150
626849,49,150
626889,30,150
626912,49,150
627001,49,150
627066,49,150
627150,49,150
627437,30,150
627776,30,150
627799,30,150
628287,10,147
628511,30,150
628533,30,150
628618,49,150
628687,30,150
628746,49,150
628803,30,150
628815,30,150
628889,30,150
629139,30,150
629150,49,150
629251,30,150
629259,49,150
629312,874,187
629403,93,203
630366,49,150
630558,30,150
630779,30,150
630896,831,178
631023,49,150
631050,30,150
631312,30,150
631535,30,150
631563,30,150
631570,30,150
631843,30,150
631999,49,150
632080,49,150
632168,49,150
632182,30,150
632207,49,150
632754,49,150
632767,30,150
632972,49,150
633213,49,150
633421,49,150
633523,49,150
633658,49,150
633918,30,150
634108,49,150
634194,49,150
634442,10,147
634629,49,150
635345,859,174
635463,10,147
635967,30,150
635976,49,150
636092,49,150
636251,30,150
636261,841,176
636890,30,150
636970,93,203
636999,143,121
637375,49,150
637626,30,150
638107,30,150
638302,49,150
638368,49,150
638433,49,150
638441,49,150
638472,49,150
638562,49,150
638899,49,150
638957,49,150
639060,4167,375
639336,49,150
639391,30,150
639408,49,150
639590,30,150
639612,49,150
639880,49,150
640380,30,150
640423,49,150
640597,30,150
640653,30,150
640863,49,150
640933,30,150
641088,49,150
641173,30,150
641218,49,150
641401,30,150
641765,49,150
642271,30,150
642302,30,150
642357,30,150
642534,879,185
642693,49,150
643070,30,150
643116,30,150
643120,30,150
643128,10,147
643453,1900,375
643561,874,187
643574,30,150
643752,30,150
644764,30,150
644915,30,150
645249,49,150
645598,49,150
645706,49,150
645981,49,150
646042,49,150
646048,30,150
646216,93,203
646350,30,150
646611,819,175
646679,49,150
646740,120,95
646883,49,150
646885,30,150
646998,19137,148
647117,30,150
647145,30,150
647160,93,203
647209,49,150
647421,49,150
647446,49,150
647515,49,150
647517,26031,148
647526,49,150
647880,30,150
648300,30,150
648321,30,150
648470,49,150
648569,30,150
648819,93,203
648879,30,150
648963,49,150
649176,30,150
649748,49,150
649779,30,150
649846,172,147
649931,852,181
650224,49,150
650344,49,150
650432,30,150
650645,30,150
650948,10,147
651014,49,150
651429,30,150
651452,30,150
651635,49,150
651708,30,150
651854,30,150
651932,49,150
652161,30,150
652202,30,150
652310,30,150
652310,30,150
652325,49,150
652365,49,150
652374,859,174
652881,49,150
653171,49,150
653447,835,128
653634,30,150
653812,30,150
654272,49,150
654331,49,150
654443,30,150
654687,49,150
654839,30,150
655019,49,150
655079,49,150
655245,49,150
655834,49,150
655941,30,150
656145,30,150
656281,49,150
656719,49,150
656777,628,177
657162,30,150
657189,49,150
657204,49,150
657392,30,150
657719,812,177
657841,10,147
658108,93,203
658195,49,150
658278,30,150
658431,49,150
658941,30,150
659293,30,150
659341,30,150
659729,49,150
660117,49,150
660317,30,150
660801,49,150
660804,49,150
661007,6,147
661046,30,150
661122,30,150
661193,49,150
661254,49,150
662093,49,150
662158,30,150
662495,30,150
662663,49,150
662969,49,150
663142,120,95
663225,30,150
663308,49,150
663390,49,150
663497,30,150
663963,49,150
664166,30,150
664187,30,150
664283,30,150
664424,30,150
664444,49,150
664705,30,150
664835,30,150
664908,14,113
664911,49,150
664958,49,150
665408,30,150
665520,49,150
665634,30,150
665718,49,150
665953,49,150
666194,30,150
666250,49,150
666459,30,150
666557,30,150
666625,10,147
666723,894,177
666788,30,150
666909,30,150
667048,10,147
667204,49,150
667546,30,150
667652,49,150
667700,49,150
667701,49,150
667761,7373,375
667882,30,150
667980,49,150
668316,49,150
668522,49,150
669109,49,150
669245,49,150
669427,30,150
669600,49,150
669622,49,150
669711,49,150
669739,30,150
669869,1900,375
670449,49,150
670898,49,150
670954,30,150
671071,30,150
671245,30,150
671330,49,150
671937,30,150
672199,30,150
672532,49,150
672544,49,150
672671,851,179
672688,49,150
673129,93,203
673286,49,150
673729,49,150
674134,49,150
674439,30,150
675362,30,150
675873,10,147
675951,30,150
676112,49,150
676133,30,150
676137,49,150
676144,30,150
676162,30,150
676318,49,150
676621,819,175
676705,49,150
676805,49,150
677219,10,147
677316,49,150
677529,30,150
677838,30,150
677906,30,150
678136,49,150
678204,30,150
678301,49,150
678322,49,150
678396,49,150
678517,30,150
678634,49,150
678939,30,150
679010,30,150
679034,30,150
679038,874,187
679080,30,150
679437,10,147
679472,10,147
679549,30,150
679726,30,150
679755,49,150
679981,49,150
680197,812,177
680485,49,150
681048,919,185
681186,49,150
681286,49,150
682176,30,150
682273,49,150
682313,30,150
682440,49,150
682518,49,150
682594,30,150
682721,30,150
682818,30,150
683414,49,150
683499,49,150
683843,30,150
684402,30,150
684402,49,150
684585,49,150
685205,30,150
685260,49,150
685366,30,150
685380,30,150
685463,10,147
685679,30,150
685823,30,150
686525,49,150
686847,49,150
686895,796,375
687476,49,150
687658,30,150
687911,30,150
687960,49,150
688040,30,150
688082,30,150
688800,30,150
688932,30,150
689096,120,95
689133,49,150
689159,30,150
689441,49,150
689607,49,150
689672,49,150
690033,11,106
690508,49,150
690525,835,128
691021,30,150
691398,30,150
691623,30,150
691670,30,150
691725,49,150
691766,49,150
691808,49,150
692037,49,150
692049,49,150
692212,30,150
692732,49,150
692986,30,150
693273,30,150
693306,30,150
693396,49,150
693459,30,150
694155,30,150
694162,10,147
694209,30,150
694340,49,150
694391,30,150
694403,4167,375
694442,30,150
694705,30,150
694731,30,150
694962,49,150
694998,30,150
695054,49,150
695400,30,150
695567,49,150
695878,49,150
695890,30,150
696437,30,150
697139,30,150
697348,49,150
697970,831,178
698146,30,150
698262,49,150
698535,30,150
698700,49,150
698767,93,203
698789,30,150
698859,93,203
699262,49,150
699445,30,150
699616,49,150
699807,30,150
700423,49,150
700598,831,178
700669,30,150
700856,93,203
700932,30,150
700973,49,150
701032,30,150
701197,30,150
701318,859,174
701334,30,150
701393,819,181
701438,49,150
701782,30,150
702430,49,150
702502,93,203
702909,49,150
702924,49,150
703038,49,150
703233,10,147
703487,93,203
703647,49,150
703658,30,150
703739,30,150
703770,49,150
703996,30,150
704138,49,150
704166,30,150
704269,30,150
704462,30,150
704625,30,150
704641,49,150
704685,819,175
704835,49,150
705590,49,150
705797,30,150
705960,49,150
706139,30,150
706149,30,150
706449,924,179
706595,30,150
706668,30,150
706679,258,203
706978,30,150
707960,30,150
707975,30,150
708043,49,150
708122,30,150
708165,30,150
708848,49,150
709085,49,150
709253,49,150
709333,49,150
709383,30,150
709414,49,150
709452,30,150
709461,30,150
709501,30,150
709539,49,150
709984,49,150
710078,49,150
710195,30,150
710583,30,150
710763,30,150
711057,49,150
711166,49,150
711296,30,150
711396,49,150
711921,49,150
712182,10,147
712276,49,150
712435,30,150
712457,49,150
712518,30,150
712581,49,150
712594,49,150
712694,49,150
712740,30,150
712764,49,150
712934,10,147
712986,49,150
713294,30,150
713298,30,150
713355,49,150
713422,30,150
713495,30,150
713575,30,150
713827,49,150
713876,30,150
713918,49,150
713952,49,150
713971,841,176
714056,30,150
714399,49,150
714757,30,150
714887,49,150
715092,93,203
715181,30,150
715248,30,150
715395,49,150
715683,49,150
716364,30,150
716632,49,150
716841,30,150
716846,49,150
717067,49,150
717257,49,150
717382,30,150
717731,49,150
717878,49,150
718278,49,150
718359,30,150
718534,10,147
718661,93,203
718723,49,150
719135,49,150
719277,30,150
719308,30,150
720008,30,150
720124,49,150
720490,49,150
720610,49,150
721142,30,150
721219,49,150
721314,30,150
721526,30,150
721536,49,150
721569,49,150
721592,30,150
721618,49,150
721806,30,150
721929,49,150
722063,30,150
722075,49,150
722259,49,150
722286,49,150
722319,49,150
722394,49,150
722507,6,147
722534,30,150
722568,30,150
722763,10,147
722818,30,150
722833,30,150
723371,30,150
723708,49,150
723940,49,150
724017,30,150
724238,30,150
724257,49,150
724298,49,150
724568,30,150
724766,49,150
724930,49,150
725323,30,150
725851,30,150
726204,49,150
726243,30,150
726245,7373,375
726264,49,150
726880,30,150
726942,30,150
727135,30,150
727164,30,150
727177,30,150
727244,49,150
727349,30,150
727510,49,150
727538,30,150
727569,49,150
727583,30,150
727899,49,150
727916,49,150
728232,49,150
728284,49,150
728344,30,150
728365,49,150
728722,30,150
728796,49,150
728840,49,150
729064,30,150
729312,796,375
729389,30,150
729433,30,150
729448,49,150
729644,30,150
729699,49,150
729749,30,150
729759,10,147
730203,5,127
730300,49,150
730308,49,150
730505,10,147
730536,49,150
730704,30,150
730737,49,150
730813,30,150
730841,30,150
731163,49,150
731442,30,150
731613,30,150
731863,30,150
731878,49,150
731916,49,150
732007,30,150
732165,924,179
732287,49,150
732368,30,150
732399,49,150
732473,10,147
732604,49,150
732870,10,147
733483,30,150
733749,30,150
734072,30,150
734202,49,150
734526,30,150
735110,30,150
735130,49,150
735185,30,150
736196,49,150
736236,835,128
736693,894,177
736915,30,150
736940,30,150
736999,30,150
737176,30,150
737232,30,150
737283,49,150
737439,851,179
737628,49,150
737764,49,150
738215,651,137
738339,49,150
738339,49,150
738632,30,150
738788,49,150
739027,49,150
739143,49,150
739155,49,150
739826,30,150
739872,49,150
740040,49,150
740642,30,150
740715,49,150
741459,30,150
741649,30,150
742305,49,150
742308,30,150
742524,30,150
742653,49,150
742654,819,181
742698,30,150
742750,49,150
742867,30,150
743147,30,150
743242,30,150
743303,30,150
743354,49,150
743381,30,150
743601,30,150
743755,30,150
744087,49,150
744413,49,150
744413,30,150
744707,30,150
744727,49,150
745013,49,150
745486,49,150
745509,49,150
745569,30,150
746034,30,150
746342,30,150
746486,30,150
746746,30,150
747114,30,150
747273,49,150
747472,30,150
747584,30,150
747964,49,150
748101,49,150
748188,1900,375
748291,49,150
748991,4167,375
749005,93,203
749156,30,150
749338,49,150
749358,49,150
749929,30,150
750037,30,150
750063,49,150
750079,49,150
750306,30,150
750375,49,150
750824,49,150
750934,49,150
751154,30,150
751157,30,150
751157,49,150
751546,93,203
751592,49,150
751637,49,150
752442,49,150
753213,93,203
753857,49,150
753948,49,150
754073,93,203
754168,30,150
754248,879,185
754653,49,150
755320,30,150
755641,49,150
755914,30,150
756193,49,150
756380,49,150
756394,49,150
756638,30,150
756670,30,150
756709,30,150
756744,10,147
757013,49,150
757028,49,150
757437,30,150
757445,49,150
757794,30,150
757798,49,150
757817,49,150
757999,30,150
758011,819,175
758220,30,150
758285,10,147
758356,30,150
758373,30,150
759040,30,150
759061,49,150
759102,30,150
759330,49,150
759397,49,150
759526,49,150
759532,49,150
759587,30,150
759729,49,150
759972,49,150
760006,49,150
760084,49,150
760160,49,150
760321,49,150
760661,30,150
760753,49,150
761068,30,150
761123,49,150
761184,10,147
762043,49,150
762273,30,150
762788,49,150
762853,30,150
762983,30,150
763099,30,150
763190,49,150
763949,30,150
763993,49,150
764282,49,150
764302,30,150
764310,30,150
764487,30,150
764617,49,150
765007,30,150
765010,49,150
765096,30,150
765149,49,150
765261,49,150
765503,49,150
765658,49,150
765766,49,150
765993,30,150
766460,30,150
766647,49,150
766782,49,150
766991,30,150
767073,30,150
767135,49,150
767228,30,150
767455,10,147
767732,49,150
768600,30,150
768833,49,150
768936,49,150
768944,49,150
769004,30,150
769322,49,150
769363,30,150
769948,30,150
770040,30,150
770488,13,109
770627,93,203
770726,30,150
770834,49,150
770887,49,150
771175,30,150
771224,30,150
771450,49,150
771486,49,150
771494,49,150
771516,49,150
771718,7373,375
771978,49,150
771981,30,150
772145,841,176
772318,30,150
772324,30,150
772333,30,150
772337,49,150
772390,93,203
772426,30,150
772478,30,150
772664,30,150
772675,30,150
772729,30,150
772867,49,150
772897,10,147
772926,49,150
773312,812,177
773617,30,150
773716,30,150
774013,56,203
774019,30,150
774141,30,150
774256,30,150
774404,49,150
774584,30,150
774584,30,150
774629,49,150
774632,30,150
775007,10,147
775019,49,150
775284,30,150
775310,30,150
775436,30,150
775534,30,150
775651,30,150
775714,49,150
775766,49,150
775786,49,150
775896,49,150
776122,30,150
776268,49,150
776300,30,150
776416,93,203
776585,30,150
776984,30,150
777197,49,150
777340,49,150
777443,30,150
777660,30,150
777685,30,150
777693,93,203
777722,30,150
777807,49,150
777948,30,150
778006,49,150
778322,49,150
778332,30,150
778357,49,150
778728,30,150
778734,49,150
778795,49,150
778919,49,150
779091,30,150
779182,49,150
779400,10,147
779713,49,150
780344,10,147
780368,49,150
780734,49,150
780977,30,150
781056,30,150
781244,30,150
781301,49,150
781478,919,185
781509,30,150
781512,30,150
781640,10,147
781666,30,150
781751,30,150
781859,30,150
782018,851,179
782633,30,150
782770,30,150
783204,49,150
783401,49,150
783421,30,150
783450,30,150
783851,93,203
783851,49,150
783890,49,150
784042,49,150
784272,49,150
784458,49,150
784504,30,150
784833,49,150
784849,30,150
784912,30,150
785755,30,150
785807,49,150
785824,49,150
785969,49,150
786047,91,203
786326,93,203
786529,49,150
786715,841,176
786775,30,150
787123,49,150
787251,30,150
787313,30,150
787520,30,150
787579,30,150
787649,30,150
787703,30,150
787772,49,150
787886,835,128
788008,49,150
788058,30,150
788185,49,150
788208,49,150
788302,49,150
788438,49,150
789145,49,150
789491,49,150
789497,1900,375
789557,30,150
789720,49,150
789966,30,150
790150,30,150
790563,30,150
790938,49,150
791123,49,150
791793,30,150
791955,49,150
792164,30,150
792368,796,375
792565,30,150
792645,49,150
792705,30,150
792756,30,150
792937,30,150
793030,30,150
793212,894,177
793474,30,150
793617,49,150
793688,49,150
793931,49,150
794201,49,150
794267,10,147
794329,49,150
794633,49,150
794703,30,150
795299,30,150
795377,30,150
795567,49,150
796229,49,150
796258,30,150
796315,49,150
796717,879,185
796769,30,150
796845,10,147
796875,30,150
797073,30,150
797328,49,150
797394,874,187
797400,30,150
797400,30,150
797512,30,113
797712,49,150
797853,30,150
797861,49,150
797930,30,150
798076,30,150
798127,30,150
798210,49,150
798432,10,147
798524,30,150
798562,49,150
798819,49,150
798851,49,150
799185,49,150
799487,30,150
799620,49,150
800096,30,150
800108,30,150
800278,49,150
800455,30,150
800895,30,150
801105,49,150
801237,30,150
801489,30,150
801994,49,150
802240,49,150
802458,30,150
802550,30,150
802770,30,150
802883,49,150
802925,49,150
803144,30,150
803225,49,150
803274,30,150
803333,30,150
803477,30,150
803507,30,150
803864,49,150
803901,30,150
803902,30,150
804182,49,150
804210,30,150
804225,30,150
804328,49,150
804439,49,150
804797,10,147
804857,49,150
805190,49,150
805217,49,150
805342,49,150
805364,30,150
805428,30,150
805434,49,150
805576,30,150
805631,30,150
805644,49,150
805646,49,150
805867,30,150
806040,30,150
806085,49,150
806204,49,150
806550,49,150
806634,831,178
806647,49,150
806799,30,150
807134,30,150
807234,49,150
807263,30,150
807268,49,150
807476,30,150
807489,841,176
807625,30,150
807702,30,150
807798,10,147
808064,49,150
808089,49,150
808113,30,150
808382,30,150
808817,30,150
808821,30,150
808852,49,150
808878,30,150
808951,49,150
809205,49,150
809355,30,150
809699,49,150
809790,49,150
809816,30,150
809879,49,150
809928,49,150
810534,49,150
810688,30,150
811042,10,147
811147,30,150
811156,30,150
811457,30,150
811990,30,150
812088,49,150
812123,30,150
812140,30,150
812372,30,150
812421,49,150
812507,49,150
813002,812,177
813057,924,179
813095,30,150
813324,30,150
813535,30,150
813536,49,150
814305,30,150
814427,49,150
814618,49,150
814631,49,150
814792,30,150
814805,49,150
815202,49,150
815314,30,150
815387,93,203
815400,819,181
815456,49,150
815625,49,150
815745,49,150
815939,30,150
816186,49,150
816219,49,150
816296,49,150
816528,30,150
816658,30,150
816784,49,150
816946,30,150
817401,30,150
817594,49,150
817689,30,150
817835,30,150
817883,30,150
817926,30,150
818734,30,150
819059,49,150
819203,49,150
819256,30,150
820013,49,150
820126,30,150
820250,49,150
820260,49,150
820421,30,150
820439,49,150
820927,33,108
821058,30,150
821148,49,150
821317,49,150
821412,30,150
821466,49,150
821484,30,150
821574,6,147
821574,30,150
821583,49,150
821589,49,150
821794,30,150
821867,30,150
821911,49,150
821979,30,150
822341,30,150
822567,49,150
822587,30,150
822749,49,150
823264,30,150
823668,49,150
823694,812,177
823901,30,150
824083,30,150
824498,49,150
824525,93,203
824592,30,150
824757,30,150
824955,49,150
825026,30,150
825228,10,147
825307,49,150
825605,49,150
825697,30,150
826146,30,150
826312,49,150
826342,49,150
826412,49,150
826795,30,150
826816,49,150
826876,120,95
826966,30,150
827011,30,150
827187,30,150
827398,49,150
827493,30,150
827586,30,150
827590,49,150
827597,49,150
827639,49,150
827856,49,150
828084,49,150
828109,49,150
828287,49,150
828570,49,150
828693,49,150
829318,49,150
829405,49,150
829633,93,203
829704,859,174
829803,49,150
829951,93,203
830260,30,150
830381,49,150
830820,49,150
831063,49,150
831357,30,150
831841,49,150
831906,30,150
831963,30,150
832160,30,150
832340,819,175
832383,49,150
832433,30,150
832461,49,150
832519,49,150
832622,30,150
832753,49,150
832788,49,150
832943,30,150
832996,93,203
833026,30,150
833953,30,150
834212,30,150
834294,49,150
834314,49,150
835552,49,150
835692,30,150
835826,10,147
835922,93,203
835957,49,150
836355,49,150
836391,30,150
836471,49,150
836703,30,150
836843,49,150
836870,49,150
837084,49,150
837126,49,150
837141,10,147
837252,30,150
837268,49,150
837282,30,150
837306,30,150
837307,30,150
837773,30,150
838172,49,150
838280,49,150
838470,49,150
838581,49,150
838597,49,150
838632,30,150
838715,49,150
838949,49,150
838951,30,150
839228,49,150
839381,10,147
839398,4167,375
839451,30,150
839599,30,150
839628,30,150
839648,30,150
840171,30,150
840629,49,150
840692,30,150
840836,30,150
841170,30,150
841305,859,174
841385,49,150
841485,49,150
841809,30,150
841836,30,150
842034,30,150
842115,30,150
842549,93,203
842668,49,150
842831,30,150
842960,49,150
843484,30,150
843669,30,150
844401,49,150
844706,30,150
844840,49,150
845111,49,150
845288,49,150
845297,49,150
845527,30,150
845553,49,150
845743,30,150
845955,924,179
846133,49,150
846175,49,150
846251,16,91
846290,30,150
846301,30,150
846316,49,150
846629,49,150
847054,30,150
847365,49,150
847387,30,150
847526,49,150
847713,30,150
848219,30,150
848239,30,150
848308,30,150
848328,49,150
848474,30,150
848536,49,150
848563,49,150
848580,30,150
848592,49,150
848725,30,150
848814,49,150
849323,49,150
849460,49,150
849682,49,150
850123,12,104
850616,49,150
850830,49,150
850908,49,150
850922,30,150
851145,49,150
851145,120,203
851189,30,150
851337,49,150
851377,49,150
851538,30,150
851611,30,150
851749,30,150
851989,49,150
852314,49,150
852339,30,150
852680,30,150
853003,30,150
853008,30,150
853035,49,150
853132,30,150
853254,49,150
853448,851,179
853574,30,150
853672,49,150
853739,49,150
853810,120,95
854294,30,150
854313,30,150
854353,93,203
854432,30,150
854696,49,150
854816,10,147
854910,49,150
854949,93,203
855096,30,150
855686,49,150
855847,30,150
855934,49,150
856109,30,150
856128,49,150
856222,30,150
856280,49,150
856367,49,150
856377,10,147
856388,49,150
856493,30,150
856563,49,150
856592,49,150
856597,49,150
856633,30,150
856766,30,150
856856,49,150
856925,4167,375
856934,49,150
857079,30,150
857276,49,150
857379,49,150
857824,49,150
858011,49,150
858456,30,150
858652,49,150
858759,30,150
858856,30,150
859003,49,150
859090,30,150
859643,30,150
859672,30,150
859822,49,150
859837,49,150
859858,30,150
859952,30,150
860279,30,150
860339,30,150
860385,30,150
860450,30,150
860464,49,150
860580,49,150
860638,49,150
860793,49,150
861158,30,150
861299,49,150
861443,30,150
861482,49,150
861511,30,150
861613,49,150
861663,49,150
861953,30,150
862089,30,150
862125,49,150
862446,49,150
862706,30,150
862814,30,150
862890,30,150
863055,49,150
863062,49,150
863099,49,150
863178,49,150
863196,49,150
863290,49,150
863449,30,150
863463,49,150
863807,49,150
864023,30,150
864061,30,150
864062,49,150
864339,49,150
864688,924,179
864749,49,150
865407,30,150
865415,30,150
865444,30,150
865451,49,150
865580,30,150
865725,30,150
865737,49,150
866106,49,150
866225,30,150
866265,30,150
866385,10,147
866488,49,150
866501,30,150
866560,49,150
866795,49,150
866970,30,150
867112,30,150
867352,30,150
867382,49,150
867757,49,150
867820,30,150
867847,49,150
868159,30,150
868189,30,150
868412,49,150
868697,30,150
868722,30,150
868838,30,150
868881,49,150
869052,30,150
869135,49,150
869185,49,150
869200,49,150
869216,49,150
869230,49,150
869290,30,150
869773,30,150
869824,49,150
869937,49,150
870039,30,150
870141,30,150
870147,49,150
870180,10,147
870394,30,150
870552,30,150
871130,30,150
871517,10,147
871780,49,150
871841,30,150
872253,49,150
872321,49,150
872436,49,150
872557,30,150
872677,30,150
873013,30,150
873226,49,150
873963,30,150
874078,30,150
874129,49,150
874263,30,150
874350,49,150
874638,49,150
874746,49,150
874877,49,150
874887,30,150
875090,30,150
875131,93,203
875174,49,150
875262,30,150
875272,93,203
875521,49,150
875796,49,150
875848,30,150
875907,30,150
876408,30,150
876445,49,150
876460,30,150
876719,30,150
876781,49,150
876997,30,150
877227,894,177
877230,49,150
877293,30,150
877388,49,150
877480,49,150
877789,30,150
877800,49,150
877861,30,150
878215,49,150
878441,30,150
878507,49,150
878961,49,150
879003,49,150
879115,30,150
879160,30,150
879490,49,150
879537,30,150
879764,49,150
879786,30,150
879970,819,175
880020,30,150
880021,30,150
880291,93,203
880432,49,150
880695,49,150
880851,49,150
880921,30,150
881221,30,150
881303,30,150
881855,49,150
882140,49,150
882180,30,150
882411,93,203
882728,10,147
882739,30,150
882752,49,150
883065,30,150
883155,49,150
883248,49,150
883272,30,150
883557,30,150
883673,49,150
884067,10,147
884159,49,150
884468,49,150
884491,30,150
884645,49,150
885210,49,150
885230,49,150
885242,93,203
885293,30,150
885610,30,150
885783,30,150
885986,1900,375
886005,10,147
886070,49,150
886204,10,147
886256,841,176
886374,30,150
886561,49,150
886592,120,95
886749,30,150
887004,30,150
887071,10,147
887180,30,150
887286,10,147
887413,49,150
887614,30,150
887634,49,150
887788,49,150
887799,30,150
887958,919,185
888193,49,150
888224,49,150
888359,49,150
888680,30,150
888683,879,185
888713,49,150
888728,30,150
888765,30,150
889024,30,150
889060,831,178
889098,49,150
889226,30,150
889331,30,150
889332,49,150
889436,30,150
889927,49,150
890121,30,150
890316,49,150
890425,30,150
890676,49,150
890814,49,150
890955,30,150
890959,30,150
891157,30,150
891196,49,150
891284,30,150
891417,835,128
891505,49,150
891510,49,150
891863,30,150
891900,30,150
892109,49,150
892383,30,150
892423,30,150
892555,49,150
892586,30,150
892815,30,150
892973,30,150
892995,30,150
893399,49,150
893532,30,150
893540,30,150
893561,30,150
893894,30,150
894157,49,150
894180,49,150
894246,49,150
894283,6,147
894299,49,150
894421,30,150
894447,30,150
894652,30,150
894686,49,150
894891,831,178
894963,30,150
895147,796,375
895227,49,150
895283,30,150
895305,30,150
895473,30,150
896000,49,150
896065,49,150
896134,49,150
896207,30,150
896749,49,150
896756,30,150
896980,30,150
897040,49,150
897202,30,150
897611,49,150
897710,10,147
897712,919,185
897777,30,150
897862,49,150
897871,49,150
898190,30,150
898199,49,150
898289,874,187
898425,49,150
898841,30,150
899147,49,150
899279,30,150
899443,819,181
899469,30,150
899665,7373,375
899683,49,150
899729,49,150
899737,49,150
899816,30,150
899885,49,150
899918,30,150
899951,49,150
899953,49,150
899956,30,150
900294,30,150
900373,30,150
901037,30,150
901151,30,150
901161,30,150
901162,49,150
901274,49,150
901336,49,150
901353,10,147
901524,30,150
901639,30,150
902117,864,185
902353,30,150
902427,30,150
902580,49,150
902618,30,150
902855,49,150
903032,30,150
903143,30,150
903195,30,150
903382,30,150
903564,49,150
903699,49,150
903838,30,150
904407,49,150
904922,30,150
904966,30,150
905033,339,150
905062,10,147
905129,30,150
905215,30,150
905241,49,150
905572,993,196
905579,30,150
905649,852,181
905881,30,150
905958,49,150
906161,49,150
906162,30,150
906230,30,150
906534,49,150
906567,49,150
906709,49,150
906736,30,150
906890,93,203
906945,49,150
907020,113,127
907332,30,150
907351,30,150
907446,30,150
907543,30,150
907747,49,150
908254,49,150
908289,49,150
908314,30,150
908464,49,150
908484,10,147
908566,30,150
908601,877,185
908650,49,150
908877,49,150
908942,172,147
908952,49,150
909072,49,150
909111,49,150
909174,49,150
909412,30,150
909729,30,150
910419,30,150
910449,49,150
910479,30,150
910525,827,179
910570,49,150
910610,49,150
910657,49,150
910662,874,187
910735,49,150
910803,30,150
910881,30,150
910958,30,150
911075,93,203
911209,30,150
911260,49,150
911517,49,150
911819,49,150
912125,30,150
912497,49,150
912724,49,150
912740,49,150
913049,49,150
913176,3,125
913425,49,150
913552,49,150
913554,30,150
913638,49,150
913858,879,185
913883,30,150
913958,49,150
914102,30,150
914396,652,178
914432,30,150
914493,49,150
914603,30,150
914712,49,150
914744,30,150
914773,49,150
914782,870,175
914882,49,150
915119,49,150
915124,30,150
915223,30,150
915284,49,150
915512,30,150
915595,30,150
915761,2299,147
915934,49,150
916037,584,120
916785,49,150
917255,49,150
917259,49,150
917472,49,150
917524,49,150
917743,819,181
917791,835,128
918176,49,150
918232,30,150
918295,49,150
918349,30,150
918401,49,150
918457,30,150
918532,30,150
918540,30,150
918690,49,150
918839,49,150
918987,30,150
918997,49,150
919055,10,147
919336,30,150
919472,49,150
919505,49,150
919815,30,150
919883,30,150
919951,49,150
920103,30,150
920112,30,150
920118,49,150
920119,49,150
920154,49,150
920323,1293,375
920462,49,150
920587,30,150
920657,49,150
920689,30,150
920779,30,150
920825,49,150
921025,49,150
921624,30,150
921731,30,150
921857,30,150
921889,819,175
922019,49,150
922042,49,150
922273,833,177
922291,30,150
922323,49,150
922414,30,150
922543,49,150
922593,49,150
922814,93,203
922872,49,150
922892,49,150
923055,30,150
923150,697,187
923468,10,147
923506,829,179
923615,30,150
923727,19137,148
923746,93,203
923794,49,150
923942,30,150
924003,30,150
924214,30,150
924305,49,150
924321,49,150
924608,30,150
925001,30,150
925047,49,150
925080,49,150
925129,30,150
925216,49,150
925399,10,147
925549,49,150
925645,30,150
925735,49,150
925828,30,150
925965,49,150
926241,30,150
926324,49,150
926408,49,150
926603,49,150
926741,49,150
926804,49,150
926822,49,150
927481,859,174
927668,628,177
928050,30,150
928283,30,150
928633,30,150
928685,49,150
928894,49,150
928957,30,150
929261,30,150
929324,49,150
929416,30,150
929564,30,150
929836,30,150
930043,30,150
930202,30,150
930236,30,150
930253,30,150
930749,30,150
930990,30,150
931064,30,150
931079,30,150
931262,30,150
931421,49,150
931423,49,150
931554,49,150
931593,30,150
932037,30,150
932176,30,150
932176,30,150
932235,49,150
932605,49,150
932882,49,150
932911,243,203
933143,30,150
933148,49,150
933271,49,150
933285,30,150
933341,812,177
933462,49,150
933596,30,150
933641,30,150
933961,49,150
933971,30,150
933973,30,150
934249,30,150
934283,49,150
934287,49,150
934428,30,150
934676,30,150
934714,49,150
934780,30,150
934846,10,147
935036,49,150
935107,30,150
935256,49,150
935303,49,150
935334,30,150
935348,49,150
935427,861,178
936211,30,150
936270,49,150
936458,49,150
936630,851,179
936687,1944,128
936763,49,150
936919,49,150
937006,49,150
937065,30,150
937069,30,150
937358,49,150
937818,10,147
937918,677,176
937942,49,150
937990,49,150
938028,30,150
938072,49,150
938156,49,150
938187,30,150
938195,49,150
938437,30,150
938513,30,150
938670,30,150
938748,93,203
938905,10,147
939026,10,147
939143,49,150
939403,30,150
939546,10,147
939646,49,150
939733,30,150
939765,4167,375
939874,49,150
939915,30,150
940124,30,150
940194,26031,148
940288,49,150
940324,49,150
940448,30,150
940627,874,187
940716,49,150
940730,49,150
940755,49,150
941100,6,147
941200,49,150
941333,950,174
941385,30,150
941523,49,150
941780,49,150
941867,49,150
942075,49,150
942430,30,150
942551,49,150
942598,30,150
943206,30,150
943220,30,150
943672,49,150
943716,30,150
943767,30,150
943777,30,150
943897,30,150
943987,49,150
944009,30,150
944484,49,150
944614,49,150
944626,30,150
944950,30,150
944989,30,150
945439,49,150
945456,49,150
945636,30,150
945662,812,177
945812,49,150
945846,30,150
946360,30,150
947307,30,150
947443,49,150
947463,18180,148
947585,49,150
948093,30,150
948125,49,150
948279,30,150
948359,49,150
948389,49,150
948461,30,150
948658,30,150
948766,30,150
948907,49,150
949203,30,150
949435,4022,196
949783,49,150
949910,49,150
950102,1900,375
950250,49,150
950674,30,150
950854,30,150
951260,30,150
951495,30,150
951880,49,150
952192,127,147
952363,10,147
952592,49,150
952664,7373,375
952732,30,150
952828,49,150
953027,30,150
953137,30,150
953536,49,150
953739,49,150
953986,93,203
954706,30,150
954934,30,150
955030,30,150
955198,49,150
955434,143,121
955663,30,150
955757,49,150
955779,49,150
955828,49,150
956180,49,150
956345,30,150
956373,30,150
956400,796,375
956649,49,150
956731,49,150
956793,49,150
956863,49,150
957097,30,150
957166,49,150
957303,30,150
957379,30,150
957712,93,203
958132,30,150
958194,30,150
958213,49,150
958216,30,150
958278,49,150
958436,49,150
958941,30,150
959019,49,150
959063,30,150
959098,894,177
959283,49,150
959714,93,203
961390,49,150
961401,30,150
961490,30,150
961614,49,150
961674,30,150
962049,49,150
962074,30,150
962099,49,150
962433,30,150
962595,49,150
962680,796,375
962780,30,150
962840,49,150
962891,49,150
962916,49,150
962948,49,150
963306,30,150
963401,30,150
963426,30,150
963476,30,150
963734,49,150
964368,30,150
964453,30,150
964758,49,150
964859,49,150
965218,49,150
965364,49,150
965473,30,150
965480,30,150
965529,30,150
965547,30,150
965909,49,150
965954,49,150
966276,30,150
966286,49,150
966289,49,150
966665,49,150
966688,49,150
966697,49,150
966732,49,150
966883,30,150
966936,7373,375
967022,30,150
967103,49,150
967191,835,128
967216,30,150
967385,49,150
967422,30,150
967434,30,150
967745,49,150
967781,30,150
967822,49,150
967932,49,150
967960,30,150
968553,49,150
968820,49,150
968878,924,179
968898,30,150
969005,49,150
969453,49,150
969583,49,150
969741,30,150
970044,30,150
970250,30,150
970594,30,150
970767,30,150
970819,49,150
970848,30,150
970868,30,150
971080,120,95
971099,49,150
971169,49,150
971565,49,150
971696,30,150
971895,30,150
972083,30,150
972473,30,150
972474,30,150
972526,49,150
972543,49,150
972833,30,150
972845,30,150
972903,93,203
973009,30,150
973393,49,150
973522,49,150
973701,30,150
973749,49,150
973784,30,150
974000,30,150
974326,30,150
974481,1900,375
974709,49,150
975266,49,150
975354,30,150
975583,49,150
975853,10,147
975997,49,150
976080,49,150
976645,93,203
976666,30,150
976679,30,150
977202,30,150
977261,30,150
977495,49,150
978010,49,150
978139,819,181
978141,30,150
978224,49,150
978230,49,150
978299,49,150
978522,30,150
978562,30,150
978669,49,150
978714,49,150
978884,30,150
978960,30,150
979016,30,150
979115,49,150
979227,49,150
979344,30,150
979458,49,150
979512,894,177
979549,7373,375
979580,30,150
979692,49,150
979894,49,150
980549,30,150
980573,49,150
980611,49,150
980714,30,150
980973,30,150
981283,30,150
981411,14,113
981918,49,150
981937,49,150
982845,30,150
982897,49,150
982992,49,150
983111,30,150
983147,49,150
983464,30,150
983579,49,150
983604,10,147
983644,49,150
983758,30,150
984095,30,150
984206,49,150
984979,30,150
985063,30,150
985230,49,150
985458,30,150
985851,30,150
985883,30,150
986000,49,150
986061,49,150
986915,30,150
987023,30,150
987320,30,150
987444,30,150
987556,49,150
987635,30,150
987826,30,150
988260,30,150
988308,49,150
988384,49,150
988483,879,185
988522,30,150
988535,49,150
988550,30,150
988573,30,150
988637,10,147
989020,30,150
989128,30,150
989147,30,150
989425,30,150
989589,49,150
989597,30,150
989810,49,150
989849,4167,375
989918,49,150
989966,49,150
990178,30,150
990225,10,147
990229,30,150
990232,30,150
990313,30,150
990418,10,147
990725,49,150
990735,49,150
990819,49,150
991028,831,178
991244,49,150
991325,30,150
991364,30,150
991602,49,150
991979,49,150
992994,30,150
992995,49,150
993596,49,150
993644,30,150
993727,49,150
993967,30,150
994048,49,150
994050,30,150
994056,10,147
994074,819,181
994093,49,150
994125,30,150
994531,49,150
994613,49,150
994839,93,203
994839,30,150
994938,49,150
995141,30,150
995234,49,150
995290,49,150
995535,30,150
995674,49,150
995833,49,150
995896,49,150
995961,49,150
996067,10,147
996301,49,150
996381,30,150
996474,49,150
996547,49,150
996792,49,150
997118,49,150
997199,49,150
997259,30,150
997360,30,150
997585,49,150
997784,841,176
997835,30,150
997915,10,147
998067,49,150
998112,30,150
998148,49,150
998156,49,150
998386,30,150
998680,49,150
998978,851,179
998981,30,150
999042,30,150
999157,6,147
999222,49,150
999419,49,150
999521,30,150
999707,30,150
999731,49,150
999734,30,150
999881,49,150
999989,93,203
1000693,49,150
1000872,49,150
1001100,49,150
1001482,49,150
1001567,30,150
1001585,30,150
1001632,49,150
1001818,30,150
1001948,258,203
1002069,49,150
1002153,30,150
1002241,49,150
1002662,49,150
1003009,49,150
1003027,30,150
1003112,49,150
1003210,49,150
1003501,49,150
1003516,30,150
1003552,30,150
1003575,49,150
1003641,30,150
1003654,93,203
1003680,30,150
1003766,30,150
1005241,819,175
1005334,30,150
1005415,49,150
1005545,10,147
1005644,30,150
1005826,49,150
1006351,30,150
1006617,49,150
1006648,49,150
1006742,49,150
1007094,49,150
1007332,30,150
1007354,49,150
1007458,49,150
1007672,93,203
1007831,30,150
1007962,30,150
1008037,30,150
1008378,49,150
1008832,49,150
1009210,30,150
1009313,10,147
1009400,30,150
1009527,49,150
1009696,30,150
1010009,93,203
1010118,30,150
1010199,30,150
1010215,30,150
1010717,30,150
1010873,10,147
1011380,49,150
1011466,11,106
1011522,30,150
1011630,49,150
1011632,49,150
1011650,30,150
1011723,30,150
1011819,93,203
1011961,30,150
1012176,49,150
1012435,30,150
1012466,30,150
1012578,49,150
1012637,30,150
1012653,30,150
1012883,30,150
1013094,49,150
1013130,49,150
1013466,49,150
1013605,49,150
1013993,30,150
1014468,10,147
1014758,49,150
1015055,49,150
1015167,49,150
1015543,49,150
1015933,919,185
1016376,49,150
1016650,30,150
1016708,859,174
1017051,30,150
1017467,49,150
1017486,49,150
1017531,49,150
1017596,30,150
1017754,30,150
1017768,30,150
1018145,30,150
1018163,30,150
1018281,30,150
1018342,30,150
1018524,30,150
1018573,30,150
1018831,30,150
1018871,49,150
1018895,49,150
1019066,49,150
1019364,30,150
1019489,49,150
1019510,30,150
1019716,49,150
1019876,30,150
1020042,30,150
1020054,49,150
1020524,49,150
1020733,30,150
1020876,30,150
1021042,49,150
1021044,30,150
1021053,30,150
1021379,30,150
1021438,49,150
1021469,30,150
1021522,49,150
1021966,30,150
1021971,49,150
1022002,6,147
1022015,30,150
1022135,49,150
1022190,30,150
1022287,49,150
1022302,30,150
1022354,49,150
1022437,30,150
1022489,10,147
1022587,49,150
1023103,49,150
1023380,30,150
1023488,30,150
1023492,49,150
1023521,30,150
1023630,30,150
1023878,30,150
1023891,30,150
1023931,49,150
1023962,894,177
1024298,30,150
1024425,30,150
1024872,30,150
1025043,30,150
1025219,49,150
1025392,30,150
1025455,30,150
1025545,49,150
1025733,30,150
1026149,49,150
1026314,49,150
1026408,30,150
1026499,49,150
1026660,49,150
1026695,49,150
1027007,30,150
1027135,49,150
1027541,30,150
1027873,30,150
1028055,49,150
1028116,30,150
1028229,49,150
1028324,30,150
1028636,30,150
1028705,49,150
1028776,30,150
1028790,30,150
1028876,30,150
1029010,49,150
1029045,874,187
1029673,30,150
1029811,30,150
1029928,30,150
1030365,49,150
1030940,49,150
1031384,30,150
1031558,30,150
1032057,30,150
1032068,651,137
1032165,30,150
1032166,49,150
1032311,30,150
1032664,10,147
1032677,812,177
1032814,49,150
1033021,49,150
1033086,49,150
1033300,30,150
1033322,30,150
1033340,10,147
1033395,30,150
1033396,49,150
1033558,879,185
1033570,30,150
1033609,30,150
1033611,49,150
1033619,49,150
1033654,49,150
1033716,49,150
1033786,49,150
1033977,49,150
1034230,10,147
1034383,49,150
1034484,49,150
1034802,30,150
1034828,30,150
1035198,49,150
1035396,49,150
1035425,30,150
1035493,30,150
1035602,30,150
1035802,49,150
1035830,49,150
1035928,30,150
1035943,49,150
1035973,49,150
1036081,49,150
1036690,49,150
1036855,49,150
1036911,49,150
1037115,49,150
1037382,30,150
1037393,49,150
1037586,30,150
1037623,30,150
1037840,49,150
1038617,49,150
1038791,831,178
1038871,49,150
1038943,30,150
1039086,49,150
1039160,49,150
1039253,49,150
1039887,49,150
1040087,30,150
1040104,851,179
1040174,30,150
1040263,49,150
1040289,49,150
1040596,30,150
1040703,30,150
1040829,30,150
1041117,49,150
1041336,49,150
1041506,49,150
1041854,30,150
1041958,831,178
1041987,30,150
1041993,30,150
1042290,30,150
1042350,49,150
1042354,10,147
1042365,49,150
1042618,30,150
1042903,859,174
1042918,1900,375
1042935,30,150
1043006,30,150
1043320,49,150
1043322,49,150
1043375,49,150
1043389,30,150
1043639,49,150
1044127,49,150
1044376,49,150
1044777,30,150
1044838,49,150
1044927,49,150
1045050,30,150
1045053,30,150
1045221,49,150
1045450,49,150
1045611,30,150
1045760,10,147
1045786,93,203
1046358,30,150
1046470,49,150
1046492,30,150
1046544,49,150
1046763,30,150
1046780,5,127
1046999,835,128
1047105,10,147
1047239,30,150
1047287,30,150
1047519,49,150
1047585,30,150
1047702,30,150
1048106,93,203
1048204,49,150
1048445,30,150
1048538,49,150
1048664,30,150
1049255,49,150
1049336,30,150
1049394,49,150
1049782,30,150
1049803,49,150
1049805,49,150
1049811,30,150
1050117,30,150
1050242,49,150
1050322,49,150
1050376,30,150
1050397,30,150
1050433,49,150
1050725,841,176
1050779,49,150
1050830,30,150
1050855,49,150
1050976,49,150
1051218,30,150
1051260,49,150
1051348,49,150
1051587,30,150
1051683,30,150
1051793,49,150
1051996,30,150
1052079,49,150
1052079,49,150
1052215,30,150
1052301,49,150
1052377,49,150
1052446,30,150
1052458,49,150
1052567,49,150
1053147,30,150
1053272,30,150
1053881,49,150
1053936,49,150
1054094,30,150
1054130,49,150
1054163,30,150
1054233,30,150
1054756,49,150
1055056,49,150
1055061,49,150
1055104,41,150
1055313,30,150
1055426,30,150
1055585,93,203
1055600,93,203
1055840,30,150
1055895,10,147
1055904,10,147
1056139,30,150
1056179,49,150
1056349,10,147
1056395,30,150
1056457,49,150
1056575,49,150
1056603,30,150
1056697,49,150
1056710,49,150
1056857,49,150
1057128,49,150
1057366,30,150
1057540,30,150
1057631,30,150
1057633,30,150
1057790,30,150
1057878,30,150
1057935,30,150
1058017,30,150
1058044,49,150
1058074,30,150
1058152,49,150
1058463,49,150
1058623,49,150
1059055,49,150
1059972,49,150
1060071,49,150
1060079,30,150
1060113,49,150
1060227,819,181
1060301,30,150
1060407,93,203
1060566,49,150
1060568,796,375
1060682,49,150
1060853,30,150
1061036,49,150
1061142,30,150
1061149,30,150
1061157,49,150
1061281,49,150
1061298,30,150
1061371,49,150
1061403,49,150
1061719,49,150
1061761,49,150
1061794,30,150
1061897,30,150
1062045,30,150
1062144,49,150
1062215,30,150
1062407,49,150
1062745,49,150
1062938,30,150
1063185,49,150
1063235,49,150
1063527,49,150
1063630,30,150
1063866,49,150
1064121,30,150
1064321,49,150
1064568,93,203
1064577,30,150
1064600,30,150
1064916,30,150
1065110,49,150
1065172,30,150
1065191,30,150
1065273,49,150
1065954,30,150
1066441,30,150
1066524,30,150
1066678,49,150
1066762,30,150
1066773,30,150
1066780,30,150
1066821,49,150
1066821,49,150
1066863,49,150
1066948,30,150
1066966,13,109
1067253,30,150
1067314,93,203
1067524,49,150
1067541,49,150
1067617,30,150
1067650,49,150
1067711,30,150
1067731,30,150
1067811,49,150
1068013,4167,375
1068363,49,150
1068507,120,95
1068520,49,150
1068657,30,150
1068679,49,150
1068934,49,150
1069006,49,150
1069177,49,150
1069528,30,150
1069808,30,150
1069881,919,185
1070016,56,203
1070107,30,150
1070187,30,150
1070291,30,150
1070628,49,150
1070716,49,150
1071069,10,147
1071205,30,150
1071215,30,150
1071318,49,150
1071358,49,150
1071395,30,150
1071683,49,150
1072007,30,150
1072120,30,150
1072185,30,150
1072276,30,150
1072367,30,150
1072403,10,147
1072480,49,150
1072576,30,150
1072695,30,150
1072780,30,150
1072847,924,179
1072927,30,150
1073320,30,150
1073446,49,150
1073629,49,150
1073867,49,150
1074062,49,150
1074126,49,150
1074202,30,150
1074256,30,150
1074309,49,150
1074805,30,150
1074893,49,150
1075136,30,150
1075145,30,150
1075228,49,150
1075276,30,150
1075429,30,150
1075641,30,150
1075690,49,150
1075797,30,150
1075850,30,150
1075898,49,150
1075981,49,150
1076057,30,150
1076194,49,150
1076278,49,150
1076401,49,150
1076589,49,150
1076709,49,150
1076832,30,150
1077024,30,150
1077258,30,150
1077700,49,150
1077775,49,150
1078246,30,150
1078332,49,150
1078402,49,150
1078660,93,203
1078665,30,150
1078782,30,150
1078841,49,150
1078990,49,150
1079032,30,150
1079338,49,150
1079509,49,150
1079895,30,150
1079930,49,150
1079966,30,150
1080011,30,150
1080054,49,150
1080214,30,150
1080328,49,150
1080550,30,150
1080571,49,150
1080572,30,150
1080631,30,150
1080722,49,150
1080727,49,150
1081360,30,150
1081516,49,150
1081645,30,150
1081724,49,150
1081965,49,150
1082018,49,150
1082070,49,150
1082239,30,150
1082289,10,147
1082299,30,150
1082376,49,150
1082404,49,150
1082589,30,150
1082657,49,150
1082885,49,150
1083051,30,150
1083161,49,150
1083195,30,150
1083218,49,150
1083610,30,150
1083847,30,150
1084134,49,150
1084306,30,150
1084363,49,150
1084409,30,150
1084422,49,150
1084501,10,147
1084561,30,150
1084710,10,147
1084713,91,203
1084726,49,150
1084989,49,150
1085242,919,185
1085271,30,150
1085539,30,150
1085617,851,179
1085664,49,150
1085807,30,150
1086199,30,150
1086353,49,150
1086387,49,150
1086471,49,150
1086653,49,150
1086665,49,150
1087117,49,150
1087404,49,150
1087444,49,150
1087453,49,150
1088263,30,150
1088487,30,150
1088673,10,147
1088791,49,150
1088916,30,150
1089023,30,150
1089088,49,150
1089144,30,150
1089208,7373,375
1089509,30,150
1090061,30,150
1090141,30,150
1090318,30,150
1090532,30,150
1090592,49,150
1090835,49,150
1090925,30,150
1091008,49,150
1091026,30,150
1091042,30,150
1091083,30,150
1091459,49,150
1091464,30,150
1091497,49,150
1091797,49,150
1092076,49,150
1092159,49,150
1092174,30,150
1092465,49,150
1092507,30,150
1092541,30,150
1092638,93,203
1092722,30,150
1093076,30,150
1093194,30,150
1093280,49,150
1093386,93,203
1093722,30,150
1093875,49,150
1093978,30,150
1094130,49,150
1094142,49,150
1094147,49,150
1094268,49,150
1094409,49,150
1094542,49,150
1094656,30,150
1094659,49,150
1095323,49,150
1095459,30,150
1095571,30,150
1095721,49,150
1095808,30,150
1096326,30,150
1096596,30,150
1096712,93,203
1096714,49,150
1096798,30,150
1096912,30,150
1096984,49,150
1097048,49,150
1097115,30,150
1097120,49,150
1097670,30,150
1097815,49,150
1097859,10,147
1097864,49,150
1097909,30,150
1097988,49,150
1098142,30,150
1098232,10,147
1098286,49,150
1098379,49,150
1098575,874,187
1099309,49,150
1099350,49,150
1099416,49,150
1099559,30,150
1099643,49,150
1099913,10,147
1099918,49,150
1100085,30,150
1100129,49,150
1100334,30,150
1100413,30,150
1100458,49,150
1100879,30,150
1100927,30,150
1100963,49,150
1101028,49,150
1101124,49,150
1101381,49,150
1101418,49,150
1101423,30,150
1101472,49,150
1101476,924,179
1101582,93,203
1101667,49,150
1101684,49,150
1101845,859,174
1101978,30,150
1102599,49,150
1102685,49,150
1102842,93,203
1103546,30,150
1103696,30,150
1103801,30,150
1103831,49,150
1103953,30,150
1104166,30,150
1104260,30,150
1104275,30,150
1104388,49,150
1104464,49,150
1104509,30,150
1104666,879,185
1104689,30,150
1105022,30,150
1106032,30,150
1106067,30,150
1106244,30,150
1106247,10,147
1106326,30,150
1106366,30,150
1106376,30,150
1106499,10,147
1106573,49,150
1106638,49,150
1106653,835,128
1106654,10,147
1106782,49,150
1106969,30,150
1106992,30,150
1107006,30,150
1107154,30,150
1107798,30,150
1107924,49,150
1108347,49,150
1108360,49,150
1108501,30,150
1108549,93,203
1108559,30,150
1109172,49,150
1109191,49,150
1109225,30,150
1109301,49,150
1109414,49,150
1110126,4167,375
1110474,49,150
1110503,30,150
1111171,30,150
1111212,10,147
1111418,49,150
1111703,851,179
1111769,93,203
1111796,30,150
1111957,49,150
1112176,30,150
1112243,30,150
1112254,30,150
1112301,49,150
1112486,49,150
1112591,30,150
1112827,49,150
1112878,30,150
1112889,30,150
1113043,1900,375
1113431,49,150
1113477,49,150
1113604,49,150
1114006,30,150
1114254,49,150
1114298,30,150
1114381,30,150
1114511,49,150
1114709,30,150
1114794,30,150
1114820,49,150
1114976,49,150
1115190,30,150
1115541,30,150
1115730,49,150
1115914,49,150
1116022,49,150
1116376,30,150
1116741,49,150
1116762,30,150
1116774,49,150
1116819,49,150
1116846,49,150
1116984,33,108
1116993,49,150
1117514,49,150
1117590,49,150
1117798,30,150
1118148,49,150
1118227,49,150
1119164,49,150
1119312,819,175
1119932,30,150
1119934,49,150
1119946,30,150
1119964,49,150
1119985,30,150
1119995,49,150
1120181,49,150
1120195,30,150
1120302,841,176
1120427,30,113
1120472,49,150
1120637,49,150
1120870,30,150
1120964,49,150
1121108,49,150
1121115,30,150
1121159,30,150
1121195,49,150
1121464,49,150
1121590,30,150
1121733,30,150
1121743,49,150
1121789,30,150
1122190,30,150
1122246,812,177
1122319,30,150
1122868,30,150
1122880,30,150
1123085,49,150
1123151,30,150
1123389,49,150
1123468,30,150
1123871,49,150
1124073,30,150
1124192,30,150
1124524,30,150
1124658,30,150
1124886,49,150
1125425,894,177
1125451,49,150
1125663,30,150
1125840,30,150
1125959,30,150
1126077,30,150
1126200,30,150
1126708,30,150
1126753,874,187
1126795,30,150
1126997,49,150
1127172,30,150
1127340,93,203
1127514,30,150
1127547,49,150
1127929,30,150
1128099,49,150
1128163,924,179
1128228,49,150
1128351,30,150
1128435,120,95
1128659,49,150
1128733,49,150
1128970,30,150
1129002,49,150
1129571,49,150
1129577,30,150
1129731,49,150
1129808,49,150
1129816,30,150
1129840,30,150
1129951,49,150
1130014,49,150
1130235,30,150
1130260,49,150
1130546,30,150
1130548,30,150
1130748,49,150
1131049,30,150
1131631,30,150
1131704,30,150
1131835,49,150
1132028,49,150
1132100,30,150
1132453,6,147
1132645,49,150
1132904,49,150
1133154,30,150
1133820,30,150
1133851,30,150
1133915,30,150
1134037,30,150
1134114,30,150
1134176,49,150
1134250,30,150
1134300,49,150
1134324,49,150
1134326,30,150
1134967,49,150
1134967,30,150
1134983,49,150
1135071,49,150
1135174,49,150
1135446,49,150
1135802,49,150
1136367,30,150
1136503,30,150
1136537,796,375
1136636,49,150
1136672,30,150
1136850,49,150
1137479,30,150
1137743,49,150
1137857,49,150
1137961,49,150
1137963,30,150
1138328,30,150
1138537,49,150
1138686,30,150
1138803,10,147
1138816,49,150
1139034,30,150
1139037,49,150
1139390,30,150
1139594,49,150
1139693,30,150
1139881,30,150
1139964,30,150
1140186,49,150
1140300,30,150
1140719,49,150
1140880,30,150
1141075,30,150
1141217,30,150
1141367,49,150
1141466,49,150
1141764,30,150
1141787,30,150
1141805,49,150
1141835,49,150
1141988,49,150
1142141,859,174
1142206,49,150
1142435,30,150
1142551,49,150
1142572,30,150
1142636,30,150
1142745,49,150
1143206,49,150
1143616,49,150
1143929,49,150
1143986,30,150
1144029,30,150
1144153,30,150
1144201,30,150
1144379,30,150
1144637,49,150
1144964,49,150
1145056,49,150
1145292,30,150
1145840,30,150
1146019,30,150
1146178,49,150
1146184,49,150
1146564,10,147
1146665,30,150
1146673,49,150
1146684,30,150
1146759,4167,375
1146858,49,150
1146927,49,150
1146939,49,150
1146982,30,150
1147375,30,150
1147639,49,150
1147976,30,150
1148111,49,150
1148111,49,150
1148205,812,177
1148292,49,150
1148395,30,150
1148956,30,150
1149000,30,150
1149508,49,150
1149612,30,150
1149717,30,150
1149734,30,150
1149868,30,150
1149869,49,150
1150091,49,150
1150268,30,150
1150816,49,150
1151298,49,150
1151549,49,150
1151973,30,150
1152352,30,150
1152414,30,150
1152718,30,150
1152753,49,150
1152783,7373,375
1152947,49,150
1153250,10,147
1153391,30,150
1153444,30,150
1153595,49,150
1153726,49,150
1153865,49,150
1154458,49,150
1154507,49,150
1154722,30,150
1154778,30,150
1155047,6,147
1155063,49,150
1155300,49,150
1155389,49,150
1155523,49,150
1155832,49,150
1155855,30,150
1156129,49,150
1156335,49,150
1156632,49,150
1156676,49,150
1156797,30,150
1156804,1900,375
1156810,49,150
1156873,49,150
1157116,49,150
1157147,49,150
1157421,30,150
1157665,49,150
1157742,30,150
1157876,30,150
1158086,49,150
1158295,30,150
1158457,49,150
1159078,49,150
1159589,49,150
1159604,796,375
1159638,30,150
1159690,30,150
1160158,879,185
1160263,49,150
1160281,49,150
1160294,30,150
1160819,30,150
1160880,30,150
1161042,30,150
1161664,49,150
1161830,93,203
1161851,49,150
1161870,30,150
1162229,49,150
1162321,49,150
1162476,30,150
1162753,49,150
1163189,30,150
1163348,30,150
1163380,30,150
1163507,30,150
1163617,30,150
1163727,93,203
1164276,49,150
1164285,30,150
1164430,49,150
1164616,30,150
1164661,49,150
1164662,30,150
1164682,49,150
1164787,96,203
1164802,30,150
1164833,49,150
1164837,30,150
1164905,30,150
1165000,49,150
1165026,93,203
1165039,49,150
1165152,49,150
1166137,30,150
1166199,49,150
1166292,30,150
1166318,30,150
1166327,30,150
1166437,49,150
1166504,30,150
1166646,30,150
1166819,30,150
1167010,49,150
1167532,10,147
1167619,30,150
1167661,30,150
1167717,49,150
1168281,30,150
1168388,49,150
1168393,49,150
1168468,49,150
1168469,831,178
1168858,49,150
1169603,10,147
1169617,30,150
1169897,49,150
1169902,49,150
1169911,49,150
1169922,30,150
1170137,49,150
1170337,30,150
1170427,49,150
1170457,835,128
1170474,30,150
1170657,49,150
1170669,49,150
1170802,49,150
1170895,49,150
1171813,49,150
1171855,30,150
1171876,30,150
1171995,30,150
1172123,10,147
1172266,49,150
1172287,49,150
1172300,30,150
1172538,30,150
1172800,49,150
1172835,49,150
1172849,49,150
1172860,30,150
1173347,30,150
1173364,49,150
1173463,49,150
1173547,49,150
1173847,30,150
1174007,49,150
1174058,120,95
1174148,49,150
1174249,30,150
1174251,30,150
1174299,30,150
1174628,49,150
1174684,49,150
1174957,30,150
1174961,819,181
1175060,10,147
1175078,49,150
1175200,30,150
1175347,49,150
1175436,120,203
1175474,30,150
1175567,30,150
1175749,49,150
1175793,30,150
1175924,30,150
1176279,30,150
1176302,49,150
1176977,30,150
1177018,30,150
1177164,30,150
1177337,49,150
1177339,30,150
1177692,30,150
1177724,93,203
1178034,10,147
1178357,30,150
1178392,49,150
1178790,30,150
1179531,49,150
1179679,30,150
1179882,93,203
1179896,30,150
1180059,30,150
1180200,49,150
1180326,30,150
1180406,30,150
1180506,30,150
1180588,30,150
1180680,30,150
1181169,819,175
1181479,49,150
1181488,93,203
1181496,919,185
1181542,30,150
1181693,10,147
1182228,49,150
1182364,49,150
1182519,49,150
1182955,49,150
1183196,30,150
1183426,49,150
1183435,30,150
1183861,10,147
1183864,30,150
1183911,30,150
1183938,30,150
1183966,30,150
1183973,30,150
1184126,49,150
1184205,30,150
1184450,30,150
1184478,30,150
1184607,30,150
1184913,49,150
1185182,49,150
1185504,30,150
1185675,30,150
1185721,49,150
1185925,49,150
1185987,49,150
1186235,16,91
1186308,30,150
1186486,93,203
1186497,10,147
1186870,841,176
1187400,49,150
1187558,30,150
1187596,49,150
1187690,49,150
1187756,49,150
1187859,30,150
1187925,12,104
1188171,49,150
1188441,49,150
1188571,49,150
1188853,10,147
1189394,49,150
1189399,30,150
1189408,49,150
1189765,30,150
1189967,30,150
1190122,30,150
1190469,30,150
1191568,30,150
1191655,30,150
1191743,30,150
1191798,49,150
1191878,30,150
1192089,30,150
1192375,49,150
1192692,30,150
1192712,49,150
1192946,30,150
1193099,812,177
1193429,30,150
1193450,30,150
1193713,30,150
1193794,30,150
1193878,49,150
1193986,49,150
1194019,49,150
1194112,49,150
1194442,49,150
1194683,49,150
1194750,894,177
1194918,30,150
1194951,30,150
1195208,30,150
1195259,49,150
1195345,49,150
1195460,30,150
1195545,49,150
1195767,49,150
1195927,30,150
1196289,30,150
1196306,49,150
1196319,30,150
1196336,49,150
1196469,30,150
1196548,49,150
1196938,30,150
1196948,30,150
1197088,49,150
1197176,49,150
1197196,49,150
1197212,49,150
1197355,30,150
1197819,30,150
1197869,49,150
1198255,93,203
1198455,49,150
1198483,49,150
1198657,49,150
1198690,30,150
1199223,30,150
1199761,10,147
1199837,49,150
1199858,30,150
1200086,30,150
1200195,49,150
1200199,49,150
1200271,30,150
1200311,49,150
1200472,30,150
1200519,859,174
1200816,49,150
1200886,49,150
1201243,30,150
1201304,10,147
1201503,49,150
1201557,30,150
1201661,49,150
1201690,831,178
1201760,49,150
1201909,30,150
1202020,851,179
1202022,30,150
1202242,30,150
1202356,10,147
1202376,30,150
1202743,30,150
1202749,4167,375
1202794,852,181
1202959,49,150
1202959,49,150
1202960,30,150
1203028,30,150
1203491,49,150
1203616,30,150
1203720,49,150
1204087,30,150
1204186,30,150
1204423,49,150
1204619,30,150
1204675,49,150
1204774,864,185
1204795,870,175
1204821,894,177
1205128,30,150
1205331,49,150
1205445,30,150
1205700,30,150
1205752,30,150
1205820,49,150
1205833,30,150
1205834,172,147
1206038,30,150
1206364,49,150
1206382,30,150
1206557,49,150
1206792,49,150
1207026,49,150
1207161,49,150
1207175,49,150
1207224,49,150
1207415,30,150
1207687,829,179
1207843,628,177
1207900,697,187
1207984,30,150
1208191,30,150
1208335,49,150
1208354,30,150
1208357,30,150
1208563,49,150
1208632,49,150
1208781,30,150
1208910,49,150
1208920,30,150
1208967,49,150
1209019,1900,375
1209721,30,150
1209924,10,147
1210233,30,150
1210291,30,150
1210366,30,150
1210673,49,150
1210718,30,150
1210932,30,150
1210972,49,150
1210996,30,150
1211093,30,150
1211230,49,150
1211412,30,150
1211567,49,150
1211630,49,150
1211763,49,150
1211862,30,150
1211868,49,150
1211946,49,150
1212149,30,150
1212282,10,147
1212302,49,150
1212439,30,150
1212745,950,174
1212978,30,150
1213325,819,181
1213729,30,150
1213746,93,203
1213991,93,203
1214055,49,150
1214305,49,150
1214449,49,150
1214888,49,150
1214997,30,150
1215089,30,150
1215167,49,150
1215190,30,150
1215348,30,150
1215446,49,150
1215648,49,150
1216084,49,150
1216644,49,150
1216716,30,150
1217255,49,150
1217723,49,150
1217747,49,150
1217749,841,176
1217996,49,150
1218100,49,150
1218266,49,150
1218458,49,150
1218542,49,150
1218765,49,150
1219134,10,147
1219199,30,150
1219272,49,150
1219284,30,150
1219399,30,150
1219420,30,150
1219526,49,150
1219559,30,150
1219604,877,185
1219955,49,150
1220143,49,150
1220478,49,150
1220618,49,150
1220645,30,150
1220767,49,150
1220785,30,150
1221006,30,150
1221047,30,150
1221107,49,150
1221196,30,150
1221272,30,150
1221302,30,150
1221512,49,150
1222250,30,150
1222292,30,150
1222384,30,150
1222502,49,150
1222542,30,150
1222652,30,150
1222729,30,150
1222761,49,150
1222988,30,150
1223070,835,128
1223342,49,150
1223380,30,150
1223381,49,150
1223581,49,150
1223588,6,147
1224024,49,150
1224095,30,150
1224183,30,150
1224243,831,178
1224689,49,150
1224755,93,203
1224848,30,150
1225074,30,150
1225462,49,150
1225559,49,150
1225780,677,176
1225848,30,150
1225879,49,150
1226000,874,187
1226124,30,150
1226213,49,150
1226337,30,150
1226371,49,150
1226437,30,150
1226557,30,150
1226693,10,147
1226920,30,150
1227385,49,150
1227390,49,150
1227557,30,150
1227573,30,150
1227746,143,121
1227804,49,150
1227875,10,147
1227992,30,150
1228061,49,150
1228164,49,150
1228315,30,150
1228353,93,203
1228504,49,150
1228550,49,150
1228985,49,150
1229161,49,150
1229207,49,150
1229217,30,150
1229387,49,150
1230285,93,203
1230682,49,150
1230691,30,150
1230731,49,150
1230794,30,150
1230813,30,150
1231051,30,150
1231093,49,150
1231435,49,150
1231443,30,150
1231561,30,150
1231760,49,150
1231829,30,150
1231832,30,150
1231956,49,150
1232005,49,150
1232140,30,150
1232217,49,150
1232382,879,185
1232543,861,178
1232787,49,150
1232851,49,150
1232957,30,150
1233149,49,150
1233482,26031,148
1233650,30,150
1233903,30,150
1234039,243,203
1234100,30,150
1234400,10,147
1234559,49,150
1235410,30,150
1235505,49,150
1235527,30,150
1235583,49,150
1236023,30,150
1236501,49,150
1236588,49,150
1236633,30,150
1236829,49,150
1237079,30,150
1237558,30,150
1237753,113,127
1238044,30,150
1238220,49,150
1238302,49,150
1238889,30,150
1238961,30,150
1239018,30,150
1239062,49,150
1239175,49,150
1239658,49,150
1239834,30,150
1239992,49,150
1240078,49,150
1240262,49,150
1240521,49,150
1240602,49,150
1240669,30,150
1240938,49,150
1241091,30,150
1241636,30,150
1241636,49,150
1241697,93,203
1241745,49,150
1241787,919,185
1241901,30,150
1242058,49,150
1242100,30,150
1242250,49,150
1242427,30,150
1242596,30,150
1242779,30,150
1242901,924,179
1242920,833,177
1243056,49,150
1243154,49,150
1243163,49,150
1243459,10,147
1244156,49,150
1244252,3,125
1244339,30,150
1244370,49,150
1244400,49,150
1244611,30,150
1244681,30,150
1244776,49,150
1244946,10,147
1244950,19137,148
1245044,30,150
1245156,49,150
1245267,49,150
1245698,30,150
1246055,30,150
1246075,30,150
1246168,30,150
1246235,49,150
1246898,30,150
1247094,30,150
1247243,7373,375
1247416,49,150
1247513,49,150
1247708,49,150
1248141,49,150
1248217,49,150
1248658,652,178
1248667,30,150
1248848,30,150
1248948,30,150
1249265,49,150
1249709,49,150
1249867,30,150
1250012,30,150
1250310,49,150
1250319,30,150
1250556,49,150
1250645,93,203
1250718,120,95
1251020,49,150
1251064,796,375
1251269,30,150
1251523,30,150
1251536,49,150
1251639,93,203
1251832,30,150
1251927,30,150
1252092,30,150
1252272,10,147
1252390,30,150
1254040,30,150
1254183,30,150
1254361,30,150
1254712,819,175
1254985,49,150
1255044,49,150
1255047,49,150
1255437,49,150
1255465,30,150
1255583,49,150
1255673,30,150
1255878,49,150
1255981,30,150
1256007,30,150
1256251,30,150
1256358,30,150
1256474,49,150
1256671,30,150
1256745,30,150
1256805,49,150
1256808,30,150
1256992,49,150
1257171,49,150
1257307,30,150
1257900,10,147
1257943,30,150
1258235,30,150
1258327,841,176
1258839,49,150
1258909,49,150
1259214,18180,148
1259226,30,150
1259278,49,150
1259366,49,150
1259464,49,150
1259526,827,179
1259846,49,150
1260046,30,150
1260078,49,150
1260585,49,150
1260669,30,150
1260785,30,150
1260795,49,150
1260828,49,150
1261218,49,150
1261290,10,147
1261305,49,150
1261480,49,150
1261595,30,150
1261864,49,150
1261951,30,150
1261958,30,150
1262094,49,150
1262103,30,150
1262764,30,150
1262907,49,150
1263325,30,150
1263470,30,150
1263623,924,179
1263708,30,150
1263812,49,150
1263872,30,150
1263900,49,150
1264210,30,150
1264479,30,150
1264480,49,150
1264722,30,150
1264773,30,150
1264886,49,150
1264914,30,150
1265242,49,150
1265307,49,150
1265464,30,150
1265669,10,147
1265690,30,150
1265932,49,150
1266105,30,150
1266525,30,150
1266696,49,150
1266945,49,150
1267037,30,150
1267117,812,177
1267389,30,150
1267426,30,150
1267475,30,150
1267734,10,147
1267748,49,150
1267807,919,185
1267996,879,185
1268009,30,150
1268116,49,150
1268144,30,150
1268500,30,150
1268671,30,150
1269048,49,150
1269464,11,106
1269489,30,150
1270087,49,150
1270281,49,150
1270297,49,150
1270340,819,175
1270356,30,150
1270496,30,150
1270857,30,150
1270902,49,150
1271019,30,150
1271112,30,150
1271162,30,150
1271524,30,150
1271612,30,150
1271625,49,150
1271691,30,150
1272135,30,150
1272622,30,150
1272943,30,150
1272957,49,150
1273030,30,150
1273139,894,177
1273169,30,150
1273237,30,150
1273700,30,150
1274638,30,150
1274705,49,150
1274727,49,150
1274750,49,150
1274755,30,150
1274998,49,150
1275048,30,150
1275140,49,150
1275141,30,150
1275362,30,150
1275694,30,150
1276367,30,150
1276587,30,150
1276804,49,150
1276863,49,150
1276919,49,150
1277260,30,150
1277351,30,150
1277375,49,150
1277445,30,150
1277805,30,150
1278024,4167,375
1278313,30,150
1278531,30,150
1278538,30,150
1278589,30,150
1278629,30,150
1278685,49,150
1278765,30,150
1278929,49,150
1279175,30,150
1280031,49,150
1280181,49,150
1280184,30,150
1280279,30,150
1280663,30,150
1280904,30,150
1280924,30,150
1280954,10,147
1281375,30,150
1281685,49,150
1281705,30,150
1281857,30,150
1281896,30,150
1282029,49,150
1282044,49,150
1282072,93,203
1282094,30,150
1282121,49,150
1282342,924,179
1282463,10,147
1282488,10,147
1282591,49,150
1282767,49,150
1283081,7373,375
1283109,30,150
1283561,10,147
1283569,30,150
1283731,49,150
1283767,30,150
1283941,49,150
1284130,30,150
1284226,30,150
1284511,49,150
1284717,93,203
1284735,49,150
1284943,49,150
1285045,49,150
1285280,30,150
1285332,49,150
1285427,49,150
1285524,49,150
1285616,30,150
1285831,14,113
1285904,49,150
1285933,49,150
1285995,49,150
1286105,796,375
1286271,120,95
1286854,30,150
1286903,49,150
1286976,49,150
1287366,835,128
1287485,30,150
1287506,49,150
1287658,49,150
1287892,30,150
1288461,49,150
1288515,49,150
1288668,49,150
1288748,49,150
1288796,30,150
1288815,30,150
1288825,49,150
1288908,49,150
1289003,30,150
1289158,49,150
1289268,49,150
1289535,49,150
1289830,30,150
1290012,30,150
1290041,49,150
1290140,49,150
1290153,30,150
1290253,49,150
1290322,49,150
1290325,49,150
1290369,49,150
1290383,30,150
1290453,30,150
1290584,49,150
1290918,30,150
1290949,49,150
1290950,49,150
1291077,30,150
1291160,30,150
1291161,819,175
1291191,30,150
1291550,30,150
1291791,30,150
1292033,859,174
1292151,49,150
1292256,30,150
1292396,30,150
1292771,30,150
1293293,49,150
1293295,30,150
1293312,49,150
1293903,49,150
1294634,49,150
1294636,30,150
1294689,30,150
1294804,49,150
1294825,49,150
1295066,30,150
1295178,30,150
1295284,49,150
1295287,49,150
1295362,49,150
1295500,30,150
1295564,49,150
1295738,49,150
1295794,10,147
1295880,49,150
1295931,49,150
1296006,30,150
1296338,49,150
1296339,49,150
1296552,30,150
1296575,30,150
1296644,30,150
1297154,49,150
1297211,30,150
1297291,30,150
1297388,874,187
1297614,30,150
1297702,30,150
1297808,49,150
1297811,49,150
1297830,49,150
1298311,49,150
1298427,30,150
1298449,30,150
1298672,49,150
1298891,30,150
1298951,49,150
1299021,49,150
1299154,49,150
1299159,30,150
1299189,49,150
1299318,49,150
1299596,49,150
1299911,49,150
1299925,30,150
1299925,30,150
1300140,30,150
1300266,30,150
1300284,30,150
1300321,7373,375
1300549,30,150
1300630,30,150
1300818,30,150
1301073,49,150
1301293,49,150
1301317,49,150
1301431,30,150
1301541,819,181
1301724,49,150
1302062,49,150
1302106,30,150
1302384,30,150
1302671,49,150
1302687,851,179
1302762,49,150
1303126,30,150
1303353,851,179
1303506,49,150
1303621,49,150
1304013,919,185
1304046,30,150
1304321,30,150
1304351,93,203
1304710,30,150
1304793,49,150
1304958,30,150
1305035,6,147
1305099,30,150
1305172,93,203
1305313,49,150
1305396,49,150
1305412,49,150
1305470,30,150
1305508,10,147
1305831,49,150
1305916,30,150
1306007,30,150
1306027,30,150
1306032,49,150
1306292,30,150
1306388,30,150
1306471,30,150
1306533,49,150
1306577,49,150
1306795,49,150
1306983,49,150
1307044,30,150
1307058,30,150
1307512,30,150
1307985,93,203
1308326,49,150
1308615,49,150
1308972,49,150
1309401,49,150
1309517,30,150
1309702,49,150
1309815,30,150
1310255,30,150
1310354,49,150
1310382,41,150
1310409,30,150
1310448,30,150
1310787,49,150
1310835,49,150
1310878,49,150
1311198,49,150
1311207,49,150
1311324,49,150
1311472,30,150
1311869,49,150
1311920,49,150
1311953,30,150
1311979,30,150
1312155,49,150
1312355,49,150
1312589,30,150
1312802,49,150
1313302,10,147
1313314,49,150
1313360,49,150
1313540,49,150
1313628,30,150
1313829,30,150
1314117,10,147
1314275,49,150
1314323,1900,375
1314520,49,150
1314762,49,150
1314801,30,150
1314874,49,150
1315038,49,150
1315226,49,150
1315372,10,147
1315578,49,150
1315690,258,203
1315699,93,203
1316040,30,150
1316086,49,150
1316141,30,150
1316209,30,150
1316221,49,150
1316352,49,150
1316524,49,150
1316612,93,203
1316649,30,150
1316885,49,150
1316997,30,150
1317159,49,150
1317184,49,150
1317194,30,150
1317202,30,150
1317341,49,150
1317415,49,150
1317486,30,150
1317644,30,150
1317777,49,150
1317796,30,150
1318169,49,150
1318223,49,150
1318243,30,150
1318431,30,150
1318465,30,150
1318784,30,150
1318825,30,150
1318828,49,150
1319124,49,150
1319202,49,150
1319369,49,150
1319465,93,203
1319559,49,150
1319718,30,150
1319735,30,150
1319880,49,150
1319905,30,150
1320402,49,150
1320433,30,150
1320959,30,150
1321083,30,150
1321133,30,150
1321486,879,185
1321584,30,150
1321632,30,150
1321782,49,150
1322293,30,150
1322351,30,150
1322632,49,150
1322717,49,150
1323306,30,150
1323338,49,150
1323570,49,150
1323628,49,150
1323652,30,150
1323811,30,150
1323877,30,150
1324150,49,150
1324161,49,150
1324187,879,185
1324325,30,150
1324400,30,150
1324412,30,150
1324473,30,150
1324512,49,150
1324701,49,150
1324783,30,150
1325103,30,150
1325221,30,150
1325631,30,150
1325664,30,150
1325970,30,150
1326003,30,150
1326069,30,150
1326078,5,127
1326189,49,150
1326227,49,150
1326340,49,150
1326398,30,150
1326558,49,150
1326772,49,150
1326880,49,150
1326961,30,150
1326977,93,203
1326997,49,150
1327120,49,150
1327201,30,150
1327246,49,150
1327379,49,150
1327421,30,150
1327459,30,150
1327516,30,150
1327588,30,150
1327612,30,150
1327809,49,150
1328052,49,150
1328255,831,178
1328318,30,150
1328402,30,150
1328438,49,150
1328568,93,203
1328926,49,150
1328939,30,150
1329557,49,150
1329602,30,150
1329683,10,147
1329792,30,150
1329930,30,150
1330052,49,150
1330468,30,150
1330582,49,150
1330611,49,150
1330725,10,147
1330838,6,147
1331165,30,150
1331189,841,176
1331264,83,174
1331469,30,150
1331613,49,150
1332596,49,150
1332864,49,150
1333050,30,150
1333317,93,203
1333334,30,150
1333530,30,150
1333689,49,150
1333697,30,150
1333709,49,150
1333982,30,150
1334283,49,150
1334312,30,150
1334473,30,150
1334510,30,150
1334529,120,95
1334715,49,150
1334927,859,174
1335058,30,150
1335173,49,150
1335197,49,150
1335317,30,150
1335590,30,150
1335592,49,150
1335761,10,147
1336105,30,150
1336141,49,150
1336147,831,178
1336174,30,150
1336211,30,150
1336217,30,150
1336405,49,150
1336675,49,150
1336692,49,150
1337208,30,150
1337216,10,147
1337396,30,150
1337995,56,203
1338158,49,150
1338306,49,150
1338521,30,150
1338584,30,150
1338880,30,150
1339203,30,150
1339308,49,150
1339357,49,150
1339373,30,150
1339496,30,150
1339675,49,150
1339839,49,150
1340133,93,203
1340607,30,150
1340785,49,150
1341108,30,150
1341137,30,150
1341178,93,203
1341295,4167,375
1341759,30,150
1341902,30,150
1341928,49,150
1342352,49,150
1342390,49,150
1342585,49,150
1342936,30,150
1343024,49,150
1343523,30,150
1343635,49,150
1343670,49,150
1344101,30,150
1344120,30,150
1344466,49,150
1344525,30,150
1344652,30,150
1344764,49,150
1344822,49,150
1345189,30,150
1345234,49,150
1345460,49,150
1345483,30,150
1345484,49,150
1345649,49,150
1345784,49,150
1345843,49,150
1346151,49,150
1346178,49,150
1346214,30,150
1346414,30,150
1346432,49,150
1346438,49,150
1346495,30,150
1346655,93,203
1346716,49,150
1347083,10,147
1347170,49,150
1347631,30,150
1347790,30,150
1348015,49,150
1348116,49,150
1348357,49,150
1348381,49,150
1348642,30,150
1349038,30,150
1349093,30,150
1349120,30,150
1349146,49,150
1349187,851,179
1349402,49,150
1349715,49,150
1349828,49,150
1350303,30,150
1350397,49,150
1350451,30,150
1350505,49,150
1350601,49,150
1350797,30,150
1350988,919,185
1351066,30,150
1351087,30,150
1351525,874,187
1351613,30,150
1351899,49,150
1351940,49,150
1352000,49,150
1352023,10,147
1352176,30,150
1352317,49,150
1352377,30,150
1352506,49,150
1353043,49,150
1353388,30,150
1353650,30,150
1354076,30,150
1354225,49,150
1354438,30,150
1354560,819,181
1354629,49,150
1354750,49,150
1354817,49,150
1354925,30,150
1355013,30,150
1355525,49,150
1355538,49,150
1355579,30,150
1355594,10,147
1355633,30,150
1356116,30,150
1356485,49,150
1356602,49,150
1356645,30,150
1356712,49,150
1357121,49,150
1357216,49,150
1357279,49,150
1357591,49,150
1357641,49,150
1357914,49,150
1358131,49,150
1358380,49,150
1359062,49,150
1359064,30,150
1359226,49,150
1359251,49,150
1360036,30,150
1360352,30,150
1360363,30,150
1360560,30,150
1360835,49,150
1361307,30,150
1361512,30,150
1361531,49,150
1361674,49,150
1361677,49,150
1361712,1900,375
1361729,796,375
1361750,30,150
1361800,30,150
1361807,30,150
1362045,30,150
1362385,49,150
1362714,49,150
1362819,30,150
1362988,10,147
1363699,49,150
1363746,30,150
1364227,49,150
1364301,93,203
1364345,30,150
1364515,30,150
1364518,49,150
1364597,49,150
1364800,30,150
1364877,49,150
1364986,874,187
1365003,30,150
1365307,49,150
1365564,49,150
1365787,894,177
1365968,30,150
1366188,30,150
1366240,49,150
1366660,49,150
1366759,30,150
1367088,49,150
1367282,49,150
1367590,49,150
1367787,49,150
1367804,30,150
1367855,49,150
1368106,30,150
1368234,93,203
1368396,13,109
1368689,30,150
1368723,30,150
1368835,49,150
1368975,49,150
1369128,30,150
1369336,30,150
1369464,49,150
1369761,49,150
1369798,30,150
1370053,49,150
1370118,49,150
1370263,30,150
1370602,30,150
1370647,10,147
1370869,10,147
1370983,30,150
1371059,49,150
1371064,49,150
1371477,49,150
1371529,30,150
1371799,30,150
1371836,49,150
1372211,30,150
1372297,30,150
1372504,30,150
1372562,49,150
1372754,49,150
1372902,30,150
1373122,49,150
1373330,30,150
1373355,812,177
1373422,49,150
1373498,49,150
1373571,49,150
1373782,30,150
1373798,49,150
1373819,49,150
1373864,30,150
1373916,49,150
1373968,120,95
1374071,49,150
1374118,30,150
1374143,30,150
1374148,49,150
1374492,49,150
1374631,49,150
1374721,30,150
1374855,30,150
1375508,49,150
1375517,30,150
1375979,30,150
1376014,30,150
1376101,49,150
1376476,30,150
1376512,30,150
1376528,49,150
1376681,30,150
1376828,30,150
1376911,30,150
1376993,30,150
1377119,819,175
1377229,49,150
1377396,30,150
1377496,49,150
1377670,49,150
1377738,49,150
1377831,651,137
1378148,30,150
1378495,835,128
1378678,30,150
1378698,30,150
1378723,30,150
1378748,49,150
1379139,49,150
1379169,30,150
1379309,10,147
1379381,10,147
1379384,49,150
1379476,841,176
1379482,49,150
1379629,49,150
1379922,49,150
1380335,7373,375
1380678,30,150
1380679,49,150
1380751,30,150
1380826,49,150
1380907,30,150
1381235,30,150
1381424,1887,159
1381497,30,150
1381586,30,150
1381627,30,150
1382055,49,150
1382198,30,150
1382304,30,150
1382341,812,177
1382466,30,150
1382490,30,150
1382494,30,150
1382747,894,177
1382786,49,150
1383015,30,150
1383174,30,150
1383273,49,150
1383387,30,150
1383527,49,150
1383729,924,179
1383769,93,203
1383774,49,150
1383817,30,150
1384082,30,150
1384148,30,150
1384554,49,150
1384564,30,150
1384720,49,150
1384801,30,150
1384953,30,150
1385059,49,150
1385311,30,150
1385405,30,150
1385602,30,150
1385869,49,150
1385883,30,150
1386259,30,150
1386414,49,150
1386441,49,150
1386620,93,203
1386771,30,150
1387058,49,150
1387139,879,185
1387220,30,150
1387423,10,147
1387430,30,150
1387664,30,150
1388168,49,150
1388180,30,150
1388201,49,150
1388625,49,150
1388683,30,150
1388695,49,150
1388798,49,150
1388893,49,150
1388955,30,150
1389535,30,150
1389867,49,150
1389929,30,150
1389939,30,150
1390199,49,150
1390375,49,150
1390408,49,150
1390411,49,150
1390564,49,150
1390879,49,150
1390892,30,150
1390962,93,203
1391050,30,150
1391071,30,150
1391100,49,150
1391295,859,174
1391521,30,150
1391588,30,150
1391662,49,150
1391812,49,150
1391926,30,150
1392013,49,150
1392020,49,150
1392452,49,150
1392470,49,150
1392522,49,150
1392696,49,150
1392699,30,113
1392899,30,150
1392956,10,147
1393061,49,150
1393456,49,150
1393463,49,150
1393465,30,150
1393565,49,150
1393722,30,150
1393821,30,150
1393981,30,150
1394146,49,150
1394230,49,150
1394288,30,150
1394534,49,150
1394622,49,150
1394881,49,150
1394943,10,147
1395132,49,150
1395364,30,150
1395532,49,150
1395578,30,150
1395641,30,150
1396301,49,150
1396326,30,150
1396358,30,150
1396382,49,150
1396591,49,150
1396851,10,147
1396979,30,150
1396986,49,150
1397366,30,150
1397582,30,150
1397747,30,150
1397898,49,150
1397914,30,150
1397976,49,150
1397986,30,150
1398029,30,150
1398057,49,150
1398122,30,150
1398482,49,150
1398581,30,150
1398876,796,375
1398904,30,150
1399554,30,150
1399934,30,150
1399976,30,150
1400000,30,150
1400152,49,150
1400184,49,150
1400291,30,150
1400341,49,150
1400344,49,150
1400429,49,150
1400550,30,150
1400986,30,150
1401326,30,150
1401388,49,150
1401394,30,150
1401476,49,150
1401506,49,150
1401950,30,150
1402158,49,150
1402438,49,150
1402848,30,150
1402914,49,150
1403165,49,150
1403210,49,150
1403291,49,150
1403318,49,150
1403362,30,150
1403523,30,150
1403675,49,150
1403707,30,150
1403963,49,150
1404541,30,150
1404682,49,150
1404687,49,150
1404810,49,150
1405259,49,150
1405270,30,150
1405909,10,147
1406023,49,150
1406154,49,150
1406374,30,150
1406489,49,150
1406678,49,150
1406707,49,150
1406754,49,150
1406880,49,150
1407115,49,150
1407197,93,203
1407618,30,150
1407760,49,150
1408090,30,150
1408450,30,150
1408549,835,128
1408587,30,150
1408851,49,150
1408933,10,147
1409041,30,150
1409232,49,150
1409351,49,150
1409591,30,150
1409624,30,150
1409891,30,150
1410128,30,150
1410518,49,150
1410815,49,150
1410837,30,150
1410881,49,150
1410954,30,150
1411113,30,150
1411285,30,150
1411364,30,150
1411523,30,150
1411527,30,150
1411565,49,150
1411685,30,150
1411827,49,150
1411866,30,150
1411999,49,150
1412037,49,150
1412278,49,150
1412465,30,150
1412778,30,150
1412859,49,150
1412971,49,150
1413634,30,150
1413689,6,147
1413776,30,150
1413924,49,150
1414184,49,150
1414568,49,150
1414592,30,150
1414783,49,150
1415012,30,150
1415064,49,150
1415085,30,150
1415388,30,150
1415432,30,150
1415514,30,150
1415858,49,150
1415980,30,150
1416175,49,150
1416214,49,150
1416290,30,150
1416554,30,150
1416582,49,150
1416611,30,150
1416629,49,150
1417036,10,147
1417136,33,108
1417152,30,150
1417483,49,150
1417575,30,150
1417619,30,150
1417781,49,150
1417943,49,150
1418011,30,150
1418147,10,147
1418251,49,150
1418374,10,147
1418392,49,150
1418509,49,150
1418749,93,203
1419037,49,150
1419081,30,150
1419315,49,150
1419357,49,150
1419373,30,150
1419597,49,150
1419779,49,150
1419898,49,150
1419916,30,150
1420218,30,150
1420634,49,150
1420800,49,150
1420803,49,150
1421194,30,150
1421216,49,150
1421291,49,150
1421295,93,203
1421401,49,150
1421605,30,150
1421663,49,150
1421681,49,150
1421821,49,150
1421972,30,150
1422027,30,150
1422221,49,150
1422229,30,150
1422307,30,150
1422541,30,150
1422623,49,150
1422767,49,150
1423259,30,150
1423418,49,150
1423525,49,150
1423525,30,150
1423820,30,150
1424155,49,150
1424225,30,150
1424293,10,147
1424453,10,147
1424466,49,150
1424728,30,150
1424883,49,150
1424969,49,150
1425051,30,150
1425182,49,150
1425373,49,150
1425528,1900,375
1425758,49,150
1425774,49,150
1426025,49,150
1426073,30,150
1426164,49,150
1426216,4167,375
1426247,30,150
1426396,49,150
1427083,49,150
1427177,49,150
1427204,49,150
1427428,30,150
1427632,49,150
1427729,30,150
1427750,49,150
1427982,49,150
1428020,30,150
1428846,93,203
1428859,49,150
1429194,49,150
1429279,49,150
1429446,49,150
1429518,30,150
1429594,49,150
1429920,30,150
1429943,30,150
1430090,1887,159
1430119,30,150
1430141,30,150
1430190,49,150
1430311,30,150
1430352,30,150
1430378,30,150
1430424,30,150
1430880,30,150
1431203,49,150
1431292,30,150
1431356,91,203
1431419,30,150
1431479,30,150
1431599,30,150
1431608,49,150
1431749,30,150
1431863,49,150
1432453,30,150
1432594,49,150
1432722,30,150
1432756,49,150
1433098,49,150
1433448,49,150
1433582,10,147
1433618,30,150
1433794,30,150
1434550,30,150
1434822,30,150
1435005,49,150
1435134,30,150
1435176,30,150
1435251,49,150
1435374,30,150
1435982,30,150
1436026,49,150
1436038,30,150
1436123,49,150
1436161,30,150
1436172,30,150
1436409,49,150
1436667,49,150
1436690,30,150
1436778,30,150
1436994,49,150
1437167,30,150
1437232,49,150
1437280,49,150
1437673,30,150
1437681,30,150
1438019,30,150
1438038,49,150
1438113,30,150
1438210,49,150
1438283,30,150
1438776,49,150
1439004,30,150
1439094,30,150
1439277,93,203
1439328,49,150
1439360,819,175
1439572,30,150
1439577,49,150
1439590,819,181
1439826,49,150
1439844,30,150
1439853,30,150
1440050,49,150
1440130,49,150
1440220,30,150
1440257,30,150
1440279,30,150
1440282,49,150
1440507,49,150
1440596,30,150
1440795,30,150
1441113,49,150
1441477,49,150
1441718,49,150
1441795,49,150
1441912,30,150
1442008,10,147
1442223,49,150
1442297,30,150
1442311,30,150
1442324,10,147
1442421,49,150
1442445,120,95
1442462,30,150
1442742,10,147
1442835,30,150
1442858,93,203
1442973,30,150
1443201,30,150
1443204,30,150
1443275,49,150
1443353,49,150
1443571,30,150
1443616,6,147
1443884,30,150
1444093,49,150
1444137,835,128
1444196,49,150
1444360,831,178
1444613,859,174
1444777,49,150
1445188,49,150
1445435,30,150
1445532,30,150
1445648,49,150
1446123,30,150
1446218,49,150
1446489,819,181
1446550,30,150
1446608,10,147
1446629,30,150
1446693,30,150
1446885,49,150
1447028,49,150
1447190,49,150
1447253,30,150
1447368,49,150
1447435,93,203
1448341,30,150
1448362,49,150
1448389,30,150
1448668,49,150
1448910,49,150
1449038,30,150
1449203,30,150
1449397,30,150
1449624,49,150
1449738,30,150
1449972,49,150
1450063,30,150
1450222,30,150
1450249,30,150
1450435,49,150
1450486,49,150
1450996,30,150
1451257,49,150
1451275,30,150
1451614,812,177
1451647,30,150
1452403,30,150
1452410,49,150
1452504,30,150
1452578,49,150
1452698,30,150
1452723,49,150
1452799,49,150
1452806,30,150
1452895,30,150
1453016,49,150
1454111,30,150
1454387,49,150
1454552,49,150
1455576,841,176
1455668,30,150
1455721,93,203
1456228,30,150
1457165,49,150
1457300,49,150
1457385,49,150
1457407,120,203
1457459,49,150
1457575,30,150
1457981,49,150
1458192,30,150
1458503,30,150
1458699,49,150
1458975,30,150
1459190,49,150
1459284,30,150
1459314,30,150
1459508,49,150
1459832,49,150
1459887,93,203
1460028,49,150
1460064,49,150
1460074,49,150
1460221,49,150
1461086,49,150
1461232,93,203
1461332,49,150
1461733,4167,375
1461840,49,150
1462057,49,150
1462110,30,150
1462377,30,150
1462562,49,150
1462949,30,150
1463061,49,150
1463209,30,150
1463267,30,150
1463346,652,178
1463600,49,150
1463993,30,150
1464015,49,150
1464348,30,150
1464428,30,150
1464498,10,147
1464653,30,150
1465062,49,150
1465127,49,150
1465469,49,150
1465500,49,150
1465763,30,150
1465805,30,150
1465845,30,150
1465976,49,150
1466613,49,150
1466681,30,150
1466778,49,150
1466809,49,150
1466939,49,150
1467052,49,150
1467053,30,150
1467337,30,150
1467355,30,150
1467360,30,150
1467495,49,150
1467640,49,150
1467653,49,150
1467758,30,150
1467951,49,150
1467968,49,150
1468041,30,150
1468439,49,150
1468508,30,150
1468843,30,150
1468937,30,150
1469070,49,150
1469157,30,150
1469498,30,150
1469793,30,150
1469831,49,150
1469846,30,150
1470008,30,150
1470384,30,150
1470400,49,150
1470626,30,150
1470872,49,150
1470971,30,150
1471086,49,150
1471093,49,150
1471104,93,203
1471287,894,177
1471370,49,150
1471443,30,150
1471609,30,150
1471845,49,150
1471854,49,150
1471901,30,150
1472151,30,150
1472190,30,150
1472201,49,150
1472361,49,150
1472528,30,150
1472616,10,147
1472671,49,150
1472715,30,150
1472780,30,150
1472818,10,147
1472948,49,150
1472995,586,137
1473142,49,150
1473370,30,150
1473630,49,150
1473806,49,150
1474232,49,150
1474242,30,150
1474324,30,150
1474443,49,150
1474467,49,150
1474480,49,150
1474683,49,150
1474836,30,150
1475018,49,150
1475530,30,150
1476115,30,150
1476133,30,150
1476377,12,104
1476413,49,150
1476989,49,150
1477075,49,150
1477305,49,150
1477513,30,150
1477526,49,150
1477979,30,150
1478127,30,150
1478292,49,150
1478298,30,150
1478480,49,150
1478688,30,150
1478883,30,150
1478896,16,91
1479489,30,150
1479776,93,203
1480041,49,150
1480048,49,150
1480164,874,187
1480211,30,150
1480233,49,150
1480459,30,150
1480511,919,185
1480521,30,150
1480657,49,150
1481042,30,150
1481150,49,150
1481200,30,150
1481224,49,150
1481479,30,150
1481680,30,150
1481696,10,147
1481718,49,150
1481760,49,150
1481877,30,150
1481898,30,150
1481928,30,150
1481990,49,150
1482083,49,150
1482085,30,150
1482197,30,150
1482402,93,203
1482456,49,150
1482691,49,150
1482693,851,179
1482889,49,150
1482904,49,150
1483114,30,150
1483138,49,150
1483144,30,150
1483156,30,150
1483327,49,150
1483401,30,150
1483655,49,150
1483687,30,150
1483748,49,150
1483800,30,150
1483859,49,150
1483962,49,150
1484251,1900,375
1484669,827,179
1485079,30,150
1485441,30,150
1485691,49,150
1485736,49,150
1485827,30,150
1486013,30,150
1486087,874,187
1486303,49,150
1486660,49,150
1486823,30,150
1487132,30,150
1487224,30,150
1487284,49,150
1487343,49,150
1487381,49,150
1487463,30,150
1487475,819,181
1487485,10,147
1487624,30,150
1487654,796,375
1487760,30,150
1488032,30,150
1488339,30,150
1488361,30,150
1488716,49,150
1488837,879,185
1488847,49,150
1489013,30,150
1489246,10,147
1489929,49,150
1490159,49,150
1490178,30,150
1490238,49,150
1490486,30,150
1490523,30,150
1490565,49,150
1490832,49,150
1491496,30,150
1491607,30,150
1491729,49,150
1491847,49,150
1492029,30,150
1492241,30,150
1492335,30,150
1493135,49,150
1493162,49,150
1493177,49,150
1493298,49,150
1493315,30,150
1493407,30,150
1493555,30,150
1493661,49,150
1493690,49,150
1493805,49,150
1494201,30,150
1494424,10,147
1494854,49,150
1495410,30,150
1495497,924,179
1495812,30,150
1495936,30,150
1496005,41,150
1496155,30,150
1496209,49,150
1496325,30,150
1496630,10,147
1496743,49,150
1496977,7373,375
1497002,30,150
1497034,30,150
1497559,49,150
1497673,30,150
1497824,30,150
1497854,49,150
1497914,49,150
1498160,30,150
1498282,49,150
1498605,30,150
1498923,30,150
1498944,49,150
1498945,49,150
1499259,49,150
1499312,30,150
1499807,49,150
1500569,49,150
1500824,30,150
1500913,30,150
1500961,30,150
1501091,30,150
1501166,30,150
1501372,30,150
1501579,49,150
1501757,30,150
1501842,30,150
1501947,30,150
1502114,49,150
1502203,49,150
1502254,30,150
1502322,49,150
1502385,30,150
1502437,894,177
1502754,49,150
1502902,10,147
1503038,30,150
1503053,831,178
1503078,93,203
1503093,49,150
1503143,30,150
1503409,49,150
1503431,924,179
1503433,30,150
1503656,30,150
1503734,919,185
1503942,49,150
1504068,30,150
1504134,49,150
1504374,30,150
1504596,30,150
1504697,30,150
1504729,30,150
1504926,30,150
1504962,49,150
1505085,30,150
1505118,49,150
1505449,30,150
1505929,113,127
1506004,49,150
1506157,30,150
1506168,49,150
1506671,30,150
1506734,30,150
1506755,30,150
1506763,30,150
1507118,49,150
1507213,30,150
1507268,49,150
1507559,49,150
1507778,30,150
1507794,49,150
1508314,30,150
1508324,49,150
1508404,49,150
1508538,93,203
1508656,30,150
1508784,49,150
1508944,829,179
1508974,49,150
1509002,49,150
1509699,49,150
1509771,4167,375
1509976,49,150
1510160,49,150
1510209,10,147
1510414,49,150
1510848,30,150
1510854,30,150
1510986,812,177
1511041,49,150
1511324,30,150
1511329,30,150
1511610,30,150
1511789,7373,375
1511958,49,150
1511996,677,176
1512519,49,150
1512678,10,147
1512941,30,150
1513019,49,150
1513244,49,150
1513790,49,150
1514275,628,177
1514410,30,150
1514766,30,150
1514934,841,176
1515106,49,150
1515152,851,179
1515716,49,150
1515740,49,150
1516439,49,150
1516622,30,150
1516661,49,150
1516813,30,150
1517090,30,150
1517198,30,150
1517654,6,147
1517970,30,150
1518046,30,150
1518058,10,147
1518060,30,150
1518134,30,150
1518190,30,150
1518427,30,150
1518651,877,185
1518686,93,203
1519023,30,150
1519183,851,179
1519399,30,150
1519410,49,150
1519437,49,150
1519615,30,150
1519840,30,150
1520420,30,150
1520492,93,203
1520695,49,150
1520787,30,150
1521090,30,150
1521328,30,150
1521386,10,147
1521533,49,150
1521734,49,150
1521851,49,150
1521969,30,150
1522311,30,150
1523472,30,150
1523527,10,147
1523686,30,150
1523771,30,150
1523794,49,150
1523854,30,150
1524017,49,150
1524073,30,150
1524097,835,128
1524131,93,203
1524220,49,150
1524226,30,150
1524423,49,150
1524559,30,150
1524576,30,150
1524638,30,150
1524932,30,150
1524990,30,150
1525122,49,150
1525214,30,150
1525306,93,203
1525376,49,150
1525482,30,150
1525539,30,150
1525590,859,174
1525620,30,150
1525664,49,150
1525904,30,150
1526115,49,150
1526126,30,150
1526674,30,150
1526770,49,150
1527089,30,150
1527133,49,150
1527677,49,150
1527909,30,150
1528276,30,150
1528308,49,150
1528729,49,150
1529655,49,150
1530252,49,150
1530500,49,150
1530766,10,147
1530955,30,150
1530977,49,150
1530992,49,150
1531001,49,150
1531092,30,150
1531099,49,150
1531134,30,150
1531136,49,150
1531203,30,150
1531249,30,150
1531315,49,150
1531656,30,150
1531855,49,150
1532003,49,150
1532242,49,150
1532603,859,174
1532657,49,150
1532713,49,150
1532749,30,150
1532791,49,150
1532956,172,147
1532999,30,150
1533097,864,185
1533353,586,137
1533413,49,150
1533651,49,150
1533811,49,150
1534061,49,150
1534214,49,150
1534461,49,150
1534902,10,147
1535014,49,150
1535165,30,150
1535713,30,150
1535723,49,150
1536021,49,150
1536277,49,150
1536344,49,150
1536614,30,150
1536833,30,150
1536847,30,150
1536852,796,375
1536889,49,150
1537098,93,203
1537280,143,121
1537532,49,150
1537611,49,150
1537846,30,150
1537860,49,150
1537941,30,150
1538003,30,150
1538296,30,150
1538465,49,150
1538480,30,150
1538639,1900,375
1539348,49,150
1539392,30,150
1539613,30,150
1539908,30,150
1540370,870,175
1540510,7373,375
1540526,30,150
1540604,49,150
1540672,49,150
1540772,30,150
1540831,30,150
1541160,812,177
1541334,262,137
1541363,30,150
1541746,18180,148
1541963,30,150
1542016,30,150
1542039,30,150
1542272,243,203
1542886,49,150
1543004,49,150
1543007,49,150
1543033,49,150
1543284,49,150
1543378,30,150
1543490,30,150
1543531,894,177
1544130,30,150
1544269,30,150
1544425,30,150
1544571,30,150
1544977,30,150
1545040,10,147
1545053,30,150
1545115,49,150
1545195,49,150
1545372,49,150
1545426,30,150
1545517,49,150
1545543,49,150
1545700,30,150
1545746,49,150
1545776,697,187
1545815,30,150
1545896,30,150
1545927,49,150
1547173,3,125
1547259,819,175
1547430,49,150
1547501,30,150
1547584,49,150
1547623,49,150
1547633,30,150
1548135,49,150
1548176,49,150
1548187,49,150
1548278,950,174
1548934,49,150
1548959,30,150
1549014,19137,148
1549130,49,150
1549168,30,150
1549181,49,150
1549666,10,147
1549827,864,137
1550050,93,203
1550196,833,177
1550214,10,147
1550381,49,150
1550545,49,150
1550663,49,150
1550779,49,150
1550931,49,150
1551191,49,150
1551421,49,150
1551513,30,150
1551558,49,150
1551566,49,150
1551601,30,150
1551890,49,150
1552317,49,150
1552404,861,178
1552424,30,150
1552551,49,150
1552746,49,150
1552941,30,150
1553697,49,150
1553816,49,150
1554090,30,150
1555616,30,150
1556006,49,150
1556115,30,150
1556135,49,150
1556270,49,150
1556365,120,95
1556625,30,150
1556662,30,150
1556831,49,150
1556849,26031,148
1556876,49,150
1556942,49,150
1557067,30,150
1557094,30,150
1557118,49,150
1557332,852,181
1557503,49,150
1557840,49,150
1557904,49,150
1557964,49,150
1558028,30,150
1558077,49,150
1558161,30,150
1558436,30,150
1558486,10,147
1558571,30,150
1558762,49,150
1559373,49,150
1559395,30,150
1559622,30,150
1559645,30,150
1559897,30,150
1560282,49,150
1562022,49,150
1562351,49,150
1562598,30,150
1563327,49,150
1563467,49,150
1563778,49,150
1563836,30,150
1563927,4167,375
1564312,30,150
1564360,49,150
1564401,851,179
1564594,49,150
1565055,30,150
1565242,49,150
1565315,30,150
1565713,49,150
1566034,30,150
1566557,49,150
1566586,49,150
1566641,49,150
1566709,93,203
1566872,30,150
1567197,49,150
1567249,879,185
1567444,49,150
1567463,30,150
1567498,30,150
1567641,30,150
1567641,49,150
1567653,49,150
1567847,30,150
1567948,49,150
1568020,30,150
1568283,49,150
1568602,30,150
1568679,49,150
1568810,49,150
1568950,30,150
1569043,49,150
1569116,14,113
1569347,49,150
1569464,30,150
1569574,49,150
1569674,30,150
1569720,49,150
1570063,93,203
1570153,49,150
1570196,49,150
1570306,49,150
1570334,30,150
1570508,49,150
1570629,30,150
1570677,49,150
1570700,30,150
1570762,49,150
1570976,30,150
1571008,49,150
1571020,49,150
1571142,30,150
1571235,30,150
1571356,30,150
1571485,49,150
1571499,30,150
1571512,49,150
1571678,30,150
1571773,30,150
1571808,30,150
1572069,835,128
1572104,10,147
1572243,30,150
1572308,49,150
1572483,49,150
1572651,30,150
1572661,49,150
1572857,30,150
1573073,49,150
1573101,30,150
1573428,30,150
1573463,93,203
1573809,30,150
1573876,49,150
1573932,30,150
1574399,49,150
1574456,30,150
1574702,49,150
1574725,30,150
1574758,30,150
1574780,49,150
1574958,49,150
1574959,30,150
1575026,49,150
1575259,49,150
1575318,120,95
1575329,49,150
1575400,819,175
1575411,49,150
1575442,30,150
1575586,49,150
1575720,49,150
1575846,49,150
1576055,30,150
1576578,30,150
1576591,30,150
1576602,49,150
1576973,30,150
1577984,49,150
1578428,30,150
1578522,49,150
1578556,49,150
1578588,49,150
1578683,30,150
1578711,30,150
1578819,30,150
1579151,30,150
1579156,49,150
1579196,30,150
1579359,874,187
1579481,49,150
1579932,30,150
1579961,49,150
1580003,49,150
1580037,30,150
1580418,30,150
1580884,49,150
1581543,30,150
1581682,49,150
1581831,49,150
1581926,49,150
1581953,30,150
1582053,924,179
1582182,49,150
1582553,49,150
1582770,30,150
1582976,30,150
1582981,30,150
1583143,30,150
1583219,49,150
1583362,30,150
1583553,49,150
1583561,30,150
1583788,30,150
1583864,30,150
1583957,30,150
1584178,49,150
1584371,30,150
1584504,49,150
1584582,49,150
1584590,49,150
1584679,30,150
1584870,30,150
1584978,30,150
1585277,30,150
1585285,30,150
1585304,30,150
1585328,49,150
1585387,49,150
1585410,49,150
1585642,819,175
1585867,49,150
1585921,49,150
1586047,49,150
1586059,30,150
1586099,49,150
1586152,49,150
1586313,30,150
1586360,49,150
1586378,49,150
1586423,30,150
1586456,10,147
1586654,30,150
1586941,49,150
1586993,49,150
1587332,49,150
1587503,49,150
1587582,49,150
1587632,10,147
1587742,49,150
1587848,49,150
1588228,10,147
1588390,30,150
1588415,30,150
1588696,49,150
1588760,258,203
1589267,30,150
1589675,49,150
1589793,30,150
1589832,49,150
1589902,30,150
1590134,30,150
1590173,49,150
1590367,30,150
1590713,30,150
1590792,49,150
1590954,49,150
1590963,49,150
1591067,49,150
1591379,30,150
1591483,30,150
1591539,30,150
1591896,49,150
1591981,49,150
1591988,30,150
1592238,49,150
1592303,30,150
1592392,30,150
1592533,49,150
1592597,796,375
1592678,30,150
1592983,30,150
1593078,30,150
1593395,49,150
1593433,30,150
1593536,30,150
1593687,30,150
1593924,30,150
1594084,49,150
1594148,30,150
1594670,30,150
1594773,49,150
1594853,30,150
1595106,30,150
1595501,30,150
1595581,30,150
1595582,30,150
1595715,49,150
1595849,30,150
1596023,30,150
1596055,49,150
1596069,30,150
1596136,30,150
1596364,30,150
1596480,49,150
1596807,30,150
1596889,30,150
1597040,30,150
1597097,49,150
1597231,49,150
1597274,49,150
1597777,49,150
1597973,30,150
1598076,10,147
1598234,30,150
1598640,30,150
1598743,49,150
1598878,49,150
1599158,30,150
1599322,30,150
1599574,49,150
1599730,49,150
1599752,49,150
1600475,93,203
1600491,30,150
1600659,30,150
1600699,93,203
1600767,49,150
1600932,49,150
1600965,30,150
1601287,30,150
1601640,30,150
1601716,49,150
1602070,30,150
1602116,30,150
1602209,49,150
1602333,30,150
1602602,30,150
1602707,30,150
1602934,49,150
1603057,49,150
1603064,30,150
1603071,30,150
1603204,49,150
1603526,49,150
1603762,49,150
1604147,49,150
1604276,49,150
1604425,49,150
1604561,30,150
1604585,49,150
1604758,49,150
1604831,10,147
1604878,30,150
1604883,49,150
1604985,49,150
1605025,30,150
1605296,30,150
1605327,30,150
1605987,812,177
1606012,49,150
1606015,30,150
1606288,49,150
1606391,30,150
1606458,49,150
1606599,30,150
1606601,6,147
1606622,30,150
1606670,30,150
1606678,49,150
1606768,49,150
1606789,30,150
1606901,30,150
1606903,1900,375
1606968,49,150
1607076,49,150
1607149,11,106
1607402,831,178
1607502,49,150
1607612,30,150
1607703,30,150
1607790,49,150
1607841,10,147
1607948,93,203
1608434,30,150
1608588,49,150
1608803,49,150
1608849,819,181
1609489,10,147
1609697,49,150
1609784,30,150
1609788,49,150
1609867,49,150
1609874,49,150
1610090,93,203
1610273,30,150
1610323,30,150
1610395,30,150
1610442,49,150
1610584,30,150
1610610,49,150
1610702,30,150
1610772,120,95
1610802,49,150
1611039,30,150
1611045,49,150
1611771,30,150
1611891,30,150
1611970,49,150
1612089,49,150
1612149,49,150
1612707,49,150
1613049,49,150
1613056,30,150
1613150,30,150
1613423,10,147
1614225,10,147
1614317,49,150
1614361,49,150
1614607,30,150
1615031,49,150
1615253,30,150
1615359,919,185
1615575,30,150
1615635,49,150
1615744,30,150
1615768,49,150
1615998,30,150
1616010,30,150
1616198,10,147
1616226,30,150
1616259,49,150
1616341,30,150
1616436,30,150
1616522,49,150
1616541,30,150
1616643,874,187
1616689,49,150
1616709,30,150
1616995,30,150
1617071,49,150
1617117,49,150
1617541,30,150
1617545,30,150
1617858,49,150
1618207,30,150
1618314,49,150
1618513,841,176
1618741,49,150
1618784,49,150
1618905,10,147
1618924,49,150
1619248,30,150
1619311,30,150
1619412,30,150
1619568,93,203
1619627,30,150
1619788,30,150
1619892,49,150
1619964,49,150
1619997,30,150
1620215,49,150
1620325,49,150
1620344,30,150
1620830,49,150
1620903,49,150
1620963,30,150
1621124,30,150
1621175,30,150
1621317,30,150
1622003,5,127
1622009,30,150
1622149,49,150
1622211,49,150
1622265,49,150
1622771,10,147
1623001,49,150
1623055,10,147
1623056,49,150
1623125,7373,375
1623184,30,150
1623408,30,150
1623416,49,150
1623755,10,147
1623859,49,150
1624001,30,150
1624093,49,150
1624237,835,128
1624273,30,150
1624355,49,150
1624579,49,150
1624621,49,150
1624719,49,150
1624901,49,150
1624957,879,185
1624973,49,150
1625118,49,150
1625131,49,150
1625221,30,150
1625285,49,150
1625401,30,150
1625433,30,150
1625629,49,150
1625670,10,147
1626242,49,150
1626374,30,150
1626430,30,150
1626438,49,150
1626894,49,150
1627161,894,177
1627243,831,178
1627274,49,150
1627685,49,150
1627809,30,150
1628082,30,150
1628110,49,150
1628153,10,147
1628565,30,150
1628571,30,150
1628796,49,150
1628806,30,150
1628959,49,150
1629028,49,150
1629058,49,150
1629276,49,150
1629311,49,150
1629484,49,150
1629568,30,150
1629677,49,150
1629762,30,150
1629809,49,150
1629861,30,150
1629983,93,203
1630007,30,150
1630353,30,150
1630420,49,150
1630472,30,150
1630559,49,150
1630625,30,150
1630706,49,150
1630766,30,150
1631249,30,150
1631277,30,150
1631356,49,150
1631427,4167,375
1631493,49,150
1632287,49,150
1632299,30,150
1632352,30,150
1632493,49,150
1632571,30,150
1632598,56,203
1632767,49,150
1632966,49,150
1633132,49,150
1633591,49,150
1633673,49,150
1633676,30,150
1633948,10,147
1634218,49,150
1634317,30,150
1634340,49,150
1634934,49,150
1634975,10,147
1635028,30,150
1635118,49,150
1635131,30,150
1635153,49,150
1635210,30,150
1635319,49,150
1635376,93,203
1635435,30,150
1635794,49,150
1635986,30,150
1636341,30,150
1636544,49,150
1637444,30,150
1637572,49,150
1637670,10,147
1637726,49,150
1637870,49,150
1637881,93,203
1638090,30,150
1638120,49,150
1638356,841,176
1638486,49,150
1638524,30,150
1638663,30,150
1638828,49,150
1638970,49,150
1639111,30,150
1639815,30,150
1640084,30,150
1640129,30,150
1640330,30,150
1640382,30,150
1640676,30,150
1640983,49,150
1641187,30,150
1641188,6,147
1641361,93,203
1641362,30,150
1641497,30,150
1641588,49,150
1641621,49,150
1641728,49,150
1641835,30,150
1641927,49,150
1641941,919,185
1641986,49,150
1642185,49,150
1642323,49,150
1642727,30,150
1642835,30,150
1643192,49,150
1643490,841,176
1643622,49,150
1643722,30,150
1643778,819,181
1643785,30,150
1643931,879,185
1644003,30,150
1644091,93,203
1644196,30,150
1644411,30,150
1644991,30,150
1645048,30,150
1645099,30,150
1645448,49,150
1645469,49,150
1645688,1900,375
1645704,49,150
1645764,49,150
1645768,30,150
1645859,93,203
1645859,30,150
1646298,30,150
1646580,30,150
1646611,49,150
1646651,30,150
1646808,49,150
1647034,49,150
1647260,49,150
1647295,49,150
1647324,30,150
1647550,49,150
1647556,30,150
1647812,49,150
1647922,49,150
1647945,49,150
1647999,30,150
1648133,30,150
1648413,49,150
1648512,30,150
1648645,924,179
1648747,30,150
1648834,864,137
1648877,30,150
1648913,30,150
1648933,49,150
1649009,49,150
1649812,30,150
1650409,49,150
1651059,30,150
1651090,30,150
1651595,30,150
1651628,49,150
1651635,49,150
1651776,49,150
1652133,30,150
1652337,49,150
1652489,30,150
1652506,30,150
1652520,30,150
1652596,30,150
1653280,30,150
1653392,586,137
1653614,651,137
1654000,924,179
1654033,30,150
1654079,859,174
1654145,49,150
1654505,30,150
1654523,30,150
1654624,30,150
1654730,30,150
1654767,49,150
1654915,30,150
1654964,7373,375
1654995,41,150
1655103,30,150
1655473,49,150
1655573,49,150
1655603,93,203
1655684,49,150
1656138,49,150
1656258,30,150
1656405,30,150
1656574,49,150
1656619,49,150
1656875,30,150
1657196,10,147
1657226,49,150
1657279,49,150
1657439,49,150
1657477,30,150
1657579,30,150
1657768,30,150
1657857,30,150
1657878,30,150
1657907,30,150
1657975,49,150
1658270,49,150
1658483,30,150
1658549,30,150
1658638,49,150
1658666,49,150
1658733,30,150
1658831,30,150
1659067,49,150
1659126,49,150
1659186,49,150
1659418,49,150
1659459,30,150
1659524,49,150
1659576,49,150
1659778,49,150
1659951,49,150
1659997,49,150
1660113,49,150
1660261,49,150
1660444,49,150
1660574,30,150
1660618,30,150
1660627,30,150
1660758,30,150
1660841,586,137
1660878,49,150
1660925,49,150
1660960,49,150
1660962,49,150
1661213,30,150
1661438,49,150
1661472,49,150
1661498,49,150
1661741,49,150
1661912,49,150
1662302,49,150
1662456,49,150
1662464,30,150
1662585,30,150
1662823,30,150
1662994,30,150
1663055,49,150
1663056,30,150
1663172,30,150
1663180,796,375
1663263,30,150
1663512,30,150
1663565,49,150
1663660,49,150
1664006,49,150
1664085,30,150
1664264,30,150
1664323,30,150
1664470,30,150
1664742,30,150
1664971,30,150
1665177,49,150
1665236,49,150
1665443,49,150
1665871,30,150
1665923,49,150
1666003,49,150
1666595,30,150
1666966,49,150
1667452,30,150
1667532,10,147
1667653,49,150
1667805,49,150
1667826,262,137
1667856,49,150
1667897,30,150
1667944,49,150
1667991,30,150
1668403,30,150
1668657,30,150
1668920,49,150
1669084,10,147
1669122,49,150
1669162,49,150
1669169,49,150
1669374,30,150
1669844,30,150
1669937,30,150
1669949,30,150
1669986,49,150
1670072,30,150
1670398,49,150
1670624,49,150
1670627,30,150
1671325,49,150
1671391,30,150
1671450,30,150
1671493,49,150
1671694,30,150
1672362,30,150
1672469,49,150
1672591,49,150
1672591,30,150
1673037,30,150
1673089,10,147
1673310,49,150
1673610,30,150
1674036,30,150
1674444,30,150
1674577,30,150
1674591,49,150
1674635,30,150
1674694,49,150
1674925,49,150
1675147,30,150
1675353,93,203
1675568,30,150
1675797,30,150
1676374,49,150
1676485,30,150
1676534,30,150
1676580,30,150
1676705,49,150
1676706,49,150
1677022,49,150
1677100,30,150
1677266,49,150
1677637,30,150
1677854,49,150
1678048,30,150
1678175,13,109
1678194,30,150
1678594,30,150
1678614,30,150
1678647,49,150
1678812,49,150
1678947,30,150
1679005,30,150
1679123,49,150
1679142,30,150
1679459,49,150
1679553,30,150
1679645,49,150
1679798,49,150
1679912,30,150
1680072,30,150
1680155,30,150
1680195,30,150
1680310,30,150
1680571,841,176
1680725,30,150
1680750,864,137
1680951,30,150
1681199,49,150
1681631,10,147
1681704,93,203
1681751,30,150
1681978,30,150
1682034,30,150
1682113,49,150
1682369,49,150
1682676,30,150
1682822,30,150
1682924,49,150
1682966,49,150
1683005,30,150
1683069,49,150
1683092,30,150
1683099,30,150
1683441,30,150
1683447,30,150
1683692,30,150
1683710,49,150
1683741,49,150
1683808,49,150
1684053,49,150
1684383,49,150
1684443,30,150
1684445,49,150
1684507,49,150
1684771,30,150
1685228,30,150
1685356,49,150
1685512,30,150
1685632,30,150
1685634,919,185
1685732,30,150
1685806,30,150
1685855,49,150
1685916,49,150
1686099,30,150
1686219,49,150
1686460,30,150
1686919,49,150
1687047,49,150
1687176,30,150
1687280,49,150
1687396,49,150
1687412,49,150
1687424,49,150
1687499,30,150
1687523,30,150
1687675,30,150
1687678,49,150
1687730,30,150
1688174,49,150
1688192,49,150
1688296,30,150
1688463,30,150
1688546,10,147
1688776,49,150
1688851,10,147
1688992,93,203
1689110,819,181
1689209,30,150
1689413,30,150
1689465,49,150
1689521,49,150
1689736,586,137
1690040,586,137
1690049,835,128
1690457,30,150
1690516,49,150
1690530,49,150
1690684,49,150
1690857,30,150
1690980,49,150
1690981,30,150
1691198,30,150
1691475,30,150
1691650,49,150
1691950,30,150
1692596,49,150
1692684,30,150
1692897,10,147
1693043,30,150
1693097,30,150
1693121,49,150
1693218,30,150
1693456,30,150
1693687,262,137
1694359,49,150
1694589,49,150
1694639,49,150
1694845,30,150
1694904,30,150
1694921,30,150
1695170,30,150
1695171,30,150
1695195,49,150
1695490,30,150
1695590,30,150
1695856,49,150
1695939,49,150
1696149,49,150
1696280,30,150
1696560,30,150
1696699,10,147
1696994,6,147
1697076,49,150
1697094,874,187
1697198,49,150
1697198,49,150
1697293,49,150
1697476,30,150
1697762,30,150
1697766,30,150
1698000,49,150
1698048,30,150
1698276,30,150
1698283,30,150
1698468,30,150
1698488,49,150
1698541,49,150
1698590,30,150
1698690,30,150
1698720,49,150
1698956,49,150
1698970,49,150
1699021,49,150
1699045,30,150
1699051,30,150
1699153,49,150
1699199,30,150
1699541,49,150
1699603,49,150
1699761,30,150
1700089,30,150
1700707,93,203
1700718,49,150
1700768,30,150
1700855,30,150
1700905,30,150
1701126,30,150
1701189,49,150
1701328,30,150
1701873,10,147
1701964,30,150
1702070,49,150
1702315,49,150
1702360,30,150
1702446,30,150
1702938,30,150
1702943,30,150
1702990,30,150
1703055,4167,375
1703168,49,150
1703204,49,150
1703268,819,175
1703729,30,150
1703944,30,150
1704045,10,147
1704235,49,150
1704430,30,150
1704613,49,150
1704901,49,150
1704907,49,150
1704961,49,150
1705191,30,150
1705302,49,150
1705405,49,150
1705439,49,150
1705486,49,150
1705498,30,150
1705598,30,150
1705631,864,137
1705636,49,150
1705852,49,150
1706321,49,150
1706368,49,150
1706378,49,150
1707011,30,150
1707037,30,150
1707168,49,150
1707267,30,150
1707380,30,150
1707487,49,150
1707691,49,150
1707705,30,150
1707944,49,150
1708247,796,375
1708524,30,150
1708653,30,150
1709160,10,147
1709184,30,150
1709186,30,150
1709598,30,150
1709653,49,150
1709989,30,150
1710339,30,150
1710693,49,150
1710730,812,177
1710752,49,150
1711014,859,174
1711311,851,179
1711439,49,150
1711786,819,181
1711799,30,150
1711827,49,150
1711903,30,150
1711947,30,150
1711959,49,150
1712112,49,150
1712114,30,150
1712247,33,108
1712702,859,174
1712991,30,150
1713202,49,150
1713212,894,177
1713269,49,150
1713480,30,150
1713482,49,150
1713647,49,150
1713683,30,150
1713688,49,150
1713853,49,150
1713981,49,150
1714036,30,150
1714186,30,150
1714408,30,150
1714852,49,150
1714887,30,150
1715450,49,150
1715517,30,150
1715651,49,150
1715675,49,150
1715907,30,150
1716214,49,150
1716309,49,150
1716425,49,150
1716581,30,150
1717023,49,150
1717039,49,150
1717050,30,150
1717093,30,150
1717182,49,150
1717231,30,150
1717461,49,150
1717621,30,150
1717645,93,203
1717677,49,150
1717840,10,147
1717914,30,150
1717927,30,150
1717971,49,150
1717989,49,150
1718281,49,150
1718315,49,150
1718808,49,150
1718810,49,150
1718871,49,150
1718872,10,147
1719539,49,150
1719780,30,150
1720040,30,150
1720376,49,150
1720472,30,150
1720786,831,178
1720871,49,150
1720893,30,150
1721029,30,150
1721083,30,150
1721137,30,150
1721152,30,150
1721267,49,150
1721346,30,150
1721934,49,150
1722040,49,150
1722295,30,150
1722712,30,150
1722902,262,137
1722927,30,150
1723018,49,150
1723193,30,150
1723257,30,150
1723259,120,95
1723325,49,150
1723329,49,150
1723427,49,150
1723740,30,150
1723887,30,150
1724141,49,150
1724152,30,150
1724206,30,150
1724305,30,150
1724311,49,150
1724369,49,150
1724411,30,150
1724497,49,150
1724520,30,150
1724689,49,150
1724785,30,150
1724894,49,150
1725041,49,150
1725139,49,150
1725157,49,150
1725177,30,150
1725255,30,150
1725360,49,150
1725366,49,150
1725403,30,150
1725498,49,150
1725530,30,150
1725562,30,150
1725610,30,150
1725627,30,150
1725642,49,150
1725683,49,150
1726118,586,137
1726166,30,150
1726443,49,150
1726444,30,150
1727014,49,150
1727190,49,150
1727472,93,203
1727538,49,150
1727563,30,150
1727594,49,150
1727651,30,150
1727823,30,150
1727907,49,150
1728129,49,150
1728418,49,150
1728857,10,147
1728888,49,150
1729029,49,150
1729082,30,150
1729099,30,150
1729354,49,150
1729474,30,150
1729535,10,147
1729562,30,150
1729838,30,150
1729852,49,150
1730014,30,150
1730285,30,150
1730609,30,150
1730642,93,203
1730680,30,150
1730788,30,150
1731002,49,150
1731085,49,150
1731459,49,150
1731663,812,177
1731830,49,150
1731894,30,150
1732054,49,150
1732077,49,150
1732234,30,150
1732372,30,150
1732647,49,150
1732791,30,150
1733158,1900,375
1733521,49,150
1733699,49,150
1733825,49,150
1733888,30,150
1733993,49,150
1734003,30,150
1734257,49,150
1734355,586,137
1734731,49,150
1734807,49,150
1734809,49,150
1734833,49,150
1734911,30,150
1734971,49,150
1735068,30,150
1735123,49,150
1735905,30,150
1736026,49,150
1736055,49,150
1736092,93,203
1736493,49,150
1736588,49,150
1736647,49,150
1736860,30,150
1736901,91,203
1736901,49,150
1736919,93,203
1737491,30,150
1737595,30,150
1737618,30,150
1737961,30,150
1738040,7373,375
1738065,30,150
1738162,49,150
1738210,30,150
1738228,49,150
1738248,49,150
1738495,30,150
1738754,879,185
1738778,851,179
1739133,30,113
1739163,49,150
1739699,30,150
1739761,49,150
1739928,49,150
1740137,30,150
1740277,30,150
1740624,49,150
1740823,49,150
1740957,30,150
1741289,6,147
1741390,30,150
1741593,30,150
1741671,49,150
1741812,49,150
1741826,30,150
1742020,49,150
1742148,30,150
1742579,49,150
1742601,30,150
1742787,12,104
1742861,30,150
1743215,30,150
1743470,30,150
1743534,30,150
1743786,30,150
1743954,49,150
1744369,30,150
1744563,30,150
1744592,49,150
1744766,30,150
1745068,49,150
1745223,30,150
1745280,30,150
1745470,49,150
1745769,30,150
1745916,49,150
1746019,49,150
1746090,628,177
1746091,30,150
1746096,30,150
1746100,49,150
1746221,49,150
1746248,1900,375
1746260,49,150
1746274,49,150
1746324,49,150
1746376,49,150
1746489,30,150
1747032,30,150
1747084,49,150
1747107,49,150
1747121,49,150
1747191,30,150
1747811,30,150
1747941,30,150
1748185,49,150
1748264,30,150
1748289,30,150
1748489,49,150
1748517,49,150
1748521,30,150
1748656,30,150
1748729,30,150
1748789,49,150
1749248,30,150
1749399,49,150
1749417,49,150
1749571,831,178
1749651,864,137
1749664,30,150
1749715,10,147
1750097,30,150
1750375,49,150
1750438,49,150
1750470,49,150
1751016,30,150
1751016,874,187
1751162,49,150
1751594,30,150
1751604,30,150
1751639,49,150
1751675,49,150
1751854,30,150
1751863,113,127
1751902,835,128
1751913,49,150
1752445,30,150
1752450,30,150
1752866,49,150
1753209,49,150
1753238,49,150
1753271,49,150
1753666,30,150
1753878,30,150
1753888,49,150
1754128,30,150
1754201,49,150
1754231,49,150
1754395,30,150
1754733,49,150
1754935,30,150
1755017,262,137
1755043,30,150
1755475,30,150
1755519,30,150
1755573,30,150
1755672,30,150
1755786,30,150
1755915,49,150
1755987,30,150
1756146,49,150
1756180,49,150
1756578,30,150
1756613,10,147
1756652,30,150
1756662,30,150
1756844,30,150
1756960,49,150
1757087,30,150
1757260,30,150
1757321,30,150
1757392,1095,196
1758127,49,150
1758145,10,147
1758338,30,150
1758438,49,150
1758489,49,150
1758684,49,150
1759020,30,150
1759103,49,150
1759204,30,150
1759873,49,150
1759993,30,150
1760044,62,147
1760095,30,150
1760245,30,150
1760323,10,147
1760391,49,150
1760433,49,150
1760444,30,150
1761003,30,150
1761024,30,150
1761071,30,150
1761298,30,150
1761345,49,150
1761416,49,150
1762338,49,150
1762882,49,150
1763251,49,150
1763346,4936,193
1763379,49,150
1763382,49,150
1763519,49,150
1763586,30,150
1763770,30,150
1763830,49,150
1763913,829,179
1764035,30,150
1764128,30,150
1764238,30,150
1764491,93,203
1764517,49,150
1764800,49,150
1764833,49,150
1764912,49,150
1764942,30,150
1765019,30,150
1765159,49,150
1765359,30,150
1765876,30,150
1766174,30,150
1766272,96,203
1766333,30,150
1766348,4167,375
1766620,120,203
1766693,49,150
1766764,93,203
1766944,10,147
1767039,30,150
1767081,30,150
1767455,10,147
1767636,10,147
1767924,49,150
1768145,49,150
1768445,49,150
1768456,10,147
1768590,30,150
1768712,30,150
1769022,49,150
1769045,30,150
1769108,49,150
1769216,49,150
1769370,30,150
1769608,30,150
1769937,30,150
1770088,30,150
1770131,49,150
1770139,49,150
1770159,49,150
1770374,30,150
1770724,30,150
1771344,49,150
1771464,30,150
1771504,49,150
1771553,49,150
1771730,49,150
1771790,30,150
1771812,30,150
1771866,30,150
1771909,49,150
1771961,30,150
1772208,49,150
1772515,49,150
1772773,49,150
1773128,30,150
1773216,30,150
1773248,30,150
1773408,30,150
1773790,30,150
1773804,49,150
1773808,30,150
1773974,49,150
1774097,49,150
1774204,49,150
1774313,30,150
1774566,30,150
1774610,49,150
1774724,49,150
1774753,30,150
1774767,864,185
1774781,30,150
1774824,49,150
1774956,49,150
1775073,49,150
1775110,30,150
1775598,30,150
1775662,30,150
1775679,30,150
1775873,49,150
1775987,30,150
1775995,49,150
1776221,49,150
1776264,30,150
1776493,30,150
1776513,924,179
1776843,30,150
1776868,120,95
1777189,16,91
1777282,861,178
1777282,30,150
1777298,49,150
1777300,49,150
1777432,30,150
1777442,30,150
1777445,30,150
1777533,30,150
1777591,49,150
1777732,30,150
1777816,49,150
1778180,30,150
1778432,919,185
1778471,49,150
1778496,49,150
1778507,30,150
1778580,30,150
1778657,49,150
1778681,30,150
1778749,30,150
1778750,49,150
1778787,49,150
1778941,49,150
1778983,49,150
1779172,30,150
1779292,30,150
1779385,30,150
1779433,30,150
1779797,49,150
1779940,30,150
1779950,49,150
1780369,30,150
1780454,49,150
1780666,49,150
1780854,30,150
1780865,49,150
1781211,30,150
1781234,30,150
1781398,819,175
1781439,49,150
1781927,49,150
1781963,49,150
1782600,30,150
1783066,49,150
1783596,30,150
1783599,30,150
1783657,93,203
1783718,30,150
1783752,49,150
1783764,10,147
1783840,49,150
1783859,30,150
1784131,49,150
1784544,586,137
1784600,10,147
1785115,30,150
1785183,30,150
1785576,49,150
1785804,93,203
1786004,30,150
1786241,30,150
1786388,30,150
1786647,30,150
1786777,30,150
1786991,49,150
1787015,30,150
1787020,49,150
1787078,30,150
1787636,49,150
1787721,49,150
1787868,30,150
1788145,49,150
1788188,49,150
1788465,586,137
1788482,49,150
1788498,30,150
1788534,30,150
1788540,49,150
1788540,93,203
1788615,49,150
1788862,49,150
1789000,30,150
1789070,30,150
1789150,49,150
1789402,30,150
1789438,49,150
1789507,49,150
1790198,30,150
1790383,49,150
1790553,894,177
1790691,49,150
1790715,49,150
1790908,49,150
1790948,49,150
1791063,49,150
1791077,30,150
1791236,10,147
1791299,49,150
1791337,30,150
1791475,30,150
1791573,49,150
1791693,49,150
1791708,49,150
1791804,49,150
1792000,49,150
1792072,49,150
1792096,49,150
1792142,30,150
1792205,30,150
1792312,30,150
1792634,49,150
1792810,93,203
1792902,49,150
1793021,49,150
1793109,30,150
1793385,10,147
1793452,49,150
1793690,49,150
1793877,49,150
1793881,49,150
1793953,49,150
1794252,30,150
1794481,49,150
1794499,30,150
1794578,49,150
1794685,30,150
1795009,93,203
1795047,49,150
1795059,49,150
1795117,30,150
1795476,49,150
1795597,30,150
1795805,49,150
1795834,30,150
1795892,49,150
1796057,93,203
1796564,30,150
1796719,49,150
1796921,30,150
1797150,30,150
1797181,49,150
1797239,49,150
1797266,49,150
1797524,30,150
1797568,49,150
1797624,49,150
1798160,49,150
1798197,49,150
1798255,49,150
1798271,30,150
1798325,30,150
1798390,49,150
1798426,49,150
1798464,30,150
1798575,49,150
1798640,796,375
1798678,49,150
1798967,49,150
1799101,49,150
1799117,49,150
1799335,30,150
1799566,30,150
1799589,30,150
1799750,30,150
1799786,30,150
1799956,49,150
1800154,49,150
1800516,49,150
1800555,30,150
1800901,49,150
1801070,49,150
1801398,851,179
1801459,30,150
1801581,30,150
1801661,30,150
1801911,49,150
1802317,30,150
1802372,30,150
1802426,49,150
1802481,49,150
1802523,7373,375
1802704,49,150
1802776,30,150
1802800,30,150
1802851,4164,200
1802957,697,187
1803049,49,150
1803181,49,150
1803218,49,150
1803754,30,150
1803824,93,203
1803954,10,147
1804097,30,150
1804332,30,150
1804366,49,150
1804368,30,150
1804717,49,150
1804924,49,150
1804941,30,150
1805184,49,150
1805189,30,150
1805401,49,150
1805420,49,150
1805429,894,177
1805504,49,150
1805667,49,150
1805720,30,150
1805914,49,150
1805923,30,150
1805930,30,150
1806002,30,150
1806008,30,150
1806083,30,150
1806168,30,150
1806373,30,150
1806419,30,150
1806604,49,150
1806707,49,150
1806853,49,150
1806944,49,150
1807082,49,150
1807302,30,150
1807480,49,150
1807793,30,150
1808592,812,177
1808962,30,150
1809577,49,150
1809723,49,150
1809779,30,150
1809801,3,125
1809828,49,150
1809844,49,150
1809847,30,150
1809906,49,150
1810098,30,150
1810193,877,185
1810237,49,150
1810251,30,150
1810261,49,150
1810263,30,150
1810312,30,150
1810333,49,150
1810391,49,150
1810470,584,120
1810537,30,150
1810844,49,150
1810870,870,175
1810930,49,150
1811093,586,137
1811102,93,203
1811104,49,150
1811204,10,147
1811461,30,150
1811576,49,150
1811576,93,203
1811770,919,185
1811950,30,150
1812001,49,150
1812218,993,196
1812335,93,203
1812374,49,150
1812530,30,150
1812807,30,150
1812820,819,181
1812871,30,150
1812998,30,150
1813015,30,150
1813164,30,150
1813282,30,150
1813362,10,147
1813366,49,150
1813430,30,150
1813665,10,147
1813706,30,150
1813769,49,150
1813827,831,178
1813894,49,150
1814051,49,150
1814165,49,150
1814590,49,150
1814636,30,150
1814730,49,150
1815195,894,177
1815428,30,150
1815469,30,150
1815562,93,203
1815704,652,178
1815781,30,150
1815829,49,150
1815909,49,150
1815950,322,187
1815966,30,150
1816096,10,147
1816212,30,150
1816292,49,150
1816314,49,150
1816329,49,150
1816355,49,150
1816687,49,150
1816723,49,150
1816801,30,150
1816890,49,150
1817074,30,150
1817177,796,375
1817222,30,150
1817248,49,150
1817421,833,177
1817847,49,150
1817892,30,150
1818080,49,150
1818302,2299,147
1818397,49,150
1818703,30,150
1818901,4167,375
1819184,30,150
1819228,30,150
1819497,30,150
1819585,49,150
1819596,49,150
1819710,30,150
1819855,49,150
1820065,49,150
1820080,49,150
1820201,49,150
1820330,49,150
1820341,49,150
1820395,120,95
1820700,49,150
1820717,49,150
1820842,49,150
1820870,49,150
1820983,30,150
1821046,49,150
1821501,49,150
1821562,851,179
1821602,49,150
1821950,30,150
1822137,49,150
1822153,30,150
1822298,49,150
1822398,30,150
1822482,49,150
1822499,30,150
1822513,30,150
1822639,30,150
1822793,30,150
1822838,49,150
1822930,49,150
1822942,49,150
1823054,49,150
1823302,30,150
1823449,49,150
1823590,49,150
1823714,49,150
1823978,30,150
1824018,30,150
1824027,49,150
1824034,30,150
1824043,30,150
1824048,30,150
1824501,49,150
1824553,30,150
1824569,49,150
1825053,10,147
1825247,30,150
1825445,30,150
1825507,49,150
1825581,30,150
1825805,30,150
1825821,30,150
1825884,49,150
1826167,49,150
1826317,93,203
1826345,49,150
1826369,30,150
1826727,30,150
1826805,30,150
1826915,49,150
1826957,30,150
1826961,49,150
1826961,30,150
1827038,49,150
1827301,30,150
1827330,30,150
1827422,950,174
1827583,143,121
1827708,30,150
1828085,49,150
1828296,30,150
1828484,49,150
1828524,30,150
1828685,26031,148
1828699,586,137
1828772,30,150
1828933,30,150
1828952,49,150
1829296,49,150
1829372,30,150
1829829,30,150
1829845,30,150
1829977,49,150
1829988,30,150
1829988,49,150
1830001,30,150
1830271,1293,375
1830382,49,150
1830411,93,203
1830512,49,150
1830604,30,150
1830695,30,150
1830755,30,150
1830828,49,150
1830842,30,150
1830947,49,150
1831041,30,150
1831169,49,150
1831402,49,150
1831476,30,150
1831814,827,179
1832164,30,150
1832402,30,150
1832673,1944,128
1832819,30,150
1833102,30,150
1833165,30,150
1833321,10,147
1833329,10,147
1833816,49,150
1833887,30,150
1834631,49,150
1834816,49,150
1834945,924,179
1835208,859,174
1835753,49,150
1835860,49,150
1835876,49,150
1835930,49,150
1835983,30,150
1836092,1900,375
1836096,49,150
1836133,49,150
1836196,49,150
1836202,852,181
1836491,30,150
1836991,30,150
1837193,30,150
1837209,93,203
1837309,49,150
1837445,30,150
1837481,30,150
1837655,30,150
1837684,49,150
1837696,49,150
1837754,49,150
1837938,30,150
1838087,819,175
1838149,30,150
1838591,30,150
1838845,30,150
1838880,30,150
1839372,831,178
1839454,49,150
1839540,49,150
1839687,30,150
1839725,30,150
1840347,49,150
1840735,841,176
1840743,49,150
1840768,30,150
1840790,49,150
1840985,49,150
1841071,19137,148
1841169,49,150
1841170,30,150
1841196,30,150
1841219,919,185
1841360,49,150
1841724,30,150
1841743,30,150
1841872,49,150
1841878,30,150
1842117,30,150
1842683,49,150
1842725,819,175
1842789,49,150
1842916,49,150
1842959,49,150
1843090,49,150
1843501,30,150
1843949,339,150
1843994,30,150
1844344,30,150
1844413,30,150
1844501,49,150
1844506,49,150
1844515,49,150
1844978,6,147
1844994,49,150
1845326,49,150
1845329,30,150
1845374,30,150
1845423,30,150
1845710,49,150
1845986,30,150
1846027,30,150
1846067,49,150
1846083,49,150
1847099,49,150
1847404,874,187
1847819,49,150
1848113,10,147
1848334,10,147
1848439,30,150
1848504,30,150
1848541,243,203
1849377,18180,148
1849491,10,147
1849534,30,150
1849765,49,150
1849796,30,150
1849942,30,150
1850059,49,150
1850225,30,150
1850599,30,150
1850751,879,185
1850770,49,150
1850795,30,150
1850845,879,185
1850967,49,150
1851070,30,150
1851070,30,150
1851123,30,150
1851294,30,150
1851353,49,150
1851521,30,150
1852197,49,150
1852268,30,150
1852505,30,150
1852760,49,150
1852825,30,150
1852938,49,150
1853023,30,150
1853026,30,150
1853045,49,150
1853213,49,150
1853234,49,150
1853412,49,150
1853580,30,150
1853662,30,150
1853732,49,150
1854262,49,150
1854310,49,150
1854316,30,150
1854374,30,150
1854393,30,150
1854527,49,150
1854605,30,150
1854693,49,150
1855030,30,150
1855264,49,150
1855331,49,150
1855385,49,150
1855652,30,150
1855665,49,150
1856817,30,150
1856818,30,150
1856910,30,150
1857247,677,176
1857667,30,150
1857743,30,150
1857868,30,150
1857882,49,150
1857888,10,147
1857993,30,150
1858065,30,150
1858132,835,128
1858138,49,150
1858259,49,150
1858275,30,150
1858290,30,150
1858386,49,150
1858557,49,150
1858932,49,150
1858945,49,150
1859659,30,150
1859894,172,147
1859968,49,150
1860003,30,150
1860390,30,150
1860652,49,150
1860682,30,150
1860749,49,150
1860982,49,150
1861034,49,150
1861123,30,150
1861204,30,150
1861255,30,150
1861279,49,150
1861454,30,150
1861945,49,150
1862092,49,150
1862197,49,150
1862473,30,150
1862526,49,150
1862542,49,150
1863377,49,150
1863428,30,150
1863447,30,150
1863660,30,150
1863787,30,150
1864056,262,137
1864255,30,150
1864259,49,150
1864356,49,150
1864387,30,150
1864495,120,95
1864768,49,150
1864955,30,150
1865107,30,150
1865293,49,150
1865315,49,150
1865520,49,150
1865847,859,174
1866272,30,150
1866348,49,150
1866553,864,137
1866612,586,137
1866766,30,150
1866840,49,150
1866920,30,150
1866952,30,150
1867487,30,150
1867559,49,150
1867709,49,150
1867817,30,150
1867898,874,187
1868233,30,150
1868544,49,150
1868711,49,150
1868857,49,150
1868940,30,150
1869007,30,150
1869110,30,150
1869388,49,150
1869640,49,150
1869729,30,150
1869768,49,150
1869821,30,150
1870045,30,150
1870135,49,150
1870154,49,150
1870186,49,150
1870265,30,150
1870295,30,150
1870364,30,150
1870701,30,150
1871220,30,150
1871338,30,150
1871437,49,150
1871739,859,174
1872271,30,150
1872319,49,150
1872470,49,150
1872783,49,150
1872861,93,203
1872968,30,150
1872990,30,150
1873040,30,150
1873068,49,150
1873846,49,150
1873933,49,150
1874198,812,177
1874259,30,150
1874310,30,150
1874444,49,150
1874508,30,150
1874612,49,150
1874690,819,175
1874866,30,150
1875431,30,150
1875849,262,137
1875962,10,147
1875966,30,150
1876207,30,150
1876240,30,150
1876268,49,150
1876882,49,150
1876922,30,150
1876930,49,150
1877087,30,150
1877135,30,150
1877227,49,150
1877254,30,150
1877388,30,150
1877549,30,150
1877579,30,150
1877653,30,150
1877683,49,150
1877973,30,150
1878483,30,150
1878924,49,150
1878962,30,150
1879001,49,150
1879047,49,150
1879335,49,150
1879399,49,150
1879735,30,150
1879740,49,150
1880274,93,203
1880298,49,150
1880468,30,150
1880596,49,150
1880680,49,150
1881057,49,150
1881398,49,150
1881428,30,150
1882241,49,150
1882520,30,150
1882627,49,150
1882673,49,150
1882755,49,150
1882769,49,150
1882963,49,150
1883024,864,137
1883037,49,150
1883049,49,150
1883181,49,150
1883409,49,150
1883634,49,150
1883643,30,150
1883756,30,150
1883783,30,150
1884010,30,150
1884106,30,150
1884354,30,150
1884450,49,150
1884715,93,203
1885017,49,150
1885054,49,150
1885329,30,150
1885424,49,150
1885792,49,150
1885877,49,150
1886108,49,150
1886266,49,150
1886276,30,150
1886299,30,150
1886597,49,150
1886610,30,150
1886664,30,150
1886696,30,150
1887005,49,150
1887041,49,150
1887136,93,203
1887208,30,150
1887449,30,150
1887849,49,150
1888118,49,150
1888164,49,150
1888213,30,150
1888541,11,106
1888620,49,150
1889075,30,150
1889199,30,150
1889548,30,150
1889563,30,150
1889654,49,150
1889820,30,150
1889866,30,150
1890589,30,150
1890612,30,150
1890910,30,150
1890964,49,150
1891147,1900,375
1891249,30,150
1891613,49,150
1891663,258,203
1891761,30,150
1892027,30,150
1892178,30,150
1892273,30,150
1892560,30,150
1892605,30,150
1892696,30,150
1892969,49,150
1893099,49,150
1893141,49,150
1893360,924,179
1893419,30,150
1893476,49,150
1893535,49,150
1893698,10,147
1893742,49,150
1893753,30,150
1893770,30,150
1893806,93,203
1894139,49,150
1894319,49,150
1894588,30,150
1894630,30,150
1894701,30,150
1894715,4167,375
1894903,30,150
1894997,49,150
1895043,49,150
1895125,796,375
1895383,30,150
1895580,30,150
1895872,49,150
1896036,30,150
1896079,30,150
1896174,49,150
1896197,30,150
1896205,49,150
1896592,49,150
1896670,49,150
1896833,10,147
1896982,49,150
1897139,30,150
1897186,30,150
1897274,10,147
1897444,49,150
1897663,49,150
1897768,49,150
1897886,30,150
1897960,30,150
1898236,30,150
1898244,30,150
1898289,49,150
1898471,10,147
1898711,93,203
1898734,7373,375
1899069,49,150
1899100,30,150
1899336,30,150
1899366,30,150
1899421,30,150
1899655,10,147
1899868,30,150
1900112,10,147
1900413,49,150
1900523,49,150
1900916,49,150
1901001,819,181
1901011,49,150
1901130,49,150
1901167,30,150
1901433,30,150
1901865,49,150
1901997,49,150
1902148,30,150
1902151,924,179
1902202,586,137
1902357,49,150
1902522,30,150
1902776,30,150
1902828,49,150
1903005,49,150
1903055,30,150
1903065,10,147
1903267,49,150
1903675,93,203
1903811,49,150
1903834,10,147
1904135,30,150
1904753,30,150
1904995,30,150
1905151,49,150
1905259,30,150
1905277,30,150
1905717,49,150
1905901,49,150
1906657,30,150
1906701,49,150
1906720,10,147
1906768,30,150
1906935,49,150
1907121,49,150
1907572,49,150
1907656,30,150
1908153,6,147
1908214,49,150
1908357,49,150
1908510,30,150
1908595,30,150
1908664,30,150
1908808,49,150
1909326,30,150
1909441,14,113
1909478,49,150
1910037,49,150
1910247,835,128
1910438,30,150
1910648,49,150
1910935,30,150
1911046,30,150
1911187,841,176
1911369,49,150
1911606,30,150
1911622,30,150
1911665,30,150
1911876,30,150
1911946,49,150
1911969,30,150
1912081,831,178
1912112,30,150
1912525,49,150
1912638,120,95
1912769,49,150
1913224,49,150
1913280,49,150
1913325,49,150
1913509,49,150
1913526,49,150
1913602,49,150
1913736,30,150
1914287,49,150
1914607,49,150
1914800,30,150
1915105,30,150
1915194,30,150
1915541,30,150
1915777,30,150
1915793,49,150
1915840,10,147
1915928,49,150
1915998,49,150
1916036,30,150
1916051,30,150
1916514,49,150
1916603,49,150
1916655,49,150
1917070,49,150
1917101,30,150
1917167,49,150
1917355,30,150
1917656,49,150
1917696,93,203
1917834,49,150
1917862,30,150
1918017,49,150
1918045,49,150
1918311,49,150
1918452,30,150
1918934,49,150
1919023,49,150
1919229,49,150
1919268,30,150
1919344,10,147
1919362,49,150
1919372,30,150
1919685,30,150
1920035,49,150
1920079,30,150
1920141,49,150
1920625,30,150
1920671,49,150
1920782,30,150
1921172,894,177
1921563,49,150
1921730,10,147
1921937,49,150
1922014,30,150
1922016,30,150
1922205,30,150
1922276,30,150
1922280,49,150
1922637,30,150
1922871,30,150
1922929,49,150
1923405,49,150
1923542,30,150
1923558,30,150
1923586,30,150
1923595,49,150
1923673,49,150
1923696,30,150
1923705,30,150
1923955,30,150
1924190,30,150
1924288,49,150
1924322,30,150
1924401,30,150
1924548,30,150
1924591,49,150
1924877,30,150
1924927,30,150
1924938,49,150
1924971,49,150
1924977,49,150
1925238,49,150
1925350,30,150
1925582,30,150
1926020,30,150
1926086,49,150
1926163,93,203
1926237,49,150
1926359,49,150
1926383,30,150
1926391,30,150
1926532,30,150
1926844,30,150
1926931,30,150
1926986,30,150
1927067,49,150
1927175,93,203
1927221,30,150
1927286,30,150
1927625,49,150
1927870,30,150
1928077,49,150
1928098,49,150
1928136,49,150
1928175,49,150
1928323,10,147
1928454,49,150
1928528,30,150
1928561,651,137
1928846,49,150
1928891,49,150
1929293,796,375
1929577,93,203
1929688,13,109
1929765,49,150
1929989,49,150
1930076,49,150
1930317,49,150
1930696,30,150
1930972,49,150
1931027,49,150
1931239,49,150
1931248,49,150
1931310,819,181
1931497,49,150
1931649,30,150
1931692,30,150
1931871,919,185
1932564,49,150
1932609,30,150
1932682,30,150
1932705,49,150
1932805,49,150
1933187,49,150
1933277,30,150
1934345,30,150
1934556,30,150
1934672,30,150
1934700,49,150
1934926,49,150
1935007,49,150
1935016,49,150
1935425,819,175
1935636,30,150
1935680,49,150
1935838,49,150
1935881,49,150
1935932,49,150
1936124,49,150
1936156,49,150
1936418,49,150
1936448,30,150
1936792,49,150
1937016,49,150
1937027,30,150
1937094,851,179
1937162,30,150
1937220,49,150
1937289,49,150
1937333,49,150
1937495,30,150
1937773,49,150
1937873,49,150
1938140,49,150
1938291,30,150
1938494,30,150
1938572,49,150
1938697,30,150
1938809,30,150
1938811,30,150
1938823,49,150
1938969,30,150
1939009,49,150
1939417,30,150
1939809,49,150
1940010,30,150
1940115,49,150
1940211,30,150
1940298,30,150
1940665,93,203
1940989,49,150
1941415,30,150
1941758,30,150
1941775,841,176
1941863,812,177
1942415,49,150
1942669,49,150
1943102,49,150
1943106,49,150
1943214,30,150
1943222,49,150
1943222,859,174
1943356,30,150
1943708,49,150
1943966,49,150
1944289,30,150
1944568,49,150
1944885,49,150
1945067,30,150
1945164,49,150
1945304,30,150
1945358,49,150
1945419,49,150
1945955,30,150
1946226,49,150
1946659,49,150
1946702,30,150
1946894,49,150
1947104,30,150
1947172,49,150
1947190,10,147
1947203,30,150
1947289,49,150
1947304,49,150
1948231,120,95
1948606,10,147
1948706,1900,375
1948760,10,147
1949110,49,150
1949133,49,150
1949323,30,150
1949371,30,150
1949391,30,150
1949442,30,150
1949482,49,150
1949510,49,150
1949670,30,150
1949690,49,150
1949912,49,150
1950027,49,150
1950096,30,150
1950221,30,150
1950237,30,150
1950367,30,150
1950407,30,150
1950465,49,150
1950476,10,147
1950522,49,150
1950523,49,150
1950787,6,147
1950883,30,150
1951170,49,150
1951251,30,150
1951289,30,150
1951518,49,150
1951899,30,150
1951938,30,150
1952105,49,150
1952267,30,150
1952886,49,150
1952896,49,150
1953126,30,150
1953374,49,150
1953379,30,150
1953784,30,150
1954306,10,147
1954384,30,150
1954498,30,150
1954529,30,150
1955129,30,150
1955191,56,203
1955268,835,128
1955447,49,150
1955518,4167,375
1955692,30,150
1955829,49,150
1955848,49,150
1955872,30,150
1955918,30,150
1956042,10,147
1956378,30,150
1956437,30,150
1956561,49,150
1956887,30,150
1957011,49,150
1957047,49,150
1957056,30,150
1957306,30,150
1957967,49,150
1958184,30,150
1958473,10,147
1958688,5,127
1958865,49,150
1958905,30,150
1959045,30,150
1959618,49,150
1959645,49,150
1959828,30,150
1959974,49,150
1960054,30,150
1960270,93,203
1960729,49,150
1960856,30,150
1960900,30,150
1961001,49,150
1961058,7373,375
1961137,49,150
1961336,30,150
1961443,49,150
1961776,49,150
1961789,93,203
1962120,30,150
1962155,30,150
1962679,30,150
1962789,30,150
1962882,30,150
1962935,49,150
1963102,49,150
1963237,49,150
1963312,30,150
1963441,49,150
1963600,49,150
1963701,30,150
1963750,30,150
1963778,30,150
1964118,49,150
1964308,30,150
1964446,30,150
1964579,30,150
1964945,30,150
1965096,30,150
1965130,30,150
1965161,30,150
1965219,49,150
1965272,49,150
1965301,49,150
1965526,49,150
1965527,49,150
1965833,49,150
1966207,30,150
1966269,49,150
1966351,30,150
1966564,30,150
1966632,10,147
1966912,30,150
1966915,49,150
1966963,30,150
1966990,49,150
1967156,49,150
1967365,49,150
1967590,49,150
1967625,49,150
1967961,30,150
1968032,30,150
1968047,49,150
1968221,49,150
1968383,49,150
1968424,49,150
1968508,30,150
1968554,93,203
1968554,49,150
1968705,49,150
1968727,30,150
1968729,7373,375
1968916,30,150
1968980,30,150
1969043,49,150
1969207,49,150
1969294,30,150
1969355,874,187
1969667,49,150
1969674,30,150
1969686,30,150
1969803,30,150
1969823,49,150
1969980,49,150
1970054,30,150
1970059,30,150
1970074,49,150
1970204,30,150
1970247,30,150
1970278,30,150
1970552,49,150
1970580,10,147
1971068,49,150
1971309,49,150
1971481,49,150
1971661,49,150
1971700,30,150
1971877,30,150
1972059,49,150
1972419,49,150
1972733,49,150
1972797,30,150
1972897,30,150
1973492,49,150
1973731,30,150
1973759,49,150
1974140,30,150
1974283,30,150
1974305,30,150
1974354,30,150
1974484,49,150
1974718,879,185
1974954,30,150
1975459,30,150
1975547,30,150
1975647,30,150
1975859,30,150
1975909,30,150
1976071,49,150
1976077,49,150
1976118,10,147
1976203,30,150
1976509,30,150
1976543,49,150
1976671,30,150
1977111,49,150
1977443,49,150
1977479,30,150
1977683,30,150
1977868,49,150
1977898,49,150
1977903,49,150
1978181,30,150
1978364,30,150
1978433,30,150
1978722,49,150
1978750,30,150
1978837,93,203
1978862,49,150
1978870,49,150
1979031,30,150
1979089,49,150
1979148,30,150
1979186,30,150
1979261,30,150
1979541,30,150
1979579,49,150
1979910,919,185
1980001,30,150
1980273,49,150
1980275,30,150
1980311,30,150
1980333,30,150
1980746,796,375
1981101,49,150
1981171,30,150
1981219,49,150
1981514,30,150
1981709,93,203
1981746,49,150
1981818,49,150
1982098,30,150
1982601,49,150
1982628,30,150
1982871,30,150
1982919,30,150
1983054,49,150
1983110,49,150
1983335,49,150
1983486,30,150
1983781,49,150
1983812,859,174
1983875,30,150
1983882,30,150
1984046,49,150
1984088,49,150
1984182,879,185
1984434,30,150
1984585,49,150
1984685,49,150
1984809,49,150
1985026,30,150
1985141,49,150
1985370,49,150
1985393,49,150
1985531,49,150
1985533,49,150
1985703,30,150
1986009,30,150
1986150,30,150
1986303,49,150
1986453,30,150
1986713,49,150
1986739,30,150
1986768,30,150
1986888,30,150
1987010,10,147
1987070,93,203
1987079,49,150
1987090,49,150
1987323,49,150
1987408,49,150
1987569,49,150
1987697,49,150
1987787,30,150
1988295,30,150
1988487,30,150
1988500,30,150
1988579,30,150
1988905,30,150
1989100,49,150
1989149,30,150
1989219,49,150
1989300,4167,375
1989311,30,150
1989417,49,150
1989472,30,150
1989753,30,150
1989814,30,150
1989857,30,150
1989888,49,150
1989902,30,150
1990245,6,147
1990382,93,203
1990427,30,150
1990708,49,150
1991248,49,150
1991492,49,150
1991657,49,150
1991803,851,179
1991885,49,150
1992734,49,150
1992866,49,150
1992889,30,150
1992954,10,147
1993178,30,150
1993346,49,150
1993519,30,150
1993659,30,150
1993738,30,150
1993961,30,150
1994026,30,150
1994292,49,150
1994387,10,147
1994578,49,150
1994614,49,150
1994829,49,150
1995024,30,150
1995139,10,147
1995148,30,150
1995329,49,150
1995681,30,150
1995856,30,150
1996084,93,203
1996293,49,150
1996296,49,150
1996475,49,150
1996788,49,150
1997234,49,150
1997400,30,150
1997578,30,150
1997701,30,150
1998120,93,203
1998137,30,150
1998186,30,150
1998200,49,150
1998396,49,150
1998537,49,150
1998565,49,150
1998576,49,150
1998709,30,150
1998791,49,150
1999058,30,150
1999229,1900,375
1999268,30,150
1999292,49,150
1999328,30,150
1999402,49,150
1999573,30,150
1999579,30,150
1999681,49,150
2000223,49,150
2000232,30,150
2000789,49,150
2001172,30,150
2001200,49,150
2001232,924,179
2001238,49,150
2001407,30,150
2001536,10,147
2001537,49,150
2001622,49,150
2001743,30,150
2001844,49,150
2002037,49,150
2002163,49,150
2002201,30,150
2002204,30,150
2002245,30,150
2002444,30,150
2002576,30,150
2002680,49,150
2003095,30,150
2003281,30,150
2003351,30,150
2003674,49,150
2003694,49,150
2004007,924,179
2004057,49,150
2004320,49,150
2004354,30,150
2004503,49,150
2004511,30,150
2004575,49,150
2004628,30,150
2004680,49,150
2004746,30,150
2004761,49,150
2004870,30,150
2004935,30,150
2005095,49,150
2005345,49,150
2005357,49,150
2005591,49,150
2005678,30,150
2005728,30,150
2006178,49,150
2006208,49,150
2006220,30,150
2006311,49,150
2006687,49,150
2007877,831,178
2007939,49,150
2008108,10,147
2008172,49,150
2008709,49,150
2008876,30,150
2009061,30,150
2009124,30,150
2009194,835,128
2009240,30,150
2009753,30,150
2010242,49,150
2010662,93,203
2010728,30,150
2011187,30,150
2011263,49,150
2011356,812,177
2011412,30,150
2011459,10,147
2012039,819,181
2012508,30,150
2012516,30,150
2012517,30,150
2012527,49,150
2012550,49,150
2012553,49,150
2012676,30,150
2013098,49,150
2013471,30,150
2013518,30,150
2013678,49,150
2013696,49,150
2013726,49,150
2013901,49,150
2013951,10,147
2014127,30,150
2014273,49,150
2014461,49,150
2014563,30,150
2015064,30,150
2015072,30,150
2015209,49,150
2015424,49,150
2015604,49,150
2015741,49,150
2015778,30,150
2015903,30,150
2016120,30,150
2016123,586,137
2016582,30,150
2016748,30,150
2017127,30,150
2017378,30,150
2017416,49,150
2017463,841,176
2017723,30,150
2017918,49,150
2018025,30,150
2018136,30,150
2018254,30,150
2018464,49,150
2018567,49,150
2018573,49,150
2019162,30,150
2019185,49,150
2019404,49,150
2019521,30,150
2019601,49,150
2019810,49,150
2020121,30,150
2020291,30,150
2020395,49,150
2020402,30,150
2020506,49,150
2020749,49,150
2020865,30,150
2020908,30,150
2021030,49,150
2021120,894,177
2021131,30,150
2021158,30,150
2021168,49,150
2021435,30,150
2021542,49,150
2021705,30,150
2021863,30,150
2022261,49,150
2022838,33,108
2022961,49,150
2022973,874,187
2023316,49,150
2023547,30,150
2023549,30,150
2023588,30,150
2023881,10,147
2023938,49,150
2024077,93,203
2024159,49,150
2024210,49,150
2024273,49,150
2024279,49,150
2024464,30,150
2024764,49,150
2024830,49,150
2024856,49,150
2024928,30,150
2025072,30,150
2025087,120,95
2025160,49,150
2025272,49,150
2025420,851,179
2025575,30,150
2025727,30,150
2025750,49,150
2025790,49,150
2025906,30,150
2026209,30,150
2026293,49,150
2026533,49,150
2026622,49,150
2026816,49,150
2026914,879,185
2027087,30,150
2027461,49,150
2027463,49,150
2027600,49,150
2027634,30,150
2027923,30,150
2027933,30,150
2028096,93,203
2028350,49,150
2028630,30,150
2028807,49,150
2028856,49,150
2028957,30,150
2029896,30,150
2030310,49,150
2030322,30,150
2030511,49,150
2030615,49,150
2030893,30,150
2031358,30,150
2031398,30,150
2031434,49,150
2031608,49,150
2031994,30,150
2032195,10,147
2032231,49,150
2032669,49,150
2032699,49,150
2033095,30,150
2033191,91,203
2033242,30,150
2033283,49,150
2033448,30,150
2033670,49,150
2033988,30,150
2034310,30,150
2034374,30,150
2034550,30,150
2034551,10,147
2034613,30,150
2034700,49,150
2034748,30,150
2034787,30,150
2035030,49,150
2035052,30,150
2035195,49,150
2035410,30,150
2035430,30,150
2035587,49,150
2035668,30,113
2035675,49,150
2035783,49,150
2035835,30,150
2035881,30,150
2036020,30,150
2036158,30,150
2036190,49,150
2036292,30,150
2036563,30,150
2036624,30,150
2036625,30,150
2036920,30,150
2037270,49,150
2037298,30,150
2037314,49,150
2037398,10,147
2037414,30,150
2037414,49,150
2037498,49,150
2037689,30,150
2038427,49,150
2038429,30,150
2038542,49,150
2039023,49,150
2039052,49,150
2039074,30,150
2039096,30,150
2039121,49,150
2039126,49,150
2039488,30,150
2039774,49,150
2039818,49,150
2040504,30,150
2040595,30,150
2040665,49,150
2040911,49,150
2041103,30,150
2041281,49,150
2041288,30,150
2041375,30,150
2041671,30,150
2041955,30,150
2041955,859,174
2041990,49,150
2042118,49,150
2042182,49,150
2042422,49,150
2042492,30,150
2042787,30,150
2043179,30,150
2043195,7373,375
2043282,49,150
2043490,30,150
2043504,10,147
2043512,30,150
2043519,30,150
2043685,10,147
2044002,49,150
2044508,30,150
2044738,30,150
2044771,49,150
2045129,831,178
2045137,30,150
2045237,30,150
2045305,30,150
2045367,30,150
2045692,30,150
2045969,49,150
2046045,49,150
2046181,30,150
2046192,49,150
2046192,30,150
2046221,30,150
2046238,49,150
2046263,30,150
2046356,49,150
2046363,10,147
2046365,49,150
2046374,49,150
2046710,30,150
2046949,30,150
2047099,49,150
2047395,49,150
2047424,30,150
2047426,12,104
2047520,49,150
2047591,49,150
2047593,49,150
2047623,49,150
2047711,49,150
2047974,49,150
2048003,49,150
2048113,30,150
2048153,30,150
2048172,30,150
2048235,30,150
2048567,30,150
2048753,30,150
2049112,30,150
2049144,30,150
2049504,49,150
2049629,49,150
2049755,49,150
2049945,30,150
2049996,586,137
2050172,49,150
2050735,30,150
2050791,30,150
2051494,30,150
2051571,49,150
2051682,30,150
2051704,49,150
2051721,49,150
2051785,49,150
2051797,30,150
2051865,30,150
2052496,30,150
2052536,10,147
2053052,49,150
2053465,93,203
2053466,879,185
2053497,49,150
2053843,49,150
2054195,49,150
2054513,30,150
2054853,49,150
2054938,93,203
2055391,49,150
2055398,30,150
2055950,30,150
2056214,30,150
2056240,49,150
2056642,49,150
2056782,49,150
2056917,49,150
2056983,49,150
2056995,30,150
2057005,49,150
2057344,30,150
2057606,49,150
2057928,30,150
2058244,30,150
2058289,49,150
2058805,49,150
2058970,93,203
2059015,30,150
2059111,30,150
2059189,30,150
2059322,49,150
2059672,30,150
2060236,49,150
2060301,30,150
2060302,49,150
2060353,30,150
2060877,30,150
2060964,30,150
2061125,49,150
2061189,49,150
2061348,30,150
2061501,30,150
2061638,49,150
2061796,30,150
2062427,30,150
2062533,49,150
2062570,49,150
2062634,49,150
2062669,49,150
2062728,49,150
2062941,30,150
2062956,30,150
2063145,49,150
2063358,30,150
2063425,93,203
2063590,30,150
2063651,49,150
2063758,49,150
2063818,30,150
2064032,49,150
2064241,49,150
2064551,30,150
2064656,924,179
2064674,30,150
2064707,262,137
2064887,30,150
2064972,49,150
2065046,30,150
2065375,586,137
2065459,30,150
2065705,30,150
2065807,49,150
2065953,49,150
2066057,819,175
2066070,49,150
2066081,30,150
2066121,831,178
2066354,49,150
2066374,49,150
2066720,30,150
2066870,49,150
2067452,841,176
2067675,30,150
2067960,55,147
2068669,835,128
2068699,49,150
2068732,49,150
2068970,49,150
2069095,819,175
2069315,49,150
2069570,49,150
2069821,49,150
2070311,49,150
2070540,49,150
2070575,30,150
2070950,875,147
2070984,49,150
2071162,62,147
2071196,49,150
2071200,1900,375
2071234,49,150
2071320,49,150
2071325,49,150
2071701,49,150
2071934,30,150
2072262,49,150
2072345,10,147
2072454,49,150
2072495,30,150
2072599,49,150
2072810,30,150
2072859,852,181
2072966,49,150
2073388,30,150
2073403,30,150
2073670,30,150
2073708,49,150
2073740,30,150
2073922,30,150
2073935,49,150
2073940,30,150
2073983,30,150
2074079,49,150
2074320,93,203
2075126,864,137
2075185,49,150
2075426,49,150
2075643,30,150
2075708,49,150
2075812,49,150
2075952,49,150
2076197,49,150
2076346,49,150
2076721,10,147
2076784,49,150
2077017,49,150
2077163,30,150
2077232,30,150
2077712,262,137
2077851,30,150
2078164,30,150
2078329,30,150
2078431,812,177
2078587,30,150
2078939,30,150
2079243,30,150
2079637,30,150
2080027,49,150
2080103,49,150
2080146,30,150
2080284,49,150
2080309,30,150
2080421,30,150
2080430,49,150
2080541,586,137
2080579,30,150
2080609,30,150
2080661,49,150
2080780,874,187
2080848,30,150
2080984,49,150
2081152,10,147
2081436,796,375
2081606,49,150
2081803,30,150
2081803,4167,375
2082118,49,150
2082301,30,150
2082346,49,150
2082616,30,150
2082674,49,150
2082738,919,185
2082766,30,150
2082780,30,150
2082793,49,150
2082825,49,150
2083078,30,150
2083237,49,150
2083373,120,203
2083424,49,150
2083683,30,150
2084480,49,150
2084603,30,150
2084758,30,150
2084864,49,150
2084943,30,150
2084983,864,137
2085289,10,147
2085794,894,177
2085941,49,150
2085966,30,150
2086008,819,181
2086028,30,150
2086092,30,150
2086462,30,150
2086674,30,150
2086693,30,150
2086718,30,150
2087080,30,150
2087269,30,150
2087275,30,150
2087584,49,150
2087667,30,150
2087671,49,150
2087698,49,150
2087716,49,150
2087743,49,150
2087794,30,150
2087971,30,150
2088178,49,150
2088263,49,150
2088379,30,150
2088450,49,150
2088493,30,150
2088716,10,147
2088727,30,150
2088797,30,150
2088801,49,150
2089052,30,150
2089139,49,150
2089727,30,150
2090106,49,150
2090210,30,150
2090366,30,150
2090474,30,150
2090699,49,150
2090755,49,150
2090790,30,150
2090816,30,150
2090882,49,150
2091033,49,150
2091070,49,150
2091136,30,150
2091290,49,150
2091396,49,150
2091416,49,150
2091724,30,150
2092072,49,150
2092392,30,150
2092441,30,150
2092537,49,150
2092732,93,203
2092922,16,91
2093182,49,150
2093297,30,150
2093316,49,150
2093332,49,150
2093389,49,150
2093470,93,203
2093567,30,150
2093588,30,150
2093770,49,150
2094030,30,150
2094111,6,147
2094892,30,150
2094991,49,150
2095129,30,150
2095544,30,150
2095600,10,147
2095622,10,147
2095755,49,150
2096015,10,147
2096292,49,150
2096976,49,150
2097490,30,150
2097751,30,150
2097946,49,150
2097992,30,150
2098154,49,150
2098306,30,150
2098605,49,150
2098670,93,203
2098714,30,150
2098915,49,150
2098999,49,150
2099085,49,150
2099498,30,150
2099699,30,150
2099751,49,150
2100048,812,177
2100180,30,150
2100697,30,150
2100818,49,150
2100819,49,150
2101324,30,150
2101504,49,150
2101663,30,150
2101702,30,150
2101944,30,150
2102433,30,150
2102590,49,150
2102667,49,150
2102761,143,121
2102874,30,150
2102888,49,150
2102979,49,150
2103092,30,150
2103125,30,150
2103249,30,150
2103426,49,150
2103632,49,150
2103717,49,150
2103849,30,150
2103970,30,150
2104013,93,203
2104243,49,150
2104678,49,150
2104853,827,179
2105113,49,150
2105206,30,150
2105220,30,150
2105234,49,150
2105323,30,150
2105342,49,150
2105461,49,150
2105522,49,150
2105681,30,150
2105990,49,150
2106180,49,150
2106309,49,150
2106413,30,150
2106599,30,150
2106734,49,150
2106815,30,150
2106921,49,150
2106975,30,150
2106984,30,150
2107032,7373,375
2107361,49,150
2107601,49,150
2107757,49,150
2107954,30,150
2108107,30,150
2108202,49,150
2108278,49,150
2108288,49,150
2108662,30,150
2108903,30,150
2108951,30,150
2109075,30,150
2109254,49,150
2109335,49,150
2109344,30,150
2109563,30,150
2109637,49,150
2109642,30,150
2109731,10,147
2110665,30,150
2110742,30,150
2110800,49,150
2110863,30,150
2111008,49,150
2111038,30,150
2111148,49,150
2111361,30,150
2111381,49,150
2111452,30,150
2111752,30,150
2111772,30,150
2111849,796,375
2111999,30,150
2112002,49,150
2112076,49,150
2112108,49,150
2112269,49,150
2112280,30,150
2112399,49,150
2112768,49,150
2112919,49,150
2113039,30,150
2113201,30,150
2113305,30,150
2113465,49,150
2113517,49,150
2114035,30,150
2114314,30,150
2114454,864,185
2114944,30,150
2114953,30,150
2115424,49,150
2115790,870,175
2115803,30,150
2116147,30,150
2116218,30,150
2116264,30,150
2116267,877,185
2116340,924,179
2116408,30,150
2116727,49,150
2116813,30,150
2116833,49,150
2116919,93,203
2116930,30,150
2117027,49,150
2117151,10,147
2117339,30,150
2117358,49,150
2117524,30,150
2117589,49,150
2117600,30,150
2117830,49,150
2117861,30,150
2118032,49,150
2118057,950,174
2118181,30,150
2118287,851,179
2118409,919,185
2118477,49,150
2118556,30,150
2119027,93,203
2119192,30,150
2119277,93,203
2119509,49,150
2119743,30,150
2119748,49,150
2119765,49,150
2120233,30,150
2120244,49,150
2120358,49,150
2120361,30,150
2120438,30,150
2120509,49,150
2120520,30,150
2120637,30,150
2120852,30,150
2120998,49,150
2121094,30,150
2121254,49,150
2121598,49,150
2121709,49,150
2121899,30,150
2121989,49,150
2122121,30,150
2122157,49,150
2122301,49,150
2122446,49,150
2122540,49,150
2123342,30,150
2123422,49,150
2123463,30,150
2123573,49,150
2123668,49,150
2123898,49,150
2124022,30,150
2124124,894,177
2124145,10,147
2124157,49,150
2124216,49,150
2124341,30,150
2124530,49,150
2124573,819,181
2124668,30,150
2124689,49,150
2125098,49,150
2125329,10,147
2125476,30,150
2125483,49,150
2125579,19137,148
2125699,49,150
2125836,49,150
2125853,30,150
2126058,6,147
2126187,30,150
2126929,30,150
2126942,30,150
2127138,93,203
2127740,49,150
2127780,819,175
2127886,49,150
2127954,30,150
2128133,49,150
2128256,18180,148
2128593,30,150
2128595,30,150
2128604,10,147
2128856,30,150
2128858,30,150
2129501,49,150
2129743,30,150
2129771,49,150
2129972,120,95
2130062,10,147
2130122,49,150
2130168,49,150
2130246,127,147
2130318,93,203
2130320,30,150
2130394,49,150
2130845,30,150
2130871,49,150
2131366,30,150
2131801,49,150
2131835,49,150
2131917,30,150
2131951,30,150
2132203,30,150
2132301,49,150
2132330,49,150
2132534,49,150
2132750,49,150
2132765,49,150
2132865,30,150
2133257,30,150
2133378,49,150
2133468,30,150
2133499,30,150
2133783,49,150
2133830,30,150
2133985,93,203
2134071,30,150
2134121,30,150
2134133,49,150
2134290,30,150
2134458,30,150
2134523,49,150
2134544,30,150
2134588,49,150
2134734,30,150
2134747,30,150
2135056,30,150
2135103,30,150
2135123,49,150
2135288,49,150
2135450,30,150
2135903,49,150
2136075,30,150
2136157,30,150
2136483,49,150
2136641,49,150
2136963,30,150
2137167,10,147
2137427,30,150
2137647,49,150
2137887,30,150
2138036,677,176
2138059,49,150
2138253,49,150
2138293,30,150
2138294,874,187
2138647,49,150
2138708,30,150
2138880,30,150
2139042,30,150
2139115,49,150
2139178,30,150
2139247,30,150
2139593,30,150
2139640,30,150
2139755,30,150
2139772,49,150
2139779,10,147
2139786,49,150
2140034,49,150
2140094,894,177
2140289,30,150
2140292,30,150
2140362,30,150
2140993,49,150
2141144,812,177
2141180,49,150
2141295,30,150
2141370,30,150
2141433,841,176
2141500,49,150
2141752,49,150
2141836,30,150
2142028,49,150
2142304,49,150
2142424,30,150
2142480,30,150
2142630,49,150
2142746,30,150
2142781,49,150
2142848,30,150
2143007,30,150
2143197,30,150
2143331,30,150
2143363,10,147
2143487,49,150
2143733,49,150
2143817,628,177
2144051,49,150
2144060,30,150
2144075,30,150
2144534,49,150
2144710,30,150
2144718,30,150
2144749,49,150
2145154,49,150
2145319,30,150
2145338,49,150
2145557,49,150
2145729,30,150
2145769,874,187
2146016,49,150
2146046,49,150
2146559,49,150
2146638,30,150
2146836,26031,148
2147019,30,150
2147160,49,150
2147546,172,147
2147627,49,150
2147696,49,150
2148072,49,150
2148088,49,150
2148192,30,150
2148204,49,150
2148525,49,150
2148785,3,125
2148899,49,150
2149216,30,150
2149424,49,150
2149550,30,150
2149597,30,150
2149659,49,150
2149709,113,127
2150010,30,150
2150053,835,128
2150171,49,150
2150185,30,150
2150447,49,150
2150594,10,147
2150608,93,203
2150848,30,150
2150924,30,150
2150963,49,150
2150991,49,150
2151015,10,147
2151035,49,150
2151122,10,147
2151204,49,150
2151228,49,150
2151280,829,179
2151420,49,150
2151458,49,150
2151469,49,150
2151633,49,150
2151757,861,178
2151761,30,150
2151981,4167,375
2152206,30,150
2152391,49,150
2152521,49,150
2152531,49,150
2152613,30,150
2153042,49,150
2153302,586,137
2153327,49,150
2153483,1900,375
2153699,697,187
2154042,30,150
2154053,49,150
2154053,49,150
2154229,49,150
2154241,49,150
2154362,30,150
2154531,30,150
2154643,30,150
2154956,652,178
2155077,30,150
2155129,30,150
2155169,49,150
2155247,30,150
2155312,30,150
2155497,30,150
2155562,243,203
2155949,49,150
2155968,30,150
2156020,49,150
2156122,49,150
2156351,30,150
2156472,30,150
2156936,49,150
2156960,49,150
2157015,49,150
2157193,833,177
2157471,49,150
2157504,49,150
2157777,30,150
2157971,49,150
2158088,30,150
2158146,49,150
2158194,30,150
2158312,30,150
2158371,30,150
2158499,49,150
2158992,30,150
2159377,30,150
2159389,30,150
2159617,30,150
2159629,919,185
2159771,49,150
2159821,49,150
2159838,30,150
2160483,30,150
2160574,49,150
2160583,30,150
2160586,49,150
2160607,49,150
2160663,49,150
2160696,258,203
2161038,49,150
2161383,30,150
2161422,49,150
2161861,30,150
2161929,49,150
2161964,49,150
2162946,30,150
2163360,49,150
2163461,30,150
2163550,586,137
2163640,49,150
2164155,93,203
2164375,30,150
2164390,49,150
2164481,859,174
2164600,30,150
2164751,30,150
2164796,30,150
2164912,30,150
2164931,49,150
2165020,49,150
2165150,30,150
2165278,49,150
2165281,49,150
2165394,49,150
2165437,30,150
2165439,49,150
2165617,49,150
2165936,49,150
2165950,49,150
2166119,14,113
2166122,49,150
2166368,49,150
2166402,30,150
2166602,30,150
2166676,30,150
2166908,10,147
2167008,49,150
2167139,10,147
2167141,30,150
2167310,120,95
2167623,49,150
2167655,30,150
2167820,49,150
2168106,30,150
2168221,30,150
2168471,30,150
2168534,30,150
2168770,30,150
2168954,841,176
2169082,30,150
2169150,49,150
2169316,49,150
2169412,30,150
2169534,30,150
2169783,30,150
2169854,30,150
2170015,30,150
2170075,93,203
2170408,49,150
2170618,49,150
2170744,30,150
2171179,49,150
2171530,49,150
2171561,30,150
2171772,30,150
2171838,49,150
2172097,49,150
2172404,49,150
2172601,30,150
2172928,49,150
2172928,30,150
2173065,49,150
2173111,30,150
2173239,30,150
2173639,819,175
2173978,10,147
2174036,30,150
2174106,49,150
2174186,49,150
2174186,30,150
2174483,30,150
2174743,49,150
2175543,49,150
2175663,30,150
2175983,49,150
2176025,30,150
2176119,93,203
2176446,49,150
2176533,30,150
2176585,30,150
2176614,49,150
2176693,49,150
2176766,30,150
2176794,49,150
2176807,49,150
2176861,49,150
2177041,1900,375
2177187,49,150
2177473,30,150
2177584,30,150
2177796,10,147
2177806,30,150
2177945,49,150
2178090,30,150
2178249,30,150
2178996,6,147
2179044,30,150
2179046,49,150
2179132,30,150
2179720,30,150
2180193,49,150
2180197,49,150
2180198,30,150
2180265,49,150
2180403,30,150
2180716,796,375
2181056,30,150
2181347,864,137
2181661,49,150
2181707,30,150
2181745,7373,375
2181768,49,150
2181771,49,150
2181849,49,150
2182380,30,150
2182812,30,150
2183033,49,150
2183106,30,150
2183216,49,150
2183224,49,150
2183439,30,150
2183627,49,150
2183678,49,150
2183775,49,150
2184016,30,150
2184074,49,150
2184094,10,147
2184176,30,150
2184197,10,147
2184200,30,150
2184275,30,150
2184283,30,150
2184375,49,150
2185109,49,150
2185194,49,150
2185261,30,150
2185315,835,128
2185629,49,150
2185634,30,150
2185709,49,150
2186148,30,150
2186235,30,150
2186299,49,150
2186381,10,147
2186455,49,150
2186839,93,203
2187037,30,150
2187049,49,150
2187316,30,150
2187459,11,106
2187694,49,150
2187774,30,150
2187802,49,150
2187896,49,150
2187978,30,150
2188270,49,150
2188578,49,150
2188589,49,150
2189101,49,150
2189212,30,150
2189535,49,150
2189555,49,150
2189612,49,150
2190393,30,150
2190487,49,150
2190552,30,150
2190822,30,150
2191193,49,150
2191258,30,150
2191550,30,150
2191603,30,150
2191894,4167,375
2191992,30,150
2192128,49,150
2192164,49,150
2192253,49,150
2192345,30,150
2192356,49,150
2192566,30,150
2192869,49,150
2192989,30,150
2193136,30,150
2193376,49,150
2193421,49,150
2193522,49,150
2193554,30,150
2194583,49,150
2194839,49,150
2195211,30,150
2195265,49,150
2195294,93,203
2195915,49,150
2195916,30,150
2196014,49,150
2196082,49,150
2196252,30,150
2196258,30,150
2196316,49,150
2196486,30,150
2196758,30,150
2196989,10,147
2197203,30,150
2197296,49,150
2197487,49,150
2197608,30,150
2198001,30,150
2198085,30,150
2198149,49,150
2198418,30,150
2198630,30,150
2198807,30,150
2198890,30,150
2198928,30,150
2198977,49,150
2199001,49,150
2199192,30,150
2199543,30,150
2199648,30,150
2200076,30,150
2200622,49,150
2200623,49,150
2200702,49,150
2200964,30,150
2201639,49,150
2201730,10,147
2201735,10,147
2201797,10,147
2201917,30,150
2202060,30,150
2202206,30,150
2202412,30,150
2202486,30,150
2203071,30,150
2203241,49,150
2203376,30,150
2203540,49,150
2203751,30,150
2203768,93,203
2204103,30,150
2204466,30,150
2204482,49,150
2204530,30,150
2204696,49,150
2205047,49,150
2205384,49,150
2205709,30,150
2205997,49,150
2206032,30,150
2206059,49,150
2206071,30,150
2206151,30,150
2206947,49,150
2206995,49,150
2207254,831,178
2207439,30,150
2207473,30,150
2207896,49,150
2207908,30,150
2208269,49,150
2208382,49,150
2208443,49,150
2208605,49,150
2208640,49,150
2208881,30,150
2209316,49,150
2209490,30,150
2209782,49,150
2209886,49,150
2210019,819,181
2210640,30,150
2211767,30,150
2212053,49,150
2212170,851,179
2212357,49,150
2212515,30,150
2212605,93,203
2212751,30,150
2213152,49,150
2213223,30,150
2213528,30,150
2213537,30,150
2213600,30,150
2213660,30,150
2213684,30,150
2214036,30,150
2214079,49,150
2214271,93,203
2214728,49,150
2214948,879,185
2214958,30,150
2215157,49,150
2215186,49,150
2215916,262,137
2215916,30,150
2216207,49,150
2216454,30,150
2216702,49,150
2216828,49,150
2217257,49,150
2217411,30,150
2217590,49,150
2217705,49,150
2217708,30,150
2217715,30,150
2217751,30,150
2218271,49,150
2218375,30,150
2218414,10,147
2218513,30,150
2219072,30,150
2219140,30,150
2219244,49,150
2219252,49,150
2219535,49,150
2219613,49,150
2219716,30,150
2219753,49,150
2219791,30,150
2220418,49,150
2220497,49,150
2220581,30,150
2220649,49,150
2220827,30,150
2220852,49,150
2221058,49,150
2221096,49,150
2221220,10,147
2221247,49,150
2221286,30,150
2221328,864,137
2221364,30,150
2221893,49,150
2221967,49,150
2222169,841,176
2222620,30,150
2222645,49,150
2222679,49,150
2222816,49,150
2222865,49,150
2223038,30,150
2223087,49,150
2223416,30,150
2223557,30,150
2223990,30,150
2224571,30,150
2224678,49,150
2224885,56,203
2224888,49,150
2224976,49,150
2225097,30,150
2225181,49,150
2225227,30,150
2225251,49,150
2225471,7373,375
2225943,49,150
2226072,49,150
2226129,30,150
2226831,49,150
2226961,30,150
2227435,831,178
2227470,49,150
2227502,30,150
2227580,49,150
2227906,30,150
2228017,49,150
2228138,49,150
2228396,796,375
2228555,30,150
2229220,30,150
2229234,30,150
2229320,30,150
2229444,30,150
2229730,30,150
2229834,30,150
2230423,30,150
2230549,49,150
2230612,812,177
2230688,49,150
2230760,851,179
2231085,49,150
2231374,13,109
2231452,30,150
2231640,49,150
2231704,49,150
2231723,49,150
2231762,49,150
2231847,49,150
2232026,49,150
2232030,49,150
2232301,49,150
2232433,30,150
2232573,30,150
2232587,30,150
2232733,49,150
2232764,924,179
2232945,49,150
2232997,30,150
2233552,30,150
2233594,30,150
2234408,4167,375
2234480,894,177
2234495,30,150
2234511,49,150
2234798,10,147
2234805,49,150
2234913,49,150
2235098,30,150
2235684,30,150
2235870,30,150
2236436,49,150
2236750,93,203
2236783,30,150
2236848,49,150
2236884,586,137
2236985,49,150
2237169,49,150
2237170,49,150
2237309,30,150
2237544,879,185
2237556,30,150
2237797,49,150
2237835,49,150
2237977,7373,375
2238291,49,150
2238509,30,150
2238719,30,150
2239133,30,150
2239350,30,150
2239395,30,150
2239493,30,150
2239618,5,127
2239812,49,150
2239828,120,95
2240232,49,150
2240418,30,150
2240536,49,150
2240652,30,150
2240663,894,177
2240937,30,150
2241085,835,128
2241324,49,150
2241376,30,150
2241724,30,150
2241738,49,150
2242142,30,150
2242269,30,150
2242373,49,150
2242437,30,150
2242524,30,150
2242602,30,150
2242609,30,150
2242712,49,150
2242797,30,150
2243181,30,150
2243233,49,150
2243508,49,150
2243857,49,150
2244023,49,150
2244056,30,150
2244174,49,150
2244426,49,150
2244732,93,203
2244996,93,203
2245042,30,150
2245266,30,150
2245383,30,150
2245419,49,150
2245506,30,150
2245601,30,150
2245602,49,150
2245750,30,150
2245801,49,150
2245926,651,137
2246098,30,150
2246694,10,147
2246989,30,150
2247079,49,150
2247095,49,150
2247100,49,150
2247150,30,150
2247225,49,150
2247290,6,147
2247302,49,150
2247315,30,150
2247405,49,150
2247896,49,150
2248001,30,150
2248167,30,150
2248789,49,150
2248931,30,150
2249051,49,150
2249530,49,150
2249588,819,181
2249604,30,150
2249616,49,150
2249620,30,150
2249700,41,150
2249715,30,150
2249815,30,150
2249841,30,150
2249899,93,203
2250069,30,150
2250299,30,150
2250318,30,150
2250495,49,150
2251006,49,150
2251075,10,147
2251289,30,150
2251384,30,150
2251421,919,185
2251475,30,150
2251494,30,150
2252004,49,150
2252584,49,150
2252740,30,150
2252766,49,150
2252793,30,150
2252966,30,150
2253249,30,150
2253261,49,150
2253271,49,150
2253458,30,150
2253478,49,150
2253549,93,203
2253855,30,150
2254982,30,150
2255019,30,150
2255032,49,150
2255420,30,150
2255564,30,150
2255830,49,150
2256006,49,150
2256248,30,150
2256499,49,150
2256526,49,150
2256675,49,150
2256947,93,203
2256951,49,150
2257011,49,150
2257043,49,150
2257166,49,150
2257209,49,150
2257511,49,150
2257543,30,150
2257794,30,150
2257982,49,150
2258019,49,150
2258092,30,150
2258278,49,150
2258340,49,150
2258427,49,150
2258478,49,150
2258540,49,150
2258670,10,147
2258690,49,150
2259236,831,178
2259326,879,185
2259362,10,147
2259546,49,150
2259692,49,150
2259731,49,150
2259853,49,150
2260098,30,150
2260109,30,150
2260165,30,150
2260212,10,147
2260259,1900,375
2260284,819,181
2260366,30,150
2260409,30,150
2260630,30,150
2260847,30,150
2261246,30,150
2261501,30,150
2262109,30,150
2262192,49,150
2262229,10,147
2262456,49,150
2262605,49,150
2262681,49,150
2262752,49,150
2263065,30,150
2263100,49,150
2263387,10,147
2263923,30,150
2263926,30,150
2264589,49,150
2264641,874,187
2264647,30,150
2264997,30,150
2265067,30,150
2265442,49,150
2265643,30,150
2265768,49,150
2265780,49,150
2265967,30,150
2266140,49,150
2266235,49,150
2266318,30,150
2266661,30,150
2267043,49,150
2267220,49,150
2267284,49,150
2267597,49,150
2267799,30,150
2267846,30,150
2267854,49,150
2268010,49,150
2268101,859,174
2268267,49,150
2268437,49,150
2268633,30,150
2268973,30,150
2269028,49,150
2269091,30,150
2269123,30,150
2269243,30,150
2269253,30,150
2269333,49,150
2269499,49,150
2269545,30,150
2269574,93,203
2269822,49,150
2270233,30,150
2270575,30,150
2270703,49,150
2270759,49,150
2271090,819,175
2271346,49,150
2271422,49,150
2271431,49,150
2271660,120,95
2272050,30,150
2272173,49,150
2272499,30,150
2272882,49,150
2272976,30,150
2273037,49,150
2273237,30,150
2273506,49,150
2273687,49,150
2273810,10,147
2273928,30,150
2274027,30,150
2274108,49,150
2274367,30,150
2274772,49,150
2274979,30,150
2275031,30,150
2275129,30,150
2275283,30,150
2275322,30,150
2275344,30,150
2276006,30,150
2276327,49,150
2276418,841,176
2276493,49,150
2276532,30,150
2276553,30,150
2276600,49,150
2276834,30,150
2277047,49,150
2277191,49,150
2277196,30,150
2277214,30,150
2277217,30,150
2277377,93,203
2277583,30,150
2277589,10,147
2277596,49,150
2277789,30,150
2277861,49,150
2277995,30,150
2278332,49,150
2278435,49,150
2278502,49,150
2278917,49,150
2278977,49,150
2279014,10,147
2279169,30,150
2279195,30,150
2279363,586,137
2279389,49,150
2279487,49,150
2279589,30,150
2279685,30,150
2279973,49,150
2279996,30,150
2280061,30,150
2280120,49,150
2280418,30,150
2280545,93,203
2280552,49,150
2280691,49,150
2280843,30,150
2280994,30,150
2281016,49,150
2281162,49,150
2281186,30,150
2281190,49,150
2281244,49,150
2281325,49,150
2281330,30,150
2281736,30,150
2281746,49,150
2281753,30,150
2281832,91,203
2281998,30,150
2282073,49,150
2282240,919,185
2282986,49,150
2283076,30,150
2283081,30,150
2283109,49,150
2283226,30,150
2283720,30,150
2283828,49,150
2283873,30,150
2284216,30,150
2284302,30,150
2284527,49,150
2285279,49,150
2285463,30,150
2285648,10,147
2285856,30,150
2286231,49,150
2286237,30,150
2286419,30,150
2286489,49,150
2286561,30,150
2287406,30,150
2287477,30,150
2287565,30,150
2287639,30,150
2287925,49,150
2287974,49,150
2288317,49,150
2288339,30,150
2288614,49,150
2288636,49,150
2288708,49,150
2288868,30,150
2288887,30,150
2289243,49,150
2289427,30,150
2289623,10,147
2289693,919,185
2289860,49,150
2289862,49,150
2289981,30,150
2290119,49,150
2290211,30,150
2290502,49,150
2290554,49,150
2290592,30,150
2290717,49,150
2290852,30,150
2290920,30,150
2290948,93,203
2291325,30,150
2291513,49,150
2291692,49,150
2291873,49,150
2291919,49,150
2291936,30,150
2291962,49,150
2292009,30,150
2292152,30,150
2292278,49,150
2292370,49,150
2292444,30,150
2292544,30,150
2292841,49,150
2292882,49,150
2292995,30,150
2293083,10,147
2293229,30,150
2293485,819,175
2293717,49,150
2293975,49,150
2294005,49,150
2294060,30,150
2294090,30,150
2294541,30,150
2294764,851,179
2294782,49,150
2294840,49,150
2294999,49,150
2295218,30,150
2295287,49,150
2295433,49,150
2295458,49,150
2295475,49,150
2295496,49,150
2295712,49,150
2295996,49,150
2296336,49,150
2296499,49,150
2296997,49,150
2297083,30,150
2297137,262,137
2297143,49,150
2297271,49,150
2297428,924,179
2297461,30,150
2297522,30,150
2297603,30,150
2297655,49,150
2297757,30,150
2297778,30,150
2297978,30,150
2298024,30,150
2298120,30,150
2298326,93,203
2298644,49,150
2298799,49,150
2298903,49,150
2299007,49,150
2299125,49,150
2299288,49,150
2299619,30,150
2299837,30,150
2300658,49,150
2300809,49,150
2300809,30,150
2301008,49,150
2301223,49,150
2301321,10,147
2301337,41,150
2301472,30,150
2301612,30,150
2302337,30,150
2302339,30,150
2302399,49,150
2302507,49,150
2302525,49,150
2302785,30,150
2302875,49,150
2303196,49,150
2303475,30,150
2303806,49,150
2303815,10,147
2304437,30,150
2305029,30,150
2305035,30,150
2305055,30,150
2305130,30,150
2305425,30,150
2305467,49,150
2305569,49,150
2305603,30,150
2306030,30,150
2306160,30,150
2306477,30,150
2306579,796,375
2306663,30,150
2307136,30,150
2307187,30,150
2307333,30,150
2307487,49,150
2307600,30,150
2307606,30,150
2307626,30,150
2307643,49,150
2307940,49,150
2308097,49,150
2308146,49,150
2308826,30,150
2308990,49,150
2309307,30,150
2309623,49,150
2310042,49,150
2310104,851,179
2310650,49,150
2310666,30,150
2310769,30,150
2310788,49,150
2311097,10,147
2311471,30,150
2311524,10,147
2311554,49,150
2311897,30,150
2312068,1900,375
2312092,30,150
2312158,30,150
2312939,33,108
2312976,49,150
2312995,30,150
2313467,30,150
2313720,10,147
2313904,30,150
2314226,30,150
2314408,49,150
2314650,49,150
2314676,30,150
2314872,49,150
2314899,30,150
2315028,30,150
2315227,49,150
2315498,812,177
2316009,49,150
2316220,49,150
2316222,586,137
2316364,49,150
2316474,10,147
2316489,30,150
2316600,49,150
2316837,30,150
2316926,49,150
2316953,49,150
2316987,49,150
2317108,49,150
2317294,49,150
2317409,49,150
2317577,835,128
2317598,6,147
2317955,30,150
2318595,49,150
2318625,30,150
2319124,49,150
2319299,30,150
2319427,49,150
2319655,30,150
2319679,30,150
2319755,30,150
2319784,49,150
2319914,30,150
2320212,30,150
2320388,49,150
2320419,49,150
2320497,49,150
2320764,49,150
2321050,30,150
2321105,30,150
2321190,49,150
2321369,49,150
2321546,30,150
2321736,30,150
2321852,30,150
2321917,30,150
2322024,49,150
2322183,30,150
2322499,30,150
2322797,30,150
2322818,49,150
2322853,30,150
2322892,49,150
2323226,49,150
2323279,30,150
2323389,30,113
2323449,49,150
2323507,49,150
2324180,49,150
2324224,30,150
2324267,30,150
2324525,30,150
2324537,49,150
2324654,30,150
2324735,30,150
2324866,30,150
2325064,49,150
2325193,10,147
2325202,49,150
2325337,30,150
2325507,30,150
2325647,879,185
2325670,49,150
2325696,49,150
2325720,49,150
2325801,10,147
2325901,30,150
2325902,30,150
2325911,874,187
2325961,30,150
2326299,30,150
2326313,49,150
2326504,30,150
2326688,10,147
2326689,30,150
2326956,49,150
2326963,30,150
2328065,30,150
2328265,30,150
2328504,49,150
2328637,30,150
2328675,49,150
2329167,49,150
2329687,49,150
2329965,30,150
2330327,49,150
2330334,49,150
2330464,586,137
2330481,49,150
2330698,49,150
2330793,49,150
2330843,30,150
2330846,49,150
2331112,93,203
2331302,30,150
2331445,49,150
2331530,859,174
2331618,30,150
2332049,93,203
2332123,93,203
2332308,49,150
2332561,49,150
2332922,30,150
2333484,30,150
2333556,49,150
2333826,49,150
2333998,49,150
2334138,30,150
2334345,30,150
2334778,30,150
2334784,30,150
2334791,49,150
2334814,4167,375
2334817,49,150
2334914,30,150
2335309,30,150
2335413,30,150
2335487,30,150
2335886,30,150
2336060,49,150
2336120,49,150
2336319,30,150
2336427,30,150
2336473,49,150
2336498,49,150
2336560,49,150
2336661,30,150
2336677,30,150
2336732,49,150
2337084,30,150
2337161,49,150
2337198,30,150
2337316,49,150
2337640,49,150
2338068,30,150
2338111,93,203
2338224,30,150
2338996,49,150
2339007,93,203
2339094,30,150
2339127,30,150
2339396,49,150
2339413,30,150
2339472,49,150
2339954,49,150
2340003,49,150
2340331,30,150
2340340,30,150
2340709,49,150
2340714,30,150
2340883,7373,375
2340929,49,150
2341110,30,150
2341178,49,150
2341454,30,150
2341559,49,150
2341846,49,150
2342049,49,150
2342132,30,150
2342180,49,150
2342196,49,150
2343229,49,150
2343350,49,150
2343623,49,150
2343814,49,150
2344003,49,150
2344264,796,375
2344279,30,150
2344405,30,150
2344710,49,150
2344882,6,147
2345009,30,150
2345143,49,150
2345387,30,150
2345631,49,150
2345771,49,150
2345800,49,150
2345802,30,150
2346022,49,150
2346560,93,203
2346667,30,150
2346681,835,128
2347247,30,150
2347265,30,150
2347494,30,150
2347633,49,150
2347682,30,150
2347708,49,150
2347854,30,150
2348219,30,150
2348560,30,150
2348776,49,150
2349073,4167,375
2349154,10,147
2349215,10,147
2349292,49,150
2349638,30,150
2349798,49,150
2349928,924,179
2350011,49,150
2350031,30,150
2350240,49,150
2350271,30,150
2350702,49,150
2350848,49,150
2350982,859,174
2350994,16,91
2351004,586,137
2351326,10,147
2351474,864,137
2351526,30,150
2351723,1900,375
2351739,49,150
2352180,30,150
2352335,30,150
2352352,49,150
2352456,30,150
2352627,30,150
2352842,49,150
2352960,864,137
2353061,30,150
2353122,49,150
2353133,30,150
2353139,30,150
2353202,49,150
2353217,30,150
2353374,30,150
2353593,120,203
2353655,30,150
2353992,30,150
2354002,49,150
2354014,827,179
2354120,49,150
2354535,49,150
2354549,49,150
2354731,30,150
2355117,30,150
2355553,30,150
2355587,30,150
2355996,49,150
2356062,49,150
2356071,12,104
2356282,30,150
2356303,49,150
2356345,30,150
2356381,30,150
2356681,49,150
2356728,30,150
2356781,49,150
2356851,49,150
2356908,30,150
2356985,262,137
2357562,49,150
2357630,30,150
2357856,49,150
2357899,49,150
2357999,49,150
2358014,49,150
2358294,875,147
2358662,49,150
2358664,49,150
2358795,30,150
2358806,30,150
2358915,30,150
2359118,49,150
2359196,30,150
2359870,49,150
2360106,586,137
2360461,864,137
2360507,831,178
2360848,49,150
2360951,49,150
2361263,30,150
2361372,49,150
2361693,49,150
2362061,49,150
2362417,262,137
2363447,93,203
2363590,30,150
2363590,49,150
2364066,30,150
2364129,49,150
2364294,49,150
2364489,30,150
2364795,30,150
2364869,10,147
2365010,30,150
2365222,49,150
2365318,819,175
2365367,10,147
2365675,586,137
2366104,30,150
2366233,49,150
2366243,841,176
2366389,30,150
2366540,30,150
2367083,586,137
2367158,30,150
2367201,10,147
2367326,49,150
2367353,49,150
2367425,30,150
2367457,30,150
2367692,93,203
2367795,30,150
2367920,49,150
2367979,30,150
2368023,30,150
2368095,49,150
2368145,49,150
2368156,49,150
2368168,10,147
2368191,7373,375
2368484,49,150
2368519,30,150
2368634,93,203
2368648,30,150
2368937,30,150
2369090,30,150
2369216,120,95
2369641,30,150
2369934,49,150
2370169,49,150
2370663,30,150
2370702,49,150
2371090,49,150
2371098,30,150
2371238,49,150
2371250,49,150
2371315,859,174
2371344,30,150
2371404,49,150
2371599,30,150
2371670,262,137
2371838,30,150
2372034,30,150
2372198,49,150
2372223,49,150
2372287,49,150
2372305,30,150
2372379,812,177
2372428,864,137
2372648,49,150
2372801,10,147
2372825,49,150
2372901,30,150
2372988,49,150
2373267,30,150
2373390,30,150
2373434,49,150
2373550,30,150
2373830,30,150
2373899,49,150
2373900,10,147
2373986,49,150
2374015,49,150
2374180,49,150
2374251,30,150
2374628,30,150
2375431,30,150
2375458,93,203
2375525,30,150
2375550,49,150
2375678,30,150
2375748,30,150
2375998,49,150
2376062,30,150
2376091,30,150
2376154,10,147
2376346,30,150
2377020,30,150
2377097,49,150
2377343,30,150
2377527,30,150
2377631,49,150
2378055,49,150
2378329,49,150
2378339,49,150
2378470,93,203
2378534,49,150
2378550,30,150
2378607,49,150
2378686,30,150
2378811,30,150
2378853,30,150
2379083,49,150
2379112,30,150
2379173,30,150
2379223,30,150
2379594,49,150
2379695,30,150
2379893,874,187
2379918,49,150
2380049,49,150
2380212,30,150
2380261,49,150
2380367,49,150
2380654,30,150
2380756,30,150
2380964,49,150
2380964,30,150
2380971,49,150
2381007,96,203
2381202,49,150
2381438,49,150
2381550,62,147
2381605,49,150
2381679,55,147
2381811,30,150
2381894,49,150
2381903,262,137
2382256,30,150
2382749,30,150
2382837,30,150
2382950,30,150
2383318,30,150
2383693,30,150
2383831,30,150
2383839,894,177
2384005,30,150
2384144,49,150
2384495,30,150
2384576,30,150
2384603,49,150
2384604,49,150
2384926,30,150
2384968,49,150
2385168,30,150
2385283,30,150
2385362,49,150
2385431,49,150
2385575,49,150
2385662,30,150
2385777,49,150
2386192,49,150
2386224,30,150
2386377,49,150
2386441,49,150
2386567,30,150
2386660,30,150
2386685,30,150
2386957,262,137
2387002,49,150
2387081,30,150
2387112,49,150
2387283,30,150
2387656,49,150
2387660,30,150
2387721,30,150
2388016,49,150
2388101,30,150
2388138,30,150
2388436,49,150
2388481,10,147
2388751,30,150
2388808,30,150
2388864,30,150
2388947,49,150
2389439,49,150
2389675,49,150
2389761,49,150
2390043,49,150
2390081,30,150
2390265,30,150
2390758,49,150
2390792,49,150
2390855,30,150
2391127,30,150
2391426,49,150
2391482,30,150
2391813,30,150
2392000,861,178
2392068,49,150
2392237,49,150
2392354,30,150
2392415,49,150
2392647,864,137
2392721,30,150
2392763,586,137
2392860,30,150
2392962,93,203
2393100,586,137
2393840,30,150
2393843,586,137
2393847,49,150
2394045,49,150
2394226,30,150
2394499,30,150
2394948,49,150
2394958,49,150
2394976,30,150
2395128,93,203
2395193,30,150
2395218,49,150
2395438,49,150
2395632,49,150
2395640,49,150
2395653,49,150
2395659,49,150
2395759,49,150
2396109,30,150
2396279,30,150
2396348,30,150
2396368,49,150
2396519,812,177
2396570,49,150
2396628,49,150
2396710,30,150
2396817,49,150
2396818,819,181
2396885,30,150
2397072,30,150
2397118,586,137
2397155,49,150
2397493,49,150
2397857,30,150
2398111,49,150
2398390,30,150
2398570,30,150
2398700,49,150
2398833,49,150
2398852,49,150
2399106,10,147
2399273,49,150
2400249,262,137
2400261,49,150
2400362,49,150
2400493,30,150
2400507,49,150
2400792,30,150
2400865,30,150
2401018,30,150
2401227,93,203
2401272,30,150
2401416,30,150
2401611,10,147
2401867,49,150
2401879,49,150
2401939,49,150
2402038,586,137
2402043,30,150
2402121,49,150
2402170,49,150
2402552,30,150
2402561,30,150
2402668,30,150
2402677,49,150
2403131,30,150
2403557,894,177
2403630,49,150
2403757,10,147
2403991,30,150
2404135,30,150
2404158,30,150
2404311,49,150
2404360,30,150
2404700,49,150
2404716,10,147
2404909,49,150
2405071,49,150
2405271,49,150
2405357,3,125
2405406,49,150
2405416,30,150
2405548,30,150
2405595,30,150
2405615,10,147
2405628,120,95
2405735,30,150
2405798,30,150
2406083,49,150
2406347,49,150
2406356,49,150
2406403,919,185
2406430,30,150
2406552,49,150
2406867,49,150
2407042,49,150
2407417,49,150
2407441,49,150
2407470,628,177
2407518,49,150
2407565,30,150
2407582,1900,375
2407712,30,150
2407942,30,150
2407975,49,150
2407991,49,150
2408638,49,150
2409000,93,203
2409090,30,150
2409144,49,150
2409294,49,150
2409534,831,178
2409551,49,150
2409642,30,150
2409816,93,203
2409862,49,150
2409903,30,150
2409996,49,150
2410088,49,150
2410168,30,150
2410306,30,150
2410344,30,150
2410426,49,150
2410460,113,127
2410655,49,150
2410747,49,150
2410848,877,185
2410880,49,150
2410946,30,150
2411173,30,150
2411197,262,137
2411267,93,203
2411490,697,187
2411497,49,150
2411685,30,150
2411903,30,150
2412210,49,150
2412596,49,150
2412761,49,150
2413072,30,150
2413124,49,150
2413183,30,150
2413221,49,150
2413232,586,137
2413592,49,150
2413679,30,150
2413922,30,150
2414020,864,137
2414364,49,150
2414686,49,150
2414766,49,150
2415304,26031,148
2415338,30,150
2415912,30,150
2416064,652,178
2416076,874,187
2416088,586,137
2416118,49,150
2416351,49,150
2416396,10,147
2416457,49,150
2416471,30,150
2416492,30,150
2417065,30,150
2417544,30,150
2417594,172,147
2417819,30,150
2418168,49,150
2418308,49,150
2418569,30,150
2418668,30,150
2419239,30,150
2419403,879,185
2419684,10,147
2420856,829,179
2421197,49,150
2421212,49,150
2421367,30,150
2421569,49,150
2421592,30,150
2421616,49,150
2421826,49,150
2422027,49,150
2422083,30,150
2422090,30,150
2422231,30,150
2422273,49,150
2422614,30,150
2422830,49,150
2422894,49,150
2422910,30,150
2422970,49,150
2423142,93,203
2423509,30,150
2423589,49,150
2423840,49,150
2423917,243,203
2423984,30,150
2424016,30,150
2424153,30,150
2424166,49,150
2424816,30,150
2424885,30,150
2424971,30,150
2425045,49,150
2425056,49,150
2425157,49,150
2425352,49,150
2425587,18180,148
2425962,49,150
2426152,49,150
2426347,49,150
2426392,924,179
2426458,30,150
2426490,30,150
2426732,49,150
2426790,49,150
2426830,49,150
2426847,49,150
2426980,30,150
2427015,49,150
2427042,870,175
2427127,49,150
2427134,30,150
2427245,30,150
2427288,586,137
2427385,30,150
2427517,30,150
2428002,30,150
2428035,30,150
2428330,30,150
2428526,30,150
2428711,874,187
2428721,49,150
2428912,49,150
2428915,49,150
2429041,49,150
2429071,30,150
2429393,30,150
2429465,49,150
2429647,49,150
2429675,49,150
2429799,93,203
2429963,49,150
2429978,10,147
2430031,30,150
2430084,677,176
2430209,30,150
2431138,586,137
2431226,49,150
2431266,49,150
2431403,49,150
2431500,30,150
2431530,49,150
2431702,30,150
2431791,49,150
2431898,49,150
2432065,49,150
2432086,49,150
2432558,835,128
2432598,30,150
2432650,49,150
2432771,49,150
2433240,49,150
2433387,49,150
2433601,30,150
2433770,30,150
2433795,30,150
2433807,30,150
2434214,30,150
2434343,30,150
2434371,49,150
2434899,30,150
2434921,49,150
2435242,833,177
2435393,30,150
2435777,30,150
2435922,30,150
2436297,30,150
2436314,49,150
2436734,49,150
2437172,49,150
2437478,49,150
2437918,49,150
2437922,19137,148
2437984,49,150
2438161,49,150
2438514,49,150
2438530,30,150
2438682,49,150
2438751,950,174
2438849,49,150
2439088,30,150
2439440,30,150
2439499,49,150
2439950,49,150
2440547,49,150
2440859,30,150
2440940,10,147
2440972,30,150
2441035,30,150
2441261,49,150
2441291,49,150
2441513,30,150
2441838,30,150
2441939,49,150
2442007,30,150
2442034,796,375
2442583,30,150
2442703,30,150
2442913,30,150
2443024,864,137
2443184,30,150
2443319,49,150
2443599,30,150
2444036,30,150
2444046,30,150
2444211,30,150
2444215,49,150
2444726,852,181
2444776,30,150
2444815,30,150
2444868,30,150
2445337,30,150
2445363,49,150
2445411,30,150
2445689,30,150
2445795,49,150
2445887,841,176
2446207,30,150
2446227,49,150
2446517,851,179
2446687,49,150
2446744,49,150
2446806,586,137
2446813,49,150
2447079,49,150
2447334,49,150
2447337,30,150
2447378,49,150
2447537,30,150
2447646,30,150
2447650,120,95
2447714,30,150
2447796,93,203
2447895,30,150
2448243,49,150
2448310,30,150
2448412,30,150
2448415,894,177
2448556,30,150
2449092,49,150
2449149,93,203
2449151,30,150
2449453,49,150
2449605,819,181
2449768,30,150
2449851,30,150
2449872,30,150
2449974,864,185
2450183,30,150
2451016,6,147
2451439,4167,375
2451605,49,150
2451772,30,150
2452067,30,150
2452280,49,150
2452525,30,150
2452642,30,150
2452984,49,150
2453148,49,150
2453156,30,150
2453195,49,150
2453381,30,150
2453643,30,150
2453819,49,150
2453917,864,137
2454028,49,150
2454344,30,150
2454391,831,178
2454508,30,150
2454542,30,150
2454644,30,150
2454798,30,150
2454998,30,150
2455263,30,150
2455319,49,150
2455826,10,147
2455881,49,150
2456064,30,150
2456145,49,150
2456162,49,150
2456184,49,150
2456237,49,150
2456509,49,150
2456557,10,147
2456626,30,150
2456842,49,150
2456849,49,150
2456889,30,150
2457031,49,150
2457202,30,150
2457310,859,174
2457741,30,150
2458183,49,150
2458212,49,150
2458229,49,150
2458241,30,150
2458643,262,137
2458685,49,150
2458707,30,150
2458764,143,121
2458778,30,150
2459019,10,147
2459260,30,150
2459262,49,150
2459436,30,150
2459509,10,147
2459576,49,150
2459878,30,150
2459901,30,150
2460041,49,150
2460106,10,147
2460119,49,150
2460267,30,150
2460365,30,150
2460434,49,150
2460441,49,150
2460457,49,150
2460464,30,150
2460633,30,150
2460669,30,150
2460774,10,147
2460791,30,150
2460911,30,150
2461024,49,150
2461497,49,150
2461529,49,150
2461606,30,150
2461633,30,150
2461660,30,150
2461819,30,150
2461868,30,150
2461881,30,150
2462358,49,150
2462733,30,150
2462861,30,150
2462940,49,150
2463049,49,150
2463344,30,150
2463362,30,150
2463503,30,150
2463765,1900,375
2463770,49,150
2463778,30,150
2463819,49,150
2464110,49,150
2464324,49,150
2464494,49,150
2464562,30,150
2464578,49,150
2464787,835,128
2465082,30,150
2465192,586,137
2465251,262,137
2465411,49,150
2465437,30,150
2465441,49,150
2465543,49,150
2465606,49,150
2465728,49,150
2465979,49,150
2466174,30,150
2466287,30,150
2466324,49,150
2466443,30,150
2466871,30,150
2467204,30,150
2467620,49,150
2467767,49,150
2467772,30,150
2467895,49,150
2468031,30,150
2468037,49,150
2468144,796,375
2468145,30,150
2468681,49,150
2469065,30,150
2469158,49,150
2469430,30,150
2469476,49,150
2469696,49,150
2469828,30,150
2470120,879,185
2470286,49,150
2470654,49,150
2470852,30,150
2470876,30,150
2470911,10,147
2471173,11,106
2471205,10,147
2471409,49,150
2471694,30,150
2471737,49,150
2471917,49,150
2471992,30,150
2471994,30,150
2472003,30,150
2472009,864,137
2472076,49,150
2472155,93,203
2472313,30,150
2472351,30,150
2472503,30,150
2472817,49,150
2473085,30,150
2473228,49,150
2473805,30,150
2473840,30,150
2473935,49,150
2474144,49,150
2474295,30,150
2474492,49,150
2474706,859,174
2474721,30,150
2474868,49,150
2474881,30,150
2474916,49,150
2475093,879,185
2475227,30,150
2475256,30,150
2475811,30,150
2475911,49,150
2475914,49,150
2476064,49,150
2476144,30,150
2476262,49,150
2476319,30,150
2476331,841,176
2476401,30,150
2476558,30,150
2476853,49,150
2477003,30,150
2477149,819,175
2477171,49,150
2477252,49,150
2477271,30,150
2477317,49,150
2478080,819,181
2478110,49,150
2478433,30,150
2478526,30,150
2478944,30,150
2478998,30,150
2479031,30,150
2479070,93,203
2479148,30,150
2479285,30,150
2479526,49,150
2480180,30,150
2480279,49,150
2480283,30,150
2480287,10,147
2480761,93,203
2480792,49,150
2481267,586,137
2481985,30,150
2482003,30,150
2482036,30,150
2482112,30,150
2482225,30,150
2482455,30,150
2482481,49,150
2482514,49,150
2482545,819,175
2482584,49,150
2483435,49,150
2483474,30,150
2483635,30,150
2483757,262,137
2484145,586,137
2484203,30,150
2484210,30,150
2484507,30,150
2484532,30,150
2484618,812,177
2484644,49,150
2485021,4167,375
2485819,49,150
2485867,49,150
2485982,30,150
2486114,30,150
2486278,49,150
2486973,30,150
2487191,49,150
2487289,49,150
2487416,30,150
2487436,30,150
2487493,49,150
2487549,49,150
2487713,30,150
2487737,30,150
2487979,30,150
2488008,7373,375
2488296,30,150
2488376,49,150
2488458,49,150
2488503,49,150
2488515,30,150
2488531,262,137
2488542,30,150
2488660,49,150
2488875,30,150
2489094,30,150
2489139,7373,375
2489145,49,150
2489395,30,150
2489449,30,150
2489647,120,95
2489747,30,150
2489803,49,150
2490237,49,150
2490400,30,150
2490497,49,150
2490553,49,150
2490652,49,150
2490712,49,150
2490808,30,150
2490872,586,137
2491101,30,150
2491191,49,150
2491474,851,179
2491501,30,150
2491637,30,150
2491712,49,150
2491868,49,150
2492077,30,150
2492227,30,150
2492398,30,150
2492673,49,150
2492756,49,150
2492912,30,150
2492929,49,150
2493084,49,150
2493157,30,150
2493262,30,150
2493287,864,137
2493405,49,150
2493612,30,150
2493667,30,150
2493934,30,150
2493987,30,150
2494142,93,203
2494209,49,150
2494238,30,150
2494458,10,147
2494689,49,150
2494734,49,150
2494756,30,150
2494798,30,150
2494829,49,150
2494978,30,150
2495113,93,203
2495124,30,150
2495308,49,150
2495505,49,150
2495507,30,150
2495527,30,150
2495567,49,150
2495579,49,150
2495772,30,150
2495781,30,150
2496032,30,150
2496362,49,150
2496729,49,150
2496760,49,150
2496779,30,150
2497124,49,150
2497175,586,137
2497202,586,137
2497918,49,150
2497950,30,150
2498000,49,150
2498023,30,150
2498180,30,150
2498534,586,137
2498895,49,150
2499019,49,150
2499043,30,150
2499194,49,150
2499208,49,150
2499264,49,150
2499442,258,203
2499688,586,137
2500176,30,150
2500352,49,150
2500397,49,150
2500542,49,150
2500598,49,150
2500650,49,150
2500705,30,150
2500861,30,150
2500875,30,150
2500894,49,150
2501008,49,150
2501245,30,150
2501614,30,150
2501616,30,150
2501652,49,150
2501676,49,150
2501834,49,150
2502036,49,150
2502159,49,150
2502294,30,150
2502325,93,203
2502524,30,150
2502553,93,203
2502598,30,150
2502605,586,137
2502689,49,150
2502699,30,150
2502924,49,150
2502934,30,150
2503080,49,150
2503126,49,150
2504493,49,150
2504576,30,150
2504674,262,137
2504940,49,150
2505039,49,150
2505039,49,150
2505077,262,137
2505362,10,147
2505423,49,150
2505644,30,150
2505663,49,150
2505761,30,150
2505869,49,150
2506042,30,150
2506153,49,150
2506473,49,150
2506512,49,150
2506589,49,150
2506899,49,150
2506902,49,150
2507161,30,150
2507608,49,150
2507718,30,150
2507723,30,150
2507727,10,147
2508370,49,150
2508423,30,150
2508653,30,150
2508677,49,150
2508752,30,150
2508806,49,150
2508852,919,185
2509369,30,150
2509449,49,150
2509458,49,150
2509547,864,137
2509629,49,150
2509818,49,150
2509838,49,150
2509867,30,150
2509883,49,150
2510180,49,150
2510506,49,150
2510522,30,150
2510650,49,150
2510684,924,179
2511003,30,150
2511041,30,150
2511090,49,150
2511585,864,137
2511715,30,150
2511871,49,150
2511990,49,150
2512120,49,150
2512704,49,150
2512770,30,150
2512795,586,137
2512809,30,150
2512829,10,147
2513062,49,150
2513200,30,150
2513332,49,150
2513679,30,150
2513751,49,150
2513762,49,150
2513875,864,137
2514029,30,150
2514111,49,150
2514332,10,147
2514603,49,150
2514701,6,147
2514846,49,150
2514927,49,150
2515001,49,150
2515605,30,150
2515657,93,203
2515741,49,150
2515883,49,150
2515934,49,150
2516081,49,150
2516131,30,150
2516161,30,150
2516222,30,150
2516338,49,150
2516350,30,150
2516424,49,150
2516902,30,150
2517099,49,150
2517187,49,150
2517199,49,150
2517310,10,147
2517374,30,150
2517624,49,150
2517669,30,150
2517679,49,150
2517797,49,150
2517832,30,150
2518026,14,113
2518162,30,150
2518165,30,150
2518333,30,150
2518462,30,150
2518475,30,150
2518715,30,150
2518915,30,150
2518952,30,150
2519184,30,150
2519266,49,150
2519474,10,147
2519783,30,150
2520024,30,150
2520037,49,150
2520052,49,150
2520595,30,150
2520723,49,150
2520871,49,150
2520896,30,150
2520979,49,150
2521001,30,150
2521237,1900,375
2521279,49,150
2521285,30,150
2521345,49,150
2521403,49,150
2521526,30,150
2521527,10,147
2521554,30,150
2521663,924,179
2521786,30,150
2521824,30,150
2522167,30,150
2522207,30,150
2522285,30,150
2522384,30,150
2523118,49,150
2523166,30,150
2523186,30,150
2523437,30,150
2523446,30,150
2523701,49,150
2523865,819,181
2523915,30,150
2524061,49,150
2524311,49,150
2524423,30,150
2524775,30,150
2525211,49,150
2525254,30,150
2525261,49,150
2525340,49,150
2525552,49,150
2525575,49,150
2525611,30,150
2525760,30,150
2525949,49,150
2526122,30,150
2526178,30,150
2526401,30,150
2526615,49,150
2526796,49,150
2527067,30,150
2527101,30,150
2527254,49,150
2527256,30,150
2527259,30,150
2527438,30,150
2527447,49,150
2527515,30,150
2528149,30,150
2528385,30,150
2528484,49,150
2528617,49,150
2528649,49,150
2528730,30,150
2528773,49,150
2528997,49,150
2529011,30,150
2529161,30,150
2529377,30,150
2529511,30,150
2529542,49,150
2529546,49,150
2529822,49,150
2530012,10,147
2530285,586,137
2530384,49,150
2530464,30,150
2530515,49,150
2530750,49,150
2530800,49,150
2531131,30,150
2531175,30,150
2531422,49,150
2531433,49,150
2531655,841,176
2531718,49,150
2532310,30,150
2532627,49,150
2532713,49,150
2533069,651,137
2533177,49,150
2533373,49,150
2533397,49,150
2533513,30,150
2533804,49,150
2533836,49,150
2533969,49,150
2534166,30,150
2534395,586,137
2534463,30,150
2534667,864,137
2534732,30,150
2535007,30,150
2535057,49,150
2535350,49,150
2535783,4167,375
2535943,30,150
2535990,30,150
2536274,30,150
2536284,13,109
2536323,49,150
2536400,30,150
2536415,30,150
2536704,586,137
2536757,30,150
2536790,30,150
2536877,49,150
2537339,49,150
2537749,812,177
2537816,30,150
2538058,49,150
2538081,49,150
2538163,49,150
2538195,56,203
2538253,30,150
2538321,49,150
2538385,49,150
2538412,49,150
2538627,30,150
2538700,49,150
2538727,49,150
2539113,30,150
2539292,30,150
2539303,49,150
2539682,30,150
2539716,30,150
2539726,30,150
2539747,49,150
2539911,30,150
2540017,93,203
2540038,30,150
2540104,30,150
2540233,30,150
2540356,30,150
2540547,49,150
2540569,30,150
2540787,49,150
2541077,10,147
2541099,49,150
2541277,30,150
2541410,30,150
2541629,30,150
2541686,30,150
2541868,49,150
2542112,30,150
2542126,49,150
2542139,30,150
2542268,30,150
2542392,49,150
2543094,93,203
2543217,30,150
2543425,49,150
2543545,30,150
2543558,49,150
2543665,819,181
2543780,30,150
2543894,49,150
2543949,30,150
2544162,49,150
2544329,851,179
2544337,30,150
2544343,49,150
2544353,30,150
2544412,30,150
2544642,864,137
2544947,30,150
2545000,49,150
2545033,30,150
2545074,262,137
2545084,49,150
2545115,49,150
2545370,30,150
2545640,30,150
2545685,864,137
2545854,49,150
2546065,30,150
2546128,49,150
2546190,49,150
2546194,49,150
2546460,262,137
2546545,30,150
2546554,30,150
2546835,30,150
2546947,586,137
2546959,30,150
2547132,835,128
2547134,30,150
2547774,919,185
2547780,30,150
2547797,49,150
2547832,49,150
2547842,49,150
2547843,49,150
2547892,30,150
2547909,49,150
2547981,49,150
2548459,30,150
2548522,49,150
2548568,30,150
2548834,49,150
2548865,10,147
2548955,30,150
2549236,30,150
2549265,30,150
2549289,30,150
2549488,49,150
2550168,30,150
2550299,586,137
2550395,49,150
2550601,30,150
2550729,49,150
2551260,30,150
2551321,30,150
2551340,49,150
2551548,49,150
2551632,30,150
2551632,49,150
2551636,30,150
2551692,10,147
2551809,30,150
2551894,49,150
2552098,30,150
2552242,30,150
2552460,49,150
2552656,262,137
2552745,49,150
2552779,49,150
2552805,30,150
2552819,49,150
2553063,49,150
2553078,49,150
2553184,49,150
2553354,30,150
2553535,859,174
2553625,49,150
2554100,49,150
2554245,30,150
2554283,49,150
2554289,49,150
2554364,879,185
2554506,93,203
2554590,874,187
2554940,30,150
2555049,49,150
2555072,49,150
2555097,30,150
2555236,49,150
2555353,30,150
2555452,49,150
2555735,10,147
2555763,49,150
2555782,30,150
2555871,30,150
2555916,30,150
2556045,30,150
2556137,30,150
2556187,894,177
2556404,30,150
2556775,30,150
2556861,49,150
2556941,49,150
2556979,30,150
2557000,30,150
2557130,10,147
2557244,30,150
2557328,49,150
2557385,831,178
2557458,49,150
2557503,49,150
2557737,30,150
2557804,30,150
2557886,49,150
2558064,864,137
2558120,49,150
2558246,30,150
2558290,30,150
2558299,796,375
2558431,49,150
2558432,49,150
2558608,49,150
2558837,30,150
2558854,49,150
2558914,49,150
2559243,30,150
2559375,93,203
2559649,49,150
2559884,6,147
2560090,49,150
2560156,49,150
2560260,49,150
2560318,586,137
2560362,30,150
2560377,919,185
2560519,49,150
2560674,49,150
2560768,49,150
2561143,49,150
2561401,30,150
2561515,49,150
2561936,30,150
2561940,30,150
2561962,30,150
2562032,30,150
2562041,49,150
2562047,30,150
2562064,30,150
2562184,30,150
2562207,10,147
2562783,30,150
2562823,49,150
2563106,30,150
2563257,93,203
2563677,30,150
2563768,49,150
2563832,49,150
2563856,30,150
2564082,30,150
2564253,30,150
2564462,30,150
2564501,49,150
2564519,49,150
2564562,49,150
2564663,49,150
2564911,30,150
2565145,10,147
2565147,93,203
2565340,30,150
2565394,30,150
2565718,49,150
2565925,49,150
2565982,30,150
2566074,49,150
2566197,49,150
2566598,30,150
2566730,30,150
2566976,49,150
2567257,30,150
2567780,49,150
2567889,30,150
2567901,49,150
2568116,30,150
2568122,49,150
2568164,49,150
2568375,262,137
2568562,30,150
2568775,30,150
2568910,30,150
2568936,586,137
2569014,49,150
2569033,49,150
2569120,49,150
2569263,30,150
2569304,49,150
2569611,30,150
2569752,49,150
2569799,30,150
2569984,49,150
2570071,30,150
2570099,30,150
2570332,30,150
2570621,49,150
2570799,49,150
2570840,30,150
2571161,30,150
2571275,30,150
2571322,49,150
2571341,49,150
2571416,30,150
2571493,49,150
2571613,49,150
2571651,30,150
2571682,30,150
2572038,49,150
2572136,30,150
2572155,49,150
2572223,49,150
2572281,30,150
2572567,30,150
2572674,30,150
2572704,30,150
2572920,30,150
2572972,49,150
2573010,93,203
2573104,49,150
2573200,49,150
2573215,49,150
2573321,30,150
2573407,49,150
2573622,49,150
2573757,30,150
2573761,30,150
2573887,30,150
2574326,49,150
2574352,49,150
2574448,49,150
2574494,49,150
2574580,586,137
2574896,49,150
2575238,49,150
2575244,49,150
2575611,93,203
2575726,49,150
2575825,49,150
2575827,49,150
2575836,30,150
2575942,5,127
2576237,49,150
2576284,49,150
2576449,30,150
2576481,49,150
2576563,49,150
2576680,49,150
2576924,49,150
2576976,30,150
2577052,49,150
2577078,10,147
2577171,49,150
2577251,30,150
2577253,10,147
2577673,49,150
2577914,49,150
2577957,10,147
2578100,30,150
2578345,49,150
2578397,30,150
2578458,30,150
2578575,30,150
2578587,49,150
2578886,30,150
2578941,49,150
2579289,30,150
2579360,30,150
2579430,49,150
2579673,49,150
2580191,30,150
2580414,30,150
2580746,49,150
2581039,10,147
2581205,49,150
2581219,30,150
2581355,49,150
2581501,49,150
2581626,49,150
2581803,10,147
2582240,30,150
2582338,49,150
2582751,49,150
2582866,30,150
2583249,49,150
2583385,30,150
2583466,30,150
2583711,49,150
2584201,30,150
2584627,49,150
2584660,30,150
2584760,30,150
2584870,812,177
2584997,30,150
2585371,49,150
2585659,49,150
2585817,30,150
2585835,859,174
2585894,30,150
2585951,49,150
2586130,49,150
2586218,30,150
2586325,30,150
2586348,49,150
2586374,586,137
2586380,49,150
2586467,30,150
2586598,49,150
2586617,49,150
2586618,49,150
2586643,49,150
2587036,49,150
2587152,49,150
2587229,30,150
2587396,49,150
2587611,30,150
2587689,30,150
2587712,49,150
2588446,30,150
2589280,49,150
2589492,49,150
2589536,49,150
2589590,49,150
2590000,49,150
2590244,49,150
2590273,49,150
2590385,93,203
2590650,49,150
2590721,30,150
2590743,49,150
2590847,49,150
2591084,49,150
2591098,30,150
2591424,30,150
2591602,30,150
2591747,49,150
2591975,262,137
2592099,49,150
2592170,49,150
2592495,49,150
2592597,49,150
2592631,30,150
2592797,10,147
2592985,796,375
2593071,49,150
2593126,30,150
2593194,10,147
2593217,30,150
2593312,30,150
2594041,30,150
2594241,30,150
2594555,30,150
2594589,864,137
2594729,49,150
2595075,49,150
2595258,49,150
2595624,30,150
2595822,30,150
2595851,49,150
2595894,93,203
2595968,30,150
2596157,49,150
2596206,49,150
2596297,49,150
2596480,30,150
2596645,819,175
2596874,49,150
2596918,586,137
2597003,49,150
2597161,30,150
2597478,49,150
2597715,262,137
2597890,49,150
2598157,30,150
2598245,49,150
2598387,49,150
2598448,30,150
2598548,10,147
2598840,30,150
2598922,30,150
2598946,30,150
2598976,49,150
2599274,33,108
2599628,49,150
2600438,30,150
2600525,49,150
2600734,7373,375
2601419,49,150
2601534,49,150
2601964,30,150
2601968,49,150
2602152,30,150
2602487,49,150
2602688,49,150
2602858,30,150
2602941,30,150
2603307,49,150
2603743,30,150
2603905,30,150
2604209,30,150
2604232,49,150
2604244,30,150
2604682,30,150
2604750,49,150
2604797,30,150
2604935,30,150
2605046,49,150
2605139,49,150
2605296,30,150
2605435,30,150
2605717,93,203
2605722,30,150
2606036,30,150
2606081,49,150
2606130,49,150
2606148,30,150
2606214,30,150
2606433,49,150
2606468,30,150
2606532,30,150
2607066,10,147
2607250,30,150
2607811,49,150
2607963,30,150
2608532,93,203
2608636,30,150
2608981,30,150
2609025,864,137
2609032,49,150
2609074,49,150
2609516,30,150
2609536,30,150
2609612,30,150
2609865,10,147
2610153,49,150
2610207,30,150
2610229,49,150
2610341,49,150
2610561,30,150
2610691,30,150
2610748,49,150
2610763,49,150
2610794,49,150
2610997,49,150
2611371,49,150
2611516,49,150
2611663,49,150
2611874,49,150
2611999,1900,375
2612073,30,150
2612241,30,150
2612490,30,150
2612525,30,150
2612724,49,150
2612811,30,150
2612900,49,150
2612906,10,147
2612928,49,150
2613129,49,150
2613150,49,150
2613219,30,150
2613348,30,150
2613372,49,150
2613403,49,150
2613633,874,187
2613744,30,150
2613942,49,150
2613977,30,150
2614001,30,150
2614086,586,137
2614203,30,150
2614323,49,150
2614558,49,150
2615469,30,150
2615566,30,150
2615599,30,150
2616237,49,150
2616531,30,150
2616763,49,150
2616925,49,150
2616979,30,150
2617078,10,147
2617272,49,150
2617421,586,137
2617545,30,113
2617949,30,150
2618445,49,150
2619124,30,150
2619349,30,150
2619377,924,179
2619405,30,150
2619423,30,150
2619572,30,150
2619638,30,150
2619700,10,147
2620312,30,150
2620361,30,150
2620394,49,150
2620654,30,150
2620959,30,150
2621126,30,150
2621136,30,150
2621332,30,150
2621452,851,179
2621456,30,150
2621570,30,150
2621573,30,150
2621669,30,150
2621893,49,150
2622138,30,150
2622340,49,150
2622485,49,150
2622798,120,95
2622863,49,150
2623119,49,150
2623155,10,147
2623158,49,150
2623417,49,150
2623588,49,150
2623700,30,150
2623926,894,177
2624156,30,150
2624412,30,150
2624448,30,150
2624554,49,150
2624697,30,150
2625089,49,150
2625152,841,176
2625164,30,150
2625192,30,150
2625258,30,150
2625434,30,150
2625490,30,150
2625503,49,150
2625557,49,150
2625790,49,150
2626237,30,150
2626357,30,150
2626359,49,150
2626430,49,150
2626685,49,150
2626692,49,150
2626740,49,150
2627034,30,150
2627043,30,150
2627079,6,147
2627145,831,178
2627187,30,150
2627345,49,150
2627798,819,175
2627877,864,137
2628116,30,150
2628229,49,150
2628395,49,150
2628499,586,137
2628603,49,150
2628623,49,150
2628976,30,150
2628981,91,203
2629176,49,150
2629316,49,150
2629336,30,150
2629373,30,150
2629651,30,150
2629800,120,95
2629890,49,150
2630134,30,150
2630366,30,150
2630540,30,150
2630550,835,128
2630553,93,203
2630757,49,150
2630880,30,150
2630960,30,150
2631033,30,150
2631088,30,150
2631570,49,150
2631678,30,150
2632013,49,150
2632050,586,137
2632264,49,150
2632350,49,150
2632380,49,150
2632389,30,150
2632491,30,150
2632580,30,150
2632747,30,150
2633074,30,150
2633106,93,203
2633231,262,137
2633273,49,150
2633342,30,150
2633405,49,150
2633621,30,150
2633639,30,150
2633692,30,150
2633737,4167,375
2633873,30,150
2633924,30,150
2634017,30,150
2634330,10,147
2634624,30,150
2634643,30,150
2634675,93,203
2634771,49,150
2634902,49,150
2635410,49,150
2635536,30,150
2635553,879,185
2635558,49,150
2635751,49,150
2635826,49,150
2635842,93,203
2635890,49,150
2636113,49,150
2636142,49,150
2636209,30,150
2636229,49,150
2636236,30,150
2636259,30,150
2636334,49,150
2636929,49,150
2636966,30,150
2636998,49,150
2637181,30,150
2637714,49,150
2637759,49,150
2637948,49,150
2637992,49,150
2638437,30,150
2638527,49,150
2638553,49,150
2638707,49,150
2638787,30,150
2638800,49,150
2638998,49,150
2639466,30,150
2639685,49,150
2640309,49,150
2640386,49,150
2640452,49,150
2640920,841,176
2640945,49,150
2641017,49,150
2641148,30,150
2641236,49,150
2641333,49,150
2641378,49,150
2641646,49,150
2641822,831,178
2641879,30,150
2641915,30,150
2642040,30,150
2642287,30,150
2642488,30,150
2642763,30,150
2642992,49,150
2643216,30,150
2643280,49,150
2643429,30,150
2643510,49,150
2643638,49,150
2644244,49,150
2644260,49,150
2644261,49,150
2644518,49,150
2644528,49,150
2644834,30,150
2644837,30,150
2645020,30,150
2645286,10,147
2645621,30,150
2645898,49,150
2645906,49,150
2646252,864,185
2646436,49,150
2646448,30,150
2647039,49,150
2647182,49,150
2647189,30,150
2647217,30,150
2647649,49,150
2647860,30,150
2647873,49,150
2647879,49,150
2648017,4167,375
2648535,49,150
2648661,10,147
2648737,924,179
2648854,93,203
2649015,30,150
2649047,30,150
2649169,859,174
2649504,30,150
2649926,875,147
2650117,49,150
2650222,30,150
2650369,49,150
2650546,30,150
2650579,30,150
2650847,30,150
2650921,10,147
2651048,49,150
2651100,10,147
2651101,49,150
2651130,586,137
2651289,30,150
2651330,49,150
2651528,30,150
2651827,30,150
2652089,30,150
2652194,30,150
2652252,49,150
2652479,49,150
2652549,49,150
2652556,30,150
2652586,49,150
2652766,49,150
2653059,30,150
2653586,10,147
2653719,835,128
2654508,49,150
2654654,10,147
2654663,30,150
2654925,49,150
2655522,30,150
2655554,30,150
2655710,49,150
2655885,30,150
2656250,49,150
2656371,30,150
2656469,30,150
2656724,30,150
2656883,894,177
2656940,30,150
2657279,93,203
2657416,1900,375
2657455,49,150
2657509,30,150
2657997,30,150
2658546,49,150
2658889,30,150
2658980,30,150
2659047,49,150
2659193,49,150
2659244,30,150
2659733,30,150
2659754,30,150
2659808,919,185
2660049,30,150
2660108,49,150
2660229,30,150
2660234,49,150
2660400,993,196
2660538,49,150
2660792,49,150
2660956,30,150
2661219,10,147
2661221,30,150
2661258,30,150
2661434,49,150
2661519,49,150
2662287,49,150
2662308,49,150
2662498,49,150
2662839,49,150
2662939,49,150
2663027,30,150
2663307,796,375
2663370,49,150
2663524,30,150
2663609,49,150
2663707,30,150
2663797,49,150
2664138,30,150
2664573,49,150
2664619,49,150
2664809,812,177
2665169,10,147
2665173,12,104
2665192,30,150
2665350,93,203
2665560,30,150
2665592,49,150
2665646,30,150
2666509,49,150
2666532,30,150
2666567,49,150
2666777,30,150
2666836,30,150
2667022,30,150
2667041,30,150
2667236,30,150
2667624,49,150
2667669,30,150
2667715,30,150
2667903,49,150
2668089,49,150
2668187,30,150
2668222,30,150
2668322,49,150
2668419,10,147
2668430,49,150
2668558,49,150
2668742,30,150
2668771,30,150
2668841,49,150
2669010,49,150
2669039,30,150
2669198,30,150
2669301,30,150
2669428,49,150
2669995,49,150
2670508,30,150
2670584,49,150
2670632,49,150
2670671,49,150
2670839,30,150
2670976,30,150
2671021,30,150
2671317,49,150
2671355,49,150
2671441,30,150
2671813,30,150
2671939,49,150
2672266,49,150
2672629,30,150
2672654,30,150
2672726,30,150
2672843,49,150
2673115,30,150
2673203,30,150
2673466,49,150
2673576,30,150
2673918,30,150
2673935,10,147
2674129,49,150
2674188,30,150
2674277,30,150
2674279,49,150
2674356,30,150
2674520,30,150
2674559,30,150
2674632,879,185
2675010,30,150
2675066,30,150
2675529,49,150
2675587,30,150
2675882,49,150
2676148,49,150
2676189,30,150
2676311,49,150
2676457,30,150
2677439,49,150
2677579,30,150
2677706,30,150
2677823,93,203
2678203,49,150
2678221,10,147
2678780,49,150
2678793,49,150
2679360,30,150
2679434,49,150
2679707,30,150
2679796,7373,375
2680416,49,150
2680420,30,150
2680572,49,150
2680708,49,150
2680800,49,150
2680857,30,150
2680937,30,150
2681050,49,150
2681142,49,150
2681448,49,150
2681555,49,150
2681771,49,150
2681792,30,150
2681905,49,150
2682462,30,150
2682508,30,150
2682675,30,150
2682695,30,150
2682895,49,150
2682897,30,150
2683108,49,150
2683666,30,150
2683682,30,150
2683830,30,150
2683968,30,150
2684074,30,150
2684097,49,150
2684242,49,150
2684446,30,150
2684501,30,150
2684532,864,137
2684750,30,150
2685022,49,150
2685037,49,150
2685409,49,150
2686444,49,150
2686564,93,203
2686629,49,150
2686827,874,187
2686830,93,203
2686870,49,150
2687174,30,150
2687311,49,150
2687345,851,179
2687629,49,150
2688032,49,150
2688162,49,150
2688319,30,150
2688480,30,150
2688699,49,150
2688819,49,150
2688976,49,150
2689370,120,203
2689666,49,150
2689814,829,179
2690158,30,150
2690300,30,150
2690504,30,150
2690510,819,181
2690541,30,150
2690939,16,91
2691065,6,147
2691163,586,137
2691369,864,137
2691444,49,150
2691869,30,150
2691912,30,150
2691919,586,137
2691951,30,150
2691979,49,150
2691988,30,150
2692095,49,150
2692541,49,150
2693269,49,150
2693286,49,150
2693555,93,203
2693725,49,150
2693843,49,150
2693878,30,150
2693900,30,150
2694071,49,150
2694161,30,150
2694421,30,150
2694746,49,150
2694874,49,150
2694954,55,147
2695113,30,150
2695218,30,150
2695238,30,150
2695306,49,150
2695427,30,150
2695753,30,150
2696010,30,150
2696206,10,147
2696241,49,150
2696380,49,150
2696547,30,150
2696565,30,150
2696571,30,150
2696623,30,150
2696656,586,137
2696677,93,203
2696771,49,150
2696921,30,150
2696931,49,150
2697007,49,150
2697114,30,150
2697119,49,150
2698041,49,150
2698107,49,150
2698225,30,150
2698545,586,137
2698580,49,150
2698999,49,150
2699654,49,150
2699735,30,150
2699784,49,150
2700093,93,203
2700170,30,150
2700174,49,150
2700603,49,150
2700709,49,150
2700741,30,150
2700901,49,150
2701065,49,150
2701138,113,127
2701350,49,150
2702007,49,150
2702333,30,150
2702413,894,177
2702647,262,137
2702760,30,150
2703029,2299,147
2703433,49,150
2703504,49,150
2703884,30,150
2704236,30,150
2704505,49,150
2704681,6,147
2704713,30,150
2705058,10,147
2705089,49,150
2705201,30,150
2705231,30,150
2705486,30,150
2705554,4167,375
2705866,30,150
2705917,30,150
2706225,30,150
2706336,924,179
2706342,93,203
2706482,919,185
2706545,30,150
2706708,30,150
2706815,49,150
2707195,30,150
2707252,49,150
2707270,30,150
2707817,30,150
2707960,49,150
2708027,30,150
2708235,30,150
2708350,30,150
2708653,30,150
2708887,49,150
2709086,7373,375
2709191,49,150
2709422,30,150
2709430,30,150
2709451,49,150
2709581,30,150
2709699,49,150
2709706,339,150
2709830,874,187
2710057,30,150
2710215,49,150
2710278,93,203
2710654,49,150
2710936,30,150
2710997,30,150
2711230,30,150
2711409,93,203
2711520,10,147
2711547,30,150
2711681,30,150
2711793,835,128
2711938,30,150
2712043,93,203
2712061,30,150
2712330,30,150
2712332,49,150
2712488,49,150
2712738,49,150
2712751,30,150
2713023,851,179
2713124,30,150
2713338,49,150
2713362,30,150
2713627,1293,375
2713721,49,150
2713897,143,121
2714018,833,177
2714035,93,203
2714858,49,150
2714942,49,150
2715197,243,203
2715666,49,150
2715725,30,150
2715819,584,120
2716172,49,150
2716250,30,150
2716356,49,150
2716563,49,150
2716664,30,150
2716672,49,150
2716765,30,150
2716821,864,137
2716913,49,150
2716975,49,150
2717210,30,150
2717514,30,150
2717614,30,150
2718116,49,150
2718279,49,150
2718612,49,150
2718747,30,150
2719049,30,150
2719169,19137,148
2719170,49,150
2719492,30,150
2719608,49,150
2719652,30,150
2719763,30,150
2719916,841,176
2719926,10,147
2720003,49,150
2720042,30,150
2720051,49,150
2720258,30,150
2720296,49,150
2720298,30,150
2721033,49,150
2721144,30,150
2721185,49,150
2721216,49,150
2721364,49,150
2721806,172,147
2722185,49,150
2722368,30,150
2723307,30,150
2723717,49,150
2723733,30,150
2723874,30,150
2724063,49,150
2724065,49,150
2724171,30,150
2724215,49,150
2724239,49,150
2724364,49,150
2724392,18180,148
2724493,49,150
2724638,262,137
2724787,49,150
2724987,851,179
2725333,950,174
2725483,10,147
2726042,49,150
2726090,26031,148
2726102,30,150
2726147,49,150
2726172,30,150
2726253,49,150
2726438,30,150
2726667,49,150
2726814,30,150
2727201,49,150
2727534,30,150
2727721,652,178
2727772,697,187
2728080,49,150
2728103,49,150
2728112,30,150
2728313,49,150
2728340,827,179
2728584,49,150
2728788,49,150
2728859,30,150
2729439,49,150
2729780,30,150
2730017,49,150
2730042,30,150
2730351,49,150
2730368,49,150
2730377,49,150
2730402,49,150
2730449,30,150
2730460,49,150
2730500,30,150
2730530,877,185
2730622,30,150
2731567,30,150
2731578,49,150
2732012,49,150
2732321,586,137
2732770,819,181
2733405,49,150
2733445,49,150
2733476,49,150
2733508,49,150
2733527,49,150
2733582,30,150
2733760,49,150
2733777,93,203
2733783,30,150
2733938,30,150
2734086,49,150
2734158,30,150
2734253,30,150
2734306,49,150
2734452,30,150
2734540,870,175
2734569,30,150
2734764,49,150
2734829,49,150
2734946,10,147
2735353,30,150
2735779,30,150
2735832,49,150
2735979,49,150
2736038,49,150
2736115,30,150
2736184,49,150
2736221,49,150
2736226,30,150
2736231,30,150
2736357,30,150
2736450,49,150
2736891,10,147
2736907,49,150
2737388,30,150
2737407,30,150
2737423,30,150
2737451,49,150
2737522,30,150
2737639,49,150
2737647,49,150
2737865,30,150
2737912,30,150
2738160,49,150
2738230,262,137
2738444,30,150
2738480,30,150
2738623,10,147
2738642,30,150
2738829,30,150
2739010,30,150
2739113,30,150
2739473,49,150
2739646,49,150
2739781,30,150
2739863,10,147
2740008,30,150
2740063,796,375
2740352,49,150
2740645,30,150
2740678,30,150
2740806,49,150
2740842,30,150
2741155,861,178
2741181,49,150
2741189,30,150
2741264,49,150
2741391,30,150
2741411,49,150
2741611,49,150
2741612,30,150
2741680,10,147
2741782,49,150
2741897,49,150
2741898,49,150
2741918,30,150
2742046,30,150
2742062,3,125
2742632,30,150
2742666,49,150
2742721,49,150
2742775,628,177
2742887,812,177
2742961,30,150
2743021,49,150
2743223,49,150
2743747,30,150
2743804,30,150
2743972,49,150
2744656,30,150
2744710,586,137
2744747,677,176
2745459,49,150
2745613,49,150
2745818,10,147
2745867,49,150
2745889,49,150
2746337,30,150
2746408,49,150
2746546,49,150
2746629,30,150
2746818,49,150
2746954,49,150
2747066,30,150
2747111,586,137
2747556,30,150
2747631,30,150
2747891,49,150
2748332,49,150
2748339,49,150
2748610,30,150
2748875,819,175
2749037,49,150
2749041,1900,375
2749349,49,150
2749358,30,150
2749592,49,150
2749870,49,150
2750087,30,150
2750147,30,150
2750314,30,150
2751391,49,150
2751776,30,150
2752061,30,150
2752093,30,150
2752219,1944,128
2752328,49,150
2752421,120,95
2752462,49,150
2752681,49,150
2752900,49,150
2753113,30,150
2753236,49,150
2753307,30,150
2753398,30,150
2753513,30,150
2753883,49,150
2754087,30,150
2754362,30,150
2754463,49,150
2755091,30,150
2755312,49,150
2755890,30,150
2756219,852,181
2756255,49,150
2756303,49,150
2756726,831,178
2756987,49,150
2757323,93,203
2757329,10,147
2758112,819,181
2758183,30,150
2758185,10,147
2758307,30,150
2758406,30,150
2758732,49,150
2758823,49,150
2759009,30,150
2759065,49,150
2759207,30,150
2759310,30,150
2759477,30,150
2759746,30,150
2759765,30,150
2760330,49,150
2760440,30,150
2760480,49,150
2760812,49,150
2762279,30,150
2762621,30,150
2762635,49,150
2762770,49,150
2762802,93,203
2763496,49,150
2763553,30,150
2763734,49,150
2763903,30,150
2763966,30,150
2764097,49,150
2764171,49,150
2764256,49,150
2764305,30,150
2764405,93,203
2764720,49,150
2764793,894,177
2765062,30,150
2765236,30,150
2765254,6,147
2765495,30,150
2766112,859,174
2766189,49,150
2766253,49,150
2766318,49,150
2766476,93,203
2766569,49,150
2766612,49,150
2766827,30,150
2767083,30,150
2767249,49,150
2767428,30,150
2767481,49,150
2767745,30,150
2767752,49,150
2767878,30,150
2768009,49,150
2768430,831,178
2768467,41,150
2768546,924,179
2768596,10,147
2768786,10,147
2768877,30,150
2769042,49,150
2769090,30,150
2769104,30,150
2769360,30,150
2769462,30,150
2769764,93,203
2770139,49,150
2770263,30,150
2770401,10,147
2770464,30,150
2770944,30,150
2771191,30,150
2771211,49,150
2771624,49,150
2771663,30,150
2771911,30,150
2772000,30,150
2772270,30,150
2772286,30,150
2772317,49,150
2772394,93,203
2772715,30,150
2772827,49,150
2772836,49,150
2772914,30,150
2772991,30,150
2773300,49,150
2773339,49,150
2773350,30,150
2773489,30,150
2773536,49,150
2773922,30,150
2774278,49,150
2774365,30,150
2774397,30,150
2774457,30,150
2774701,49,150
2775169,120,95
2775579,49,150
2775665,30,150
2775672,49,150
2775680,10,147
2775927,30,150
2776082,30,150
2776240,49,150
2776546,49,150
2776829,30,150
2777106,30,150
2777119,49,150
2777375,49,150
2777496,30,150
2777523,30,150
2777724,30,150
2777738,49,150
2778125,49,150
2778275,30,150
2778276,874,187
2778592,30,150
2778624,49,150
2778732,49,150
2778763,49,150
2778795,49,150
2778856,30,150
2778931,30,150
2779277,30,150
2779330,49,150
2779595,49,150
2779816,30,150
2779912,919,185
2780325,49,150
2780417,30,150
2780450,30,150
2780570,49,150
2780785,30,150
2780854,49,150
2780856,30,150
2780953,49,150
2781040,30,150
2781166,30,150
2781276,30,150
2781303,30,150
2781368,30,150
2781613,49,150
2781690,586,137
2782261,49,150
2782293,93,203
2782326,49,150
2782365,30,150
2782512,30,150
2782542,812,177
2782698,49,150
2782810,120,95
2782864,30,150
2783067,30,150
2783241,30,150
2783356,49,150
2783358,30,150
2783536,30,150
2783549,10,147
2783578,30,150
2783681,30,150
2784052,30,150
2784334,49,150
2784479,49,150
2784570,49,150
2784809,49,150
2784895,864,137
2784926,49,150
2785022,30,150
2785237,49,150
2785594,30,150
2785749,30,150
2786030,49,150
2786039,30,150
2786226,30,150
2786262,262,137
2786279,49,150
2786296,30,150
2786742,49,150
2786781,30,150
2786797,30,150
2786932,49,150
2786935,258,203
2786954,30,150
2787325,30,150
2787345,30,150
2787363,49,150
2787655,49,150
2787677,49,150
2787713,30,150
2787851,841,176
2788082,30,150
2788126,49,150
2788129,49,150
2788208,49,150
2788783,864,137
2789110,49,150
2789202,49,150
2789284,49,150
2789380,30,150
2789472,49,150
2789571,10,147
2789637,49,150
2789754,49,150
2789911,835,128
2789956,30,150
2789984,49,150
2790065,49,150
2790213,30,150
2790615,30,150
2790917,864,137
2790930,30,150
2791089,11,106
2791135,831,178
2791135,49,150
2791188,49,150
2791200,49,150
2791238,49,150
2792003,30,150
2792041,49,150
2792299,49,150
2792436,49,150
2792449,30,150
2792450,49,150
2792654,30,150
2792680,49,150
2792810,49,150
2793256,49,150
2793563,30,150
2793564,819,175
2793633,30,150
2793764,30,150
2793923,49,150
2794320,30,150
2794455,30,150
2794743,49,150
2795002,49,150
2795053,49,150
2795195,30,150
2795608,49,150
2795609,30,150
2795689,30,150
2795707,819,175
2796118,30,150
2796366,586,137
2796410,49,150
2796471,49,150
2796753,586,137
2797049,10,147
2797128,49,150
2797349,919,185
2797407,30,150
2797537,30,150
2797681,49,150
2798009,49,150
2798078,30,150
2798101,49,150
2798220,30,150
2798306,49,150
2798309,864,137
2798339,30,150
2798562,30,150
2798902,30,150
2798964,49,150
2799144,49,150
2799197,30,150
2799285,30,150
2799404,30,150
2799490,49,150
2799534,49,150
2799687,586,137
2799922,49,150
2800189,49,150
2800314,30,150
2800400,30,150
2800580,879,185
2800606,49,150
2800730,30,150
2801319,49,150
2801392,49,150
2801426,49,150
2801439,30,150
2801548,30,150
2801606,30,150
2801609,49,150
2801836,49,150
2802018,30,150
2802055,30,150
2802392,10,147
2802485,49,150
2802615,30,150
2802704,49,150
2802910,49,150
2802931,30,150
2802935,30,150
2803071,30,150
2803617,49,150
2803699,49,150
2803870,30,150
2804237,30,150
2804374,796,375
2804594,30,150
2804678,30,150
2804984,10,147
2805263,30,150
2805393,30,150
2805490,49,150
2805529,49,150
2805548,49,150
2805563,7373,375
2805783,30,150
2806376,93,203
2806401,30,150
2806456,93,203
2806575,30,150
2806816,49,150
2806979,49,150
2807032,49,150
2807126,30,150
2807853,49,150
2807853,30,150
2808225,49,150
2808289,30,150
2808611,49,150
2808626,49,150
2808663,49,150
2808947,49,150
2809014,49,150
2809157,49,150
2809217,49,150
2809228,49,150
2809340,30,150
2809506,30,150
2809606,14,113
2809607,49,150
2809695,30,150
2809727,49,150
2809825,30,150
2809826,4167,375
2810070,49,150
2810131,49,150
2810137,30,150
2810677,30,150
2810834,30,150
2810949,30,150
2810981,49,150
2811525,586,137
2811636,30,150
2811712,30,150
2811793,49,150
2811869,49,150
2812022,30,150
2812032,30,150
2812052,30,150
2812088,49,150
2812104,30,150
2812248,1900,375
2812467,874,187
2812672,49,150
2813107,262,137
2813200,49,150
2813384,30,150
2813641,30,150
2814388,49,150
2814836,49,150
2814889,30,150
2815308,10,147
2815471,49,150
2815671,30,150
2815733,10,147
2815773,30,150
2815817,30,150
2815826,49,150
2815968,49,150
2815970,49,150
2816215,30,150
2816335,49,150
2816469,30,150
2816507,49,150
2816557,49,150
2816616,30,150
2816758,49,150
2817047,30,150
2817931,262,137
2818313,30,150
2818449,30,150
2818655,30,150
2818871,30,150
2819024,49,150
2819033,30,150
2819058,10,147
2819208,49,150
2819230,49,150
2819425,49,150
2819608,586,137
2819871,49,150
2820038,30,150
2820075,30,150
2820199,30,150
2820461,49,150
2820510,30,150
2820826,10,147
2820996,30,150
2821082,49,150
2821208,30,150
2821219,30,150
2821229,30,150
2821241,30,150
2821410,49,150
2821425,49,150
2821745,30,150
2821790,30,150
2822147,6,147
2822331,49,150
2822358,49,150
2822686,30,150
2822710,49,150
2822766,49,150
2822833,49,150
2822910,49,150
2823035,30,150
2823206,859,174
2823320,49,150
2823348,10,147
2823358,49,150
2823771,30,150
2823791,49,150
2823970,49,150
2823971,49,150
2824036,30,150
2824108,30,150
2824151,586,137
2824175,49,150
2824204,586,137
2824371,924,179
2824380,30,150
2824398,49,150
2824401,30,150
2824437,30,150
2824531,93,203
2824604,49,150
2824623,30,150
2824656,30,150
2824702,30,150
2824813,30,150
2824824,30,150
2824983,49,150
2825006,30,150
2825085,30,150
2825326,864,137
2825387,49,150
2825558,30,150
2825923,49,150
2825924,30,150
2826159,49,150
2826278,30,150
2826338,49,150
2826488,49,150
2826703,30,150
2826842,30,150
2827143,49,150
2827155,49,150
2827178,30,150
2827193,30,150
2827778,30,150
2828172,30,150
2828291,49,150
2828331,49,150
2828403,30,150
2828604,49,150
2828646,262,137
2828719,93,203
2828785,49,150
2828805,49,150
2829024,49,150
2829105,30,150
2829184,10,147
2829210,30,150
2829359,30,150
2829482,30,150
2829566,49,150
2829870,49,150
2829883,30,150
2829887,586,137
2830020,30,150
2830053,30,150
2830171,30,150
2830367,30,150
2830545,586,137
2830970,819,181
2831077,49,150
2831131,30,150
2831218,851,179
2831283,49,150
2831391,49,150
2831484,30,150
2831606,49,150
2831784,831,178
2831854,30,150
2831955,30,150
2832538,30,150
2832615,30,150
2832645,49,150
2832795,262,137
2832899,49,150
2833012,30,150
2833027,30,150
2833032,30,150
2833341,30,150
2833814,30,150
2833925,49,150
2834025,49,150
2834131,49,150
2834299,49,150
2834360,30,150
2834624,49,150
2834676,49,150
2834725,30,150
2834796,49,150
2834919,10,147
2835043,30,150
2835095,49,150
2835197,30,150
2835270,819,181
2835365,30,150
2835610,30,150
2835814,49,150
2835905,30,150
2835986,49,150
2836098,262,137
2836099,49,150
2836266,49,150
2836511,49,150
2836577,49,150
2836699,49,150
2837061,49,150
2837200,49,150
2837399,49,150
2837525,5,127
2837596,49,150
2837635,49,150
2837649,30,150
2838290,49,150
2838563,49,150
2839150,49,150
2839562,30,150
2839642,30,150
2839848,93,203
2840351,30,150
2840544,30,150
2840555,49,150
2840572,49,150
2840837,49,150
2840996,120,95
2841021,30,150
2841208,30,150
2841309,10,147
2841356,49,150
2841448,30,150
2841686,49,150
2841690,30,150
2841723,49,150
2842039,49,150
2842311,49,150
2843024,49,150
2843364,49,150
2843377,30,150
2843550,49,150
2843565,49,150
2843745,30,150
2844015,49,150
2844116,30,150
2844150,819,175
2844201,49,150
2844247,30,150
2844374,49,150
2844697,30,150
2844723,49,150
2844832,10,147
2844952,30,150
2845060,30,150
2845214,30,150
2845299,30,150
2845379,49,150
2845431,7373,375
2845685,49,150
2846438,49,150
2846582,30,150
2846890,10,147
2847117,49,150
2847669,30,150
2847786,49,150
2847815,49,150
2847830,30,150
2847852,30,150
2848153,30,150
2848232,49,150
2848448,10,147
2848450,49,150
2848572,30,150
2848661,49,150
2849025,30,150
2849319,49,150
2849439,30,150
2849549,30,150
2849647,49,150
2849751,49,150
2849885,30,150
2849924,30,150
2849945,49,150
2850219,49,150
2850223,49,150
2850247,30,150
2850324,30,150
2850378,30,150
2850394,49,150
2850404,30,150
2850586,49,150
2850735,796,375
2850911,30,150
2851024,30,150
2851154,30,150
2851261,49,150
2851316,30,150
2851746,864,137
2851805,30,150
2851940,49,150
2851989,49,150
2852010,30,150
2852081,1900,375
2852781,49,150
2852793,262,137
2852840,30,150
2852984,30,150
2853281,30,150
2853290,49,150
2853444,30,150
2853613,93,203
2854145,49,150
2854174,49,150
2854449,841,176
2854688,30,150
2854764,30,150
2854828,49,150
2855015,49,150
2855219,30,150
2855656,30,150
2856032,879,185
2856100,30,150
2856104,49,150
2856117,49,150
2856169,30,150
2856202,30,150
2856371,49,150
2856469,30,150
2856487,49,150
2856553,49,150
2856565,56,203
2856671,49,150
2856848,49,150
2856855,49,150
2857012,49,150
2857094,30,150
2857151,30,150
2857489,30,150
2857516,49,150
2857680,30,150
2857801,30,150
2857837,30,150
2857982,49,150
2858128,30,150
2858271,49,150
2858429,30,150
2858536,30,150
2858714,30,150
2859062,30,150
2859094,10,147
2859140,49,150
2859474,49,150
2859476,30,150
2859537,10,147
2859960,49,150
2859982,49,150
2860035,49,150
2860045,30,150
2860046,49,150
2860078,30,150
2860087,49,150
2860185,30,150
2860366,49,150
2860400,30,150
2860538,30,150
2860556,30,150
2860657,49,150
2860681,49,150
2860715,49,150
2860818,49,150
2860890,49,150
2860923,30,150
2860991,49,150
2861067,49,150
2861151,49,150
2861418,49,150
2861807,30,150
2861837,30,150
2861848,30,150
2862005,30,150
2862196,30,150
2862370,30,150
2862473,30,150
2862797,49,150
2862908,30,150
2862919,49,150
2863162,49,150
2863216,49,150
2863350,49,150
2863508,30,150
2863616,30,150
2863703,4167,375
2863710,49,150
2863718,49,150
2863771,49,150
2863845,30,150
2864068,49,150
2864109,49,150
2864199,49,150
2864220,30,150
2864279,30,150
2864617,49,150
2864830,30,150
2864838,586,137
2864849,49,150
2865144,30,150
2865522,30,150
2865541,49,150
2865655,49,150
2865738,49,150
2865757,30,150
2865815,10,147
2866022,49,150
2866218,30,150
2866221,49,150
2866578,49,150
2866656,812,177
2866936,49,150
2866971,651,137
2867117,49,150
2867298,49,150
2867373,30,150
2867658,30,150
2867688,30,150
2868114,30,150
2868138,49,150
2868197,30,150
2868233,49,150
2868246,30,150
2868286,49,150
2868373,49,150
2868376,864,137
2868448,879,185
2868620,93,203
2868630,586,137
2868664,30,150
2868695,30,150
2868722,30,150
2868879,49,150
2868949,30,150
2868960,49,150
2869113,30,150
2869148,30,150
2869236,30,150
2869487,49,150
2869738,30,150
2869903,30,150
2869924,49,150
2869928,49,150
2869935,30,150
2870118,30,150
2870268,49,150
2870355,49,150
2870358,49,150
2870390,30,150
2870740,30,150
2870799,30,150
2870977,30,150
2871020,49,150
2871024,49,150
2871050,49,150
2871438,49,150
2871641,49,150
2871672,30,150
2871893,49,150
2871976,49,150
2872220,835,128
2872304,49,150
2872545,49,150
2873375,49,150
2873513,93,203
2873809,30,150
2874031,49,150
2874109,49,150
2874167,30,150
2874306,30,150
2874386,7373,375
2874591,30,150
2874600,30,150
2874786,13,109
2874814,30,150
2874837,30,150
2875060,49,150
2875064,924,179
2875289,49,150
2875418,49,150
2875535,30,150
2875592,49,150
2875739,30,150
2875753,30,150
2875761,49,150
2876055,49,150
2876344,49,150
2876360,30,150
2876372,49,150
2876376,30,150
2876424,49,150
2876504,30,150
2876788,49,150
2876897,30,150
2876967,30,150
2877162,49,150
2877307,49,150
2877431,30,150
2877483,49,150
2877827,30,150
2877832,30,150
2878011,30,150
2878225,30,150
2878592,30,150
2878789,49,150
2878941,30,150
2879023,49,150
2879056,49,150
2879100,93,203
2879147,93,203
2879334,30,150
2879350,30,150
2879356,49,150
2879366,49,150
2879409,49,150
2879452,10,147
2879549,49,150
2879613,894,177
2879938,49,150
2880392,49,150
2880614,30,150
2880727,49,150
2880916,30,150
2880963,30,150
2881096,30,150
2881250,30,150
2881630,30,150
2881870,812,177
2881897,49,150
2881959,30,150
2882003,49,150
2882347,30,150
2882446,49,150
2882477,894,177
2882804,49,150
2882826,30,150
2882847,30,150
2883053,30,150
2883119,10,147
2883149,49,150
2883296,49,150
2883364,49,150
2883439,30,150
2883788,49,150
2883815,93,203
2883915,49,150
2884000,30,150
2884224,30,150
2884269,49,150
2884335,49,150
2884377,30,150
2884387,30,150
2884392,30,150
2884452,49,150
2884475,49,150
2884513,30,150
2884903,49,150
2885055,30,150
2885198,49,150
2885244,49,150
2885325,30,150
2885415,49,150
2885582,49,150
2885589,30,150
2885751,49,150
2885765,49,150
2885782,30,150
2885996,30,150
2886315,30,150
2886459,30,150
2886586,30,150
2886671,30,150
2886765,93,203
2886880,49,150
2886893,30,150
2887025,30,150
2887230,30,150
2887316,30,150
2887644,30,150
2887684,49,150
2887686,30,150
2887716,49,150
2887749,796,375
2887779,30,150
2887963,30,150
2888029,49,150
2888138,30,150
2888143,30,150
2888456,49,150
2888718,49,150
2888728,49,150
2888934,49,150
2888959,49,150
2889220,49,150
2889729,30,150
2889743,49,150
2889745,10,147
2889792,49,150
2889833,7373,375
2889885,49,150
2889915,49,150
2890044,49,150
2890186,49,150
2890187,30,150
2890488,30,150
2890623,49,150
2890636,6,147
2890690,30,150
2890782,49,150
2890828,49,150
2890932,49,150
2891036,49,150
2891326,49,150
2891394,30,150
2891728,30,150
2891730,30,150
2891733,859,174
2891746,30,150
2891783,49,150
2891863,49,150
2891880,49,150
2891999,30,150
2892071,49,150
2892075,1900,375
2892093,49,150
2892126,30,150
2892513,49,150
2892727,49,150
2893135,93,203
2893142,30,150
2893312,49,150
2893501,49,150
2893539,30,150
2893560,30,150
2893663,30,150
2893998,49,150
2894035,30,150
2894035,49,150
2894048,30,150
2894095,49,150
2894198,49,150
2894200,49,150
2894396,30,150
2894445,30,150
2894685,30,150
2894865,30,150
2894892,30,150
2894945,33,108
2894952,30,150
2894999,49,150
2895223,30,150
2895256,30,150
2895419,874,187
2895518,30,150
2895724,49,150
2896187,49,150
2896310,49,150
2896346,30,150
2896403,30,150
2896759,30,150
2896950,49,150
2897159,30,150
2897161,10,147
2897457,49,150
2897563,30,150
2897669,49,150
2897739,49,150
2897807,30,150
2897865,49,150
2898039,30,150
2898092,49,150
2898174,49,150
2898509,49,150
2898515,30,150
2898647,30,150
2899238,49,150
2899252,30,150
2899325,49,150
2899550,30,150
2899581,10,147
2899621,49,150
2899770,49,150
2899820,30,150
2899906,49,150
2899923,30,150
2900118,49,150
2900273,30,150
2900375,30,150
2900392,919,185
2900457,49,150
2900509,30,150
2900613,49,150
2900654,49,150
2900670,49,150
2900692,49,150
2900806,49,150
2900913,49,150
2901094,49,150
2901273,30,150
2901281,93,203
2901386,30,150
2901569,30,150
2901664,49,150
2901670,49,150
2901826,49,150
2901871,93,203
2901970,30,150
2901995,41,150
2902090,10,147
2902232,30,150
2902304,49,150
2902370,30,150
2902384,30,150
2902554,49,150
2902584,30,150
2903056,49,150
2903056,49,150
2903170,49,150
2903291,30,150
2903369,49,150
2903379,30,150
2903854,49,150
2903872,49,150
2903956,49,150
2904058,49,150
2904099,93,203
2904185,49,150
2904193,49,150
2904229,30,150
2904916,30,113
2904918,49,150
2905122,30,150
2905204,30,150
2905213,30,150
2905243,30,150
2905430,30,150
2905720,30,150
2906054,30,150
2906172,49,150
2906331,49,150
2906431,30,150
2906528,30,150
2907097,10,147
2907332,49,150
2907342,30,150
2907396,49,150
2907469,30,150
2907620,49,150
2907652,49,150
2907827,30,150
2908010,49,150
2908026,30,150
2908150,49,150
2908475,30,150
2908752,49,150
2908953,49,150
2909034,49,150
2909173,30,150
2909319,49,150
2909565,835,128
2909662,30,150
2910013,30,150
2910021,30,150
2910147,30,150
2910419,30,150
2910426,30,150
2910662,49,150
2911104,30,150
2911313,49,150
2911653,30,150
2911871,30,150
2911883,30,150
2911894,49,150
2911929,30,150
2911953,30,150
2912278,49,150
2912351,30,150
2912467,49,150
2912569,30,150
2912627,30,150
2912739,49,150
2912862,30,150
2912989,49,150
2913205,49,150
2913267,49,150
2913289,49,150
2913335,30,150
2913454,30,150
2913463,30,150
2913565,30,150
2913603,49,150
2913620,49,150
2914294,30,150
2914318,49,150
2914341,49,150
2914639,30,150
2914644,49,150
2914648,49,150
2914916,30,150
2914965,49,150
2915613,49,150
2916053,49,150
2916406,30,150
2916588,30,150
2916966,49,150
2917124,49,150
2917125,49,150
2917166,30,150
2917194,851,179
2917206,30,150
2917238,30,150
2917247,49,150
2917414,30,150
2917526,49,150
2917629,30,150
2917777,49,150
2917840,49,150
2917852,49,150
2918035,49,150
2918039,49,150
2918196,49,150
2918455,30,150
2918606,49,150
2918780,30,150
2919055,30,150
2919075,49,150
2919461,30,150
2919578,30,150
2919604,49,150
2919604,30,150
2919948,30,150
2920378,30,150
2920474,49,150
2920487,30,150
2920917,49,150
2920972,49,150
2921135,91,203
2921468,30,150
2921694,30,150
2921805,49,150
2922011,30,150
2922155,49,150
2922370,49,150
2922645,49,150
2922744,49,150
2922809,49,150
2922936,49,150
2922971,49,150
2923032,49,150
2923037,49,150
2923133,30,150
2923145,49,150
2923344,30,150
2923527,30,150
2923893,30,150
2924031,30,150
2924058,49,150
2924483,49,150
2924599,49,150
2924639,30,150
2924641,49,150
2924695,30,150
2924716,30,150
2924982,49,150
2925192,49,150
2925388,93,203
2925503,30,150
2925541,49,150
2925638,30,150
2925942,49,150
2926112,30,150
2926113,49,150
2926168,49,150
2926197,30,150
2926316,10,147
2926343,30,150
2926437,10,147
2926453,30,150
2926468,30,150
2926620,30,150
2926645,30,150
2926717,30,150
2926740,49,150
2926802,30,150
2927133,49,150
2927183,93,203
2927437,30,150
2927509,30,150
2927897,49,150
2927940,49,150
2927989,49,150
2927991,49,150
2927997,49,150
2928138,30,150
2928252,49,150
2928395,30,150
2928502,49,150
2928516,49,150
2928603,30,150
2928642,30,150
2928642,30,150
2928645,10,147
2928687,30,150
2928733,30,150
2928807,49,150
2929421,41,150
2929443,49,150
2929600,30,150
2929694,49,150
2929895,49,150
2929908,10,147
2930174,30,150
2930204,49,150
2930256,30,150
2930277,30,150
2930504,30,150
2930774,30,150
2930985,30,150
2931035,49,150
2931306,30,150
2931536,30,150
2931567,49,150
2931870,30,150
2932272,30,150
2932279,49,150
2932585,30,150
2932698,49,150
2933044,49,150
2933051,30,150
2933184,841,176
2933330,49,150
2933384,819,175
2933517,49,150
2933773,30,150
2933910,30,150
2934251,49,150
2934392,30,150
2934451,49,150
2934550,49,150
2934823,30,150
2934976,30,150
2935052,30,150
2935172,49,150
2935192,49,150
2935235,49,150
2935281,49,150
2935323,10,147
2935364,49,150
2935482,49,150
2935787,49,150
2936197,49,150
2936295,30,150
2936360,30,150
2936447,30,150
2936463,49,150
2936691,49,150
2936859,30,150
2936882,30,150
2936884,30,150
2936962,859,174
2937105,30,150
2937150,49,150
2937151,30,150
2937185,49,150
2937347,49,150
2937533,30,150
2937663,49,150
2937677,30,150
2937705,30,150
2937714,30,150
2937817,30,150
2937927,30,150
2938106,30,150
2938151,49,150
2938247,49,150
2938371,30,150
2938645,10,147
2938695,30,150
2938786,49,150
2938807,49,150
2938822,49,150
2938964,49,150
2938994,49,150
2939156,4167,375
2939378,30,150
2939385,30,150
2939569,30,150
2939949,30,150
2939981,30,150
2940001,30,150
2940020,30,150
2940240,30,150
2940269,120,203
2940419,49,150
2940597,812,177
2940616,30,150
2940623,30,150
2940651,30,150
2940672,49,150
2940787,10,147
2940806,49,150
2940841,10,147
2941064,49,150
2941136,30,150
2941172,30,150
2941304,30,150
2941490,30,150
2941570,49,150
2941593,49,150
2941750,49,150
2941766,30,150
2941847,30,150
2941872,49,150
2942016,30,150
2942034,49,150
2942087,49,150
2942109,30,150
2942203,30,150
2942381,30,150
2942535,49,150
2942627,30,150
2942957,30,150
2942998,49,150
2943000,30,150
2943070,30,150
2943095,30,150
2943290,30,150
2943348,30,150
2943360,49,150
2943601,30,150
2943676,49,150
2943683,49,150
2943702,49,150
2943732,30,150
2943905,10,147
2943932,49,150
2943996,49,150
2944146,49,150
2944166,30,150
2944355,49,150
2944359,93,203
2944389,49,150
2944624,30,150
2944870,30,150
2944894,30,150
2944962,49,150
2944972,49,150
2945236,49,150
2945338,919,185
2945452,49,150
2945467,49,150
2945609,30,150
2945685,30,150
2945703,49,150
2945850,30,150
2945971,49,150
2945997,30,150
2946035,30,150
2946222,49,150
2946272,49,150
2946394,49,150
2946526,30,150
2946547,30,150
2946559,30,150
2946689,49,150
2946851,30,150
2946863,49,150
2946924,49,150
2946930,49,150
2946970,30,150
2947077,49,150
2947179,49,150
2947246,49,150
2947534,49,150
2947535,30,150
2947723,30,150
2947962,49,150
2948070,30,150
2948074,49,150
2948104,30,150
2948147,30,150
2948167,30,150
2948193,10,147
2948201,49,150
2948292,30,150
2948470,49,150
2948684,49,150
2948688,30,150
2948831,49,150
2948866,30,150
2948997,30,150
2949001,49,150
2949255,49,150
2949294,49,150
2949301,30,150
2949305,30,150
2949349,49,150
2949435,30,150
2949438,30,150
2949596,49,150
2949632,49,150
2949726,49,150
2949737,30,150
2949744,49,150
2949830,30,150
2950225,879,185
2950500,49,150
2950697,30,150
2950853,49,150
2951056,30,150
2951162,49,150
2951166,30,150
2951190,30,150
2951284,49,150
2951369,30,150
2951380,49,150
2951389,30,150
2951527,30,150
2951530,49,150
2951704,30,150
2951756,49,150
2951780,30,150
2951850,30,150
2951851,30,150
2952010,30,150
2952043,30,150
2952287,30,150
2952351,49,150
2952419,49,150
2952456,30,150
2952496,49,150
2952498,30,150
2952530,30,150
2952596,30,150
2952738,49,150
2952742,30,150
2952814,30,150
2952818,49,150
2952899,30,150
2952918,30,150
2952934,49,150
2953050,30,150
2953152,30,150
2953186,30,150
2953233,30,150
2953348,96,203
2953468,49,150
2953557,30,150
2953599,30,150
2953679,30,150
2953683,49,150
2953728,30,150
2953751,49,150
2953828,30,150
2954188,49,150
2954271,49,150
2954316,30,150
2954354,30,150
2954364,30,150
2954414,49,150
2954556,924,179
2954557,49,150
2954736,49,150
2954787,49,150
2954817,831,178
2954937,894,177
2954987,49,150
2955135,30,150
2955438,30,150
2955575,4167,375
2955625,49,150
2955787,49,150
2955816,49,150
2955861,30,150
2955939,30,150
2955947,49,150
2955986,30,150
2956034,30,150
2956110,30,150
2956188,30,150
2956341,30,150
2956408,30,150
2956451,30,150
2956472,49,150
2956493,30,150
2956506,49,150
2956583,49,150
2956588,30,150
2956754,874,187
2956934,49,150
2956967,49,150
2957140,30,150
2957222,30,150
2957362,49,150
2957413,30,150
2957584,30,150
2957634,49,150
2957650,49,150
2958037,49,150
2958088,49,150
2958118,1900,375
2958177,49,150
2958442,49,150
2958461,30,150
2958545,49,150
2958593,30,150
2958742,30,150
2958808,49,150
2958989,49,150
2959151,49,150
2959153,49,150
2959219,30,150
2959247,49,150
2959265,852,181
2959428,30,150
2959439,30,150
2959448,49,150
2959538,10,147
2959544,30,150
2959869,49,150
2960025,49,150
2960347,49,150
2960388,30,150
2960427,49,150
2960677,30,150
2960802,30,150
2960875,49,150
2961067,30,150
2961123,49,150
2961257,93,203
2961296,30,150
2961413,49,150
2961460,30,150
2961486,49,150
2961593,49,150
2961596,30,150
2961849,10,147
2961878,30,150
2962188,12,104
2962269,49,150
2962328,49,150
2962627,49,150
2962661,49,150
2962730,49,150
2962769,30,150
2962853,30,150
2963150,30,150
2963161,30,150
2963339,30,150
2963433,49,150
2963442,30,150
2963494,30,150
2963734,30,150
2963822,49,150
2964023,30,150
2964051,49,150
2964056,6,147
2964280,30,150
2964325,30,150
2964353,30,150
2964978,30,150
2965297,870,175
2965300,49,150
2965356,49,150
2965378,93,203
2965451,30,150
2965509,30,150
2965664,49,150
2965727,49,150
2965931,49,150
2966099,49,150
2966106,30,150
2966120,30,150
2966460,49,150
2966600,49,150
2966857,49,150
2966968,30,150
2967189,49,150
2967217,49,150
2967238,49,150
2967365,30,150
2967390,30,150
2967408,30,150
2967452,49,150
2967465,30,150
2967524,30,150
2967562,30,150
2967581,10,147
2967649,30,150
2967657,49,150
2967677,49,150
2967737,49,150
2967737,30,150
2967774,49,150
2967841,30,150
2967913,49,150
2967986,49,150
2968147,49,150
2968155,30,150
2968179,113,127
2968239,30,150
2968279,30,150
2968324,49,150
2968448,49,150
2968524,49,150
2968637,49,150
2968690,49,150
2968723,30,150
2968978,30,150
2969219,30,150
2969225,49,150
2969306,49,150
2969314,30,150
2969438,30,150
2969556,49,150
2969579,30,150
2969641,30,150
2969658,30,150
2969719,30,150
2969817,30,150
2970033,30,150
2970135,30,150
2970208,49,150
2970244,49,150
2970324,30,150
2970365,30,150
2970367,49,150
2970419,30,150
2970434,49,150
2970487,30,150
2970550,49,150
2970557,49,150
2970613,49,150
2970672,49,150
2970764,49,150
2970983,49,150
2971002,30,150
2971065,30,150
2971182,49,150
2971219,49,150
2971237,30,150
2971570,93,203
2971735,30,150
2971933,49,150
2971960,30,150
2971986,30,150
2971996,30,150
2972005,49,150
2972086,49,150
2972099,49,150
2972230,894,177
2972266,49,150
2972350,49,150
2972455,49,150
2972462,30,150
2972550,49,150
2972619,49,150
2972664,49,150
2972746,49,150
2972758,30,150
2972850,49,150
2972890,49,150
2973023,30,150
2973041,30,150
2973057,49,150
2973099,30,150
2973165,30,150
2973221,30,150
2973302,49,150
2973306,49,150
2973422,30,150
2973439,49,150
2973538,30,150
2973586,30,150
2973614,49,150
2973666,30,150
2973843,49,150
2973879,49,150
2974239,49,150
2974293,49,150
2974313,49,150
2974337,49,150
2974391,49,150
2974597,49,150
2974604,49,150
2974835,30,150
2974839,49,150
2974880,30,150
2974886,30,150
2974985,30,150
2975048,49,150
2975253,49,150
2975257,49,150
2975403,30,150
2975430,30,150
2975800,49,150
2975837,49,150
2975859,49,150
2975888,841,176
2975941,49,150
2975980,30,150
2976272,30,150
2976328,30,150
2976340,49,150
2976414,49,150
2976426,49,150
2976444,49,150
2976467,49,150
2976504,49,150
2976608,49,150
2976794,30,150
2976824,30,150
2976844,30,150
2976896,49,150
2976940,49,150
2977066,30,150
2977206,49,150
2977430,30,150
2977456,30,150
2977685,30,150
2977795,30,150
2977866,49,150
2977921,30,150
2977922,30,150
2977965,49,150
2978030,30,150
2978062,30,150
2978187,49,150
2978244,30,150
2978258,30,150
2978347,49,150
2978388,49,150
2978407,49,150
2978612,30,150
2978684,30,150
2978762,49,150
2978843,30,150
2978936,49,150
2978958,30,150
2978969,49,150
2978985,30,150
2978989,30,150
2979046,49,150
2979354,30,150
2979469,49,150
2979922,30,150
2979923,30,150
2979953,49,150
2980037,30,150
2980052,49,150
2980184,30,150
2980292,30,150
2980318,30,150
2980462,30,150
2980715,93,203
2980716,30,150
2980726,7373,375
2980765,49,150
2980792,30,150
2980883,30,150
2980899,30,150
2981009,49,150
2981058,120,95
2981376,49,150
2981534,49,150
2981664,30,150
2981674,16,91
2981884,49,150
2981900,49,150
2981982,49,150
2982066,30,150
2982182,30,150
2982186,49,150
2982397,30,150
2982601,30,150
2982662,30,150
2982708,30,150
2982861,30,150
2983030,49,150
2983032,30,150
2983434,49,150
2983439,49,150
2983452,30,150
2983558,49,150
2983770,49,150
2983952,30,150
2984075,30,150
2984180,49,150
2984232,49,150
2984251,30,150
2984279,30,150
2984282,30,150
2984305,49,150
2984361,30,150
2984442,49,150
2984659,49,150
2984759,49,150
2984787,49,150
2984934,49,150
2984956,49,150
2985002,30,150
2985015,30,150
2985026,30,150
2985047,30,150
2985076,30,150
2985202,841,176
2985235,10,147
2985267,30,150
2985506,30,150
2985511,30,150
2985563,49,150
2985600,30,150
2985866,30,150
2985910,30,150
2985960,49,150
2985964,30,150
2985976,30,150
2985979,30,150
2985982,49,150
2986052,30,150
2986091,49,150
2986155,30,150
2986287,49,150
2986311,30,150
2986339,93,203
2986619,30,150
2986684,30,150
2986761,49,150
2986895,49,150
2986958,49,150
2987036,49,150
2987056,49,150
2987131,30,150
2987332,30,150
2987416,851,179
2987419,49,150
2987485,30,150
2987502,30,150
2987621,49,150
2987647,49,150
2987662,30,150
2987744,30,150
2987925,49,150
2988084,49,150
2988114,49,150
2988120,30,150
2988120,796,375
2988321,49,150
2988364,30,150
2988402,30,150
2988508,30,150
2988544,49,150
2988582,30,150
2988694,30,150
2988782,49,150
2988846,30,150
2989129,30,150
2989313,30,150
2989464,49,150
2989554,30,150
2989575,49,150
2989586,30,150
2989603,49,150
2989663,10,147
2989941,49,150
2989959,10,147
2989987,30,150
2989996,49,150
2990048,49,150
2990081,49,150
2990403,10,147
2990542,30,150
2990634,30,150
2990752,30,150
2990759,30,150
2990828,49,150
2990903,49,150
2990932,30,150
2991178,30,150
2991217,49,150
2991355,49,150
2991537,49,150
2991555,30,150
2991590,49,150
2991894,30,150
2992189,93,203
2992221,30,150
2992239,30,150
2992289,30,150
2992349,49,150
2992441,30,150
2992477,30,150
2992551,30,150
2992673,30,150
2992789,49,150
2992825,49,150
2992891,30,150
2993064,49,150
2993111,49,150
2993652,49,150
2993667,49,150
2993969,49,150
2993970,49,150
2994041,49,150
2994042,49,150
2994348,30,150
2994502,49,150
2994541,49,150
2994608,49,150
2994685,49,150
2994755,49,150
2994796,49,150
2994893,49,150
2994956,49,150
2994969,49,150
2994972,49,150
2995058,49,150
2995088,49,150
2995190,49,150
2995216,30,150
2995483,49,150
2995565,49,150
2995672,49,150
2995672,30,150
2995846,30,150
2995934,49,150
2995958,30,150
2996115,49,150
2996169,49,150
2996303,30,150
2996346,49,150
2996522,49,150
2996671,30,150
2996717,49,150
2996736,919,185
2996873,49,150
2997144,30,150
2997205,10,147
2997247,49,150
2997415,49,150
2997424,30,150
2997687,30,150
2997847,30,150
2997931,30,150
2998020,49,150
2998046,30,150
2998053,49,150
2998140,49,150
2998341,30,150
2998392,49,150
2998447,833,177
2998489,49,150
2998530,49,150
2998638,30,150
2998740,835,128
2998760,819,181
2998768,30,150
2998785,30,150
2998810,30,150
2998867,93,203
2998896,49,150
2998927,49,150
2998942,30,150
2999040,49,150
2999116,49,150
2999147,30,150
2999196,49,150
2999306,30,150
2999461,30,150
2999560,49,150
2999603,864,185
2999702,30,150
2999735,49,150
2999747,49,150
2999948,30,150
3000007,30,150
3000343,49,150
3000392,49,150
3000404,30,150
3000679,49,150
3000748,49,150
3000959,49,150
3001051,49,150
3001313,30,150
3001325,30,150
3001376,49,150
3001483,861,178
3001721,30,150
3001786,30,150
3001834,93,203
3001866,30,150
3002003,49,150
3002341,49,150
3002794,30,150
3002856,30,150
3002975,30,150
3003141,49,150
3003308,652,178
3003540,49,150
3003612,49,150
3003659,49,150
3003750,30,150
3004482,49,150
3004575,835,128
3004726,10,147
3004744,30,150
3004993,49,150
3005123,10,147
3005291,30,150
3005298,49,150
3005307,30,150
3005428,49,150
3005675,49,150
3005948,30,150
3006046,30,150
3006207,30,150
3006603,49,150
3006685,30,150
3006860,49,150
3007029,30,150
3007243,30,150
3007397,30,150
3007539,49,150
3007578,49,150
3007690,30,150
3007779,30,150
3007910,30,150
3007958,49,150
3008146,49,150
3008361,49,150
3008372,30,150
3008413,49,150
3008540,30,150
3008553,30,150
3008569,697,187
3008837,30,150
3008844,879,185
3008861,4167,375
3009128,93,203
3009175,30,150
3009365,30,150
3009464,30,150
3009492,30,150
3009549,30,150
3009579,49,150
3009658,30,150
3009764,49,150
3009768,30,150
3009798,49,150
3010024,49,150
3010184,30,150
3010336,49,150
3010415,49,150
3010540,677,176
3010769,30,150
3010779,30,150
3010924,30,150
3010947,30,150
3010989,30,150
3011386,49,150
3011786,30,150
3012026,30,150
3012098,49,150
3012175,49,150
3012266,49,150
3012326,851,179
3012644,49,150
3012756,30,150
3013071,49,150
3013077,30,150
3013157,30,150
3013249,30,150
3013455,30,150
3013471,30,150
3013789,49,150
3013979,30,150
3014060,93,203
3014545,30,150
3014615,30,150
3014737,30,150
3014773,49,150
3014807,30,150
3014968,49,150
3015630,49,150
3015639,30,150
3015980,49,150
3016096,30,150
3016183,30,150
3016191,30,150
3016507,49,150
3016579,49,150
3017036,30,150
3017290,30,150
3017374,924,179
3017559,30,150
3017828,30,150
3017834,49,150
3017944,30,150
3018003,49,150
3018214,49,150
3018394,30,150
3018399,30,150
3018675,30,150
3018914,49,150
3018972,30,150
3019043,49,150
3019201,49,150
3019709,30,150
3019727,30,150
3019735,30,150
3019969,49,150
3020003,49,150
3020038,30,150
3020105,49,150
3020171,49,150
3020234,30,150
3020280,49,150
3020693,30,150
3020902,30,150
3021403,924,179
3021629,10,147
3021717,10,147
3021907,30,150
3022123,49,150
3022191,812,177
3022309,30,150
3022527,30,150
3022640,49,150
3022678,30,150
3023033,30,150
3023037,30,150
3023074,30,150
3023495,49,150
3023528,10,147
3023571,49,150
3023758,859,174
3023860,49,150
3023872,30,150
3024034,30,150
3024564,30,150
3024794,30,150
3025590,30,150
3025620,49,150
3025655,30,150
3025683,143,121
3025817,30,150
3025859,30,150
3025861,30,150
3025887,30,150
3025888,49,150
3026047,93,203
3026107,49,150
3026199,819,175
3026600,30,150
3026666,49,150
3026688,6,147
3026820,30,150
3027269,30,150
3027331,49,150
3027332,49,150
3027405,30,150
3027433,30,150
3027488,49,150
3027530,30,150
3027551,49,150
3027558,30,150
3027583,93,203
3027595,49,150
3027652,49,150
3027837,30,150
3027861,30,150
3027942,30,150
3028057,49,150
3028135,49,150
3028263,30,150
3028446,30,150
3028682,49,150
3029045,30,150
3029258,49,150
3029272,30,150
3029494,30,150
3029584,49,150
3029753,49,150
3029907,49,150
3029989,49,150
3030198,49,150
3030202,30,150
3030208,19137,148
3030936,30,150
3031017,49,150
3031020,30,150
3032131,30,150
3032170,49,150
3032175,49,150
3032212,49,150
3032251,30,150
3032467,30,150
3032577,49,150
3032793,30,150
3032941,49,150
3033141,30,150
3033182,30,150
3033254,30,150
3033324,49,150
3033521,49,150
3033538,30,150
3034059,30,150
3034691,26031,148
3035162,172,147
3035272,30,150
3035323,10,147
3035383,30,150
3035586,49,150
3035727,18180,148
3035879,49,150
3035954,49,150
3036208,30,150
3036278,30,150
3036366,30,150
3036791,49,150
3036816,49,150
3036853,30,150
3036855,30,150
3037085,49,150
3037130,49,150
3037138,49,150
3037168,30,150
3037224,120,95
3037396,10,147
3037541,49,150
3037563,49,150
3037703,49,150
3037712,49,150
3037839,49,150
3037911,49,150
3037911,49,150
3037984,49,150
3038220,49,150
3038271,30,150
3038328,30,150
3038381,30,150
3038521,49,150
3039090,30,150
3039111,49,150
3039217,49,150
3039331,49,150
3039795,49,150
3039858,10,147
3039997,3,125
3040021,49,150
3040099,49,150
3040198,49,150
3040276,49,150
3040374,49,150
3040562,30,150
3040641,49,150
3041008,49,150
3041064,30,150
3041100,49,150
3041170,30,150
3041270,30,150
3041315,30,150
3041373,819,175
3041502,49,150
3041525,49,150
3041635,49,150
3041728,30,150
3041730,30,150
3041792,30,150
3042228,93,203
3042281,30,150
3042426,262,137
3042586,30,150
3042746,49,150
3042783,10,147
3043037,49,150
3043107,49,150
3043283,49,150
3043296,49,150
3043316,49,150
3043634,30,150
3043711,30,150
3043908,10,147
3044024,49,150
3044033,30,150
3044525,49,150
3044659,49,150
3045031,49,150
3045313,30,150
3045396,93,203
3045502,49,150
3045520,49,150
3045980,49,150
3046227,49,150
3046294,30,150
3046362,1900,375
3046408,49,150
3046933,49,150
3047051,49,150
3047081,874,187
3047155,49,150
3047190,49,150
3047241,243,203
3047335,30,150
3047404,30,150
3047405,49,150
3047717,831,178
3047835,49,150
3047837,30,150
3048081,49,150
3048200,30,150
3048319,49,150
3048399,628,177
3048419,30,150
3048443,49,150
3048635,30,150
3048766,30,150
3048833,49,150
3049043,30,150
3049162,859,174
3049372,30,150
3049641,30,150
3049652,819,181
3050073,49,150
3050136,49,150
3050310,49,150
3050519,49,150
3050576,30,150
3050588,49,150
3050676,30,150
3050708,30,150
3050834,877,185
3051043,30,150
3051150,30,150
3051466,49,150
3051615,49,150
3051765,49,150
3051829,49,150
3051845,30,150
3051866,49,150
3052076,30,150
3052138,30,150
3052227,49,150
3052288,30,150
3052550,49,150
3052618,30,150
3052969,30,150
3053022,30,150
3053096,30,150
3053608,49,150
3053640,586,137
3053667,30,150
3053792,30,150
3053805,49,150
3053992,49,150
3054000,30,150
3054005,10,147
3054245,49,150
3054356,796,375
3054503,586,137
3054555,49,150
3054679,49,150
3054760,829,179
3054769,49,150
3054866,49,150
3055268,49,150
3055411,30,150
3055464,10,147
3055538,30,150
3055694,49,150
3055701,30,150
3055819,864,137
3055864,30,150
3056074,49,150
3056120,49,150
3056219,49,150
3056623,49,150
3056741,49,150
3056889,30,150
3056907,49,150
3057109,49,150
3057185,49,150
3057255,950,174
3057304,30,150
3057308,49,150
3057656,49,150
3057688,30,150
3057730,49,150
3058056,49,150
3058127,93,203
3058228,49,150
3058394,812,177
3058468,30,150
3058473,841,176
3058483,30,150
3058678,30,150
3058963,49,150
3059141,49,150
3059348,49,150
3059399,30,150
3059501,827,179
3059651,49,150
3059802,30,150
3059867,30,150
3060052,30,150
3060258,49,150
3060791,49,150
3061010,30,150
3061148,30,150
3061187,30,150
3061216,30,150
3061401,1900,375
3061950,30,150
3062089,30,150
3062538,49,150
3062582,30,150
3062585,49,150
3062600,30,150
3062870,30,150
3062947,49,150
3063191,49,150
3063572,49,150
3063831,49,150
3063858,49,150
3063862,49,150
3063889,49,150
3063977,30,150
3064018,30,150
3064112,93,203
3064192,49,150
3064213,49,150
3065423,262,137
3065491,49,150
3065700,30,150
3065725,49,150
3066045,30,150
3066095,49,150
3066201,30,150
3066224,49,150
3066245,10,147
3066953,49,150
3066971,30,150
3067551,49,150
3067640,30,150
3067890,30,150
3067912,49,150
3068505,49,150
3068584,49,150
3068633,30,150
3068651,835,128
3068675,49,150
3068879,30,150
3069272,49,150
3069395,30,150
3069395,30,150
3069495,49,150
3069568,30,150
3069588,819,181
3069719,30,150
3070083,49,150
3070476,49,150
3070478,879,185
3070485,49,150
3070510,49,150
3070522,49,150
3070544,30,150
3070604,49,150
3070887,30,150
3071080,874,187
3071164,49,150
3071209,819,175
3071633,30,150
3071677,30,150
3071749,30,150
3071917,49,150
3072046,49,150
3072060,49,150
3072121,49,150
3072308,49,150
3072572,30,150
3073110,10,147
3073496,30,150
3073635,49,150
3073951,49,150
3073991,49,150
3074123,49,150
3074139,49,150
3074286,30,150
3074429,30,150
3074543,49,150
3074852,30,150
3074878,49,150
3075034,30,150
3075225,30,150
3075231,30,150
3075356,30,150
3075632,49,150
3075732,30,150
3075887,49,150
3076005,49,150
3076378,851,179
3076403,49,150
3076416,49,150
3076461,30,150
3076490,49,150
3076590,49,150
3076593,49,150
3076845,49,150
3076890,30,150
3077066,49,150
3077073,49,150
3077277,49,150
3077624,49,150
3077628,30,150
3077770,30,150
3077936,10,147
3077981,30,150
3078275,30,150
3078284,49,150
3078558,864,137
3078713,30,150
3078766,30,150
3078913,49,150
3079193,49,150
3079320,49,150
3079475,49,150
3079488,49,150
3079752,30,150
3080296,30,150
3080297,30,150
3080687,49,150
3080921,30,150
3080987,93,203
3081253,49,150
3081315,30,150
3081540,49,150
3081577,30,150
3081592,30,150
3081773,874,187
3082022,10,147
3082036,30,150
3082040,30,150
3082183,30,150
3082185,30,150
3082225,30,150
3082321,49,150
3082398,49,150
3082544,49,150
3083163,49,150
3083853,49,150
3084056,49,150
3084340,49,150
3084444,30,150
3084504,49,150
3084553,30,150
3084940,49,150
3084960,49,150
3085168,49,150
3085344,49,150
3085650,49,150
3085879,30,150
3085992,30,150
3086086,30,150
3086158,49,150
3086271,30,150
3086279,49,150
3086377,49,150
3086788,30,150
3086999,30,150
3087251,30,150
3087278,49,150
3087929,30,150
3088159,49,150
3088379,49,150
3088529,30,150
3088570,30,150
3089085,10,147
3089242,30,150
3089345,49,150
3089372,30,150
3090014,49,150
3090356,93,203
3090537,30,150
3090784,49,150
3090850,49,150
3091111,6,147
3091250,49,150
3091346,30,150
3091669,49,150
3091779,49,150
3091815,4167,375
3092178,30,150
3092222,49,150
3092344,49,150
3092379,49,150
3092496,49,150
3092665,30,150
3092935,796,375
3092995,10,147
3093315,30,150
3093692,10,147
3093692,49,150
3093798,30,150
3093962,30,150
3093963,30,150
3094054,11,106
3094635,30,150
3094701,49,150
3095266,30,150
3095409,49,150
3095548,30,150
3095576,49,150
3095776,30,150
3095979,30,150
3096037,30,150
3096152,49,150
3096326,10,147
3096712,49,150
3096869,30,150
3096871,49,150
3097330,49,150
3097420,30,150
3097523,49,150
3097575,30,150
3097722,30,150
3098075,30,150
3098085,30,150
3098638,30,150
3098769,49,150
3099391,258,203
3099545,919,185
3100190,30,150
3100216,49,150
3100333,30,150
3100600,30,150
3100899,30,150
3100993,30,150
3101029,49,150
3101069,30,150
3101267,30,150
3101313,30,150
3101521,30,150
3101591,30,150
3101817,49,150
3101898,49,150
3101958,30,150
3102057,30,150
3102420,30,150
3102508,49,150
3102755,30,150
3102803,49,150
3103099,49,150
3103262,49,150
3103295,93,203
3103338,30,150
3103410,49,150
3103410,49,150
3103532,49,150
3103584,30,150
3103652,30,150
3103715,30,150
3103743,93,203
3103836,30,150
3103842,30,150
3104008,30,150
3104145,30,150
3104365,10,147
3104459,49,150
3104684,30,150
3104823,586,137
3104971,7373,375
3105380,30,150
3105460,30,150
3105575,49,150
3105636,49,150
3105735,30,150
3105853,49,150
3106174,49,150
3106303,30,150
3106309,30,150
3106413,30,150
3106414,30,150
3106462,49,150
3106488,30,150
3106937,30,150
3107117,30,150
3107384,14,113
3107520,49,150
3107587,30,150
3107904,831,178
3108071,49,150
3108228,93,203
3108308,49,150
3108400,49,150
3108609,30,150
3108862,49,150
3108902,49,150
3109097,30,150
3109167,49,150
3109203,30,150
3109248,30,150
3109420,841,176
3109794,30,150
3109977,49,150
3110149,30,150
3110157,49,150
3110831,49,150
3110879,49,150
3111098,30,150
3111282,30,150
3111347,49,150
3111745,49,150
3111754,919,185
3112206,49,150
3112597,49,150
3112713,120,95
3113167,10,147
3113377,49,150
3113423,49,150
3113457,49,150
3113533,49,150
3113597,93,203
3113908,30,150
3113992,30,150
3114287,30,150
3114664,894,177
3115069,586,137
3115335,49,150
3116019,49,150
3116340,49,150
3116434,10,147
3116493,30,150
3116588,93,203
3116741,49,150
3116826,30,150
3116861,30,150
3117307,49,150
3117361,49,150
3117426,30,150
3117578,49,150
3117651,30,150
3117688,10,147
3117736,30,150
3117763,49,150
3117798,30,150
3117834,30,150
3117879,30,150
3117964,49,150
3118105,859,174
3118343,30,150
3118535,30,150
3118567,30,150
3118567,49,150
3118586,49,150
3118753,30,150
3118929,49,150
3119140,30,150
3119273,30,150
3119379,30,150
3119510,30,150
3119576,30,150
3120074,5,127
3120165,30,150
3120500,49,150
3120533,49,150
3120667,49,150
3120964,835,128
3121264,30,150
3121367,49,150
3121405,49,150
3121439,93,203
3121503,30,150
3121543,30,150
3121934,10,147
3121961,49,150
3122195,10,147
3122244,30,150
3122383,49,150
3122402,30,150
3122495,49,150
3122574,30,150
3122755,10,147
3122771,49,150
3122793,49,150
3123110,49,150
3123275,30,150
3123283,49,150
3123357,49,150
3123429,49,150
3123748,7373,375
3123768,56,203
3123847,49,150
3124181,93,203
3124205,93,203
3124684,30,150
3124776,49,150
3124877,30,150
3124910,49,150
3124973,30,150
3125623,49,150
3125732,30,150
3125755,30,150
3125765,30,150
3125893,30,150
3125923,49,150
3126157,49,150
3126488,49,150
3126490,30,150
3126532,49,150
3126605,49,150
3126837,30,150
3127294,30,150
3127549,49,150
3127598,879,185
3127650,49,150
3127685,30,150
3127707,30,150
3127828,49,150
3127964,30,150
3127980,49,150
3127994,30,150
3128389,49,150
3128453,49,150
3128756,49,150
3128775,30,150
3128915,851,179
3129023,49,150
3129098,30,150
3129161,49,150
3129322,30,150
3129449,30,150
3129507,30,150
3129844,30,150
3129902,49,150
3130056,49,150
3130132,49,150
3130580,796,375
3130993,49,150
3131081,49,150
3131134,30,150
3131230,49,150
3131252,93,203
3131983,49,150
3132027,93,203
3132068,49,150
3132258,30,150
3132474,49,150
3132682,49,150
3132783,49,150
3132911,49,150
3133002,30,150
3133220,49,150
3133577,30,150
3133727,49,150
3134333,10,147
3134692,30,150
3134747,30,150
3134757,6,147
3134850,49,150
3135039,30,150
3135074,30,150
3135191,30,150
3135504,30,150
3135547,13,109
3135548,30,150
3135604,49,150
3135782,49,150
3135789,10,147
3135884,30,150
3135970,1900,375
3136045,30,150
3136258,30,150
3136282,30,150
3136331,30,150
3136817,49,150
3136987,49,150
3136992,30,150
3137256,812,177
3137687,30,150
3137817,49,150
3137873,49,150
3138368,924,179
3138470,49,150
3138476,49,150
3138600,49,150
3138960,30,150
3138966,30,150
3139250,49,150
3139393,49,150
3139536,49,150
3139655,30,150
3140041,841,176
3140056,49,150
3140299,49,150
3140543,30,150
3140584,49,150
3141718,30,150
3142273,49,150
3142394,30,150
3142482,30,150
3142528,49,150
3142741,49,150
3142943,874,187
3143250,30,150
3143307,49,150
3143348,49,150
3143445,864,137
3143446,30,150
3143547,831,178
3143724,49,150
3143733,49,150
3143745,30,150
3144065,30,150
3144145,120,95
3144305,49,150
3144418,49,150
3144502,49,150
3145080,819,181
3145179,30,150
3145606,10,147
3146303,49,150
3146346,30,150
3146352,49,150
3146538,30,150
3146539,30,150
3147440,49,150
3147476,30,150
3147614,30,150
3147669,10,147
3147715,586,137
3148363,49,150
3148372,651,137
3148442,30,150
3148545,49,150
3148978,49,150
3149409,30,150
3149509,30,150
3149824,30,150
3149890,30,150
3150244,30,150
3150531,49,150
3150841,30,150
3150993,30,150
3151268,30,150
3151320,30,150
3151397,49,150
3151586,10,147
3151823,49,150
3151830,49,150
3151858,49,150
3152666,49,150
3152791,49,150
3153072,30,150
3153246,4167,375
3153491,10,147
3153717,30,150
3153756,30,150
3153874,30,150
3153882,10,147
3154308,49,150
3154565,30,150
3154671,30,150
3154814,30,150
3155038,49,150
3155415,30,150
3155587,49,150
3155664,30,150
3155803,49,150
3156087,30,150
3156565,30,150
3156766,49,150
3156811,30,150
3156864,49,150
3156951,49,150
3157066,30,150
3157761,93,203
3158495,30,150
3158669,30,150
3158820,30,150
3159453,120,95
3159913,49,150
3160097,586,137
3160111,30,150
3160135,30,150
3160195,30,150
3160303,30,150
3160475,30,150
3160615,49,150
3160650,30,150
3161382,49,150
3161537,93,203
3161612,49,150
3161845,30,150
3162073,10,147
3162112,49,150
3162303,30,150
3163029,49,150
3163110,30,150
3163264,30,150
3163362,30,150
3163511,49,150
3163557,49,150
3164036,30,150
3164453,49,150
3164813,30,150
3164887,49,150
3165245,49,150
3165252,49,150
3165296,30,150
3165738,894,177
3165782,30,150
3165873,49,150
3166008,30,150
3166168,49,150
3166188,49,150
3166201,262,137
3166487,49,150
3166569,49,150
3166754,93,203
3167183,49,150
3167651,49,150
3167827,49,150
3167932,30,150
3168616,49,150
3169092,49,150
3169504,30,150
3169521,10,147
3169801,49,150
3170099,30,150
3170238,30,150
3170689,49,150
3170700,49,150
3170871,30,150
3171256,30,150
3171287,49,150
3171456,49,150
3171628,30,150
3171692,30,150
3171978,30,150
3172010,49,150
3172051,30,150
3172267,30,150
3172491,30,150
3172611,30,150
3172698,49,150
3172951,49,150
3173099,30,150
3173266,49,150
3173997,30,150
3174504,30,150
3174719,49,150
3175179,30,150
3175626,49,150
3175641,30,150
3175843,49,150
3176062,49,150
3176288,30,150
3176341,49,150
3176449,49,150
3176482,49,150
3176497,30,150
3176525,30,150
3176819,30,150
3177026,30,150
3177064,49,150
3177358,49,150
3177358,49,150
3177581,49,150
3177663,30,150
3178085,49,150
3178185,30,150
3178251,30,150
3178309,30,150
3178474,49,150
3178493,30,150
3178563,49,150
3178634,49,150
3178912,49,150
3179110,30,150
3179254,30,150
3179359,30,150
3179449,30,150
3179616,49,150
3180019,30,150
3180147,30,150
3180331,49,150
3180525,30,150
3180551,30,150
3180857,30,150
3180880,30,150
3181153,30,150
3181406,30,150
3181638,49,150
3181702,30,150
3181799,30,150
3181860,30,150
3181975,30,150
3182097,49,150
3182326,30,150
3182598,49,150
3182736,30,150
3182933,30,150
3183596,49,150
3183819,30,150
3183960,93,203
3183979,49,150
3184358,49,150
3184426,49,150
3184597,30,150
3184603,49,150
3184686,49,150
3184846,49,150
3184943,49,150
3185045,49,150
3185311,10,147
3185389,49,150
3185604,30,150
3185614,30,150
3186148,919,185
3186422,835,128
3186532,49,150
3186834,93,203
3187132,49,150
3187138,49,150
3187386,30,150
3187410,49,150
3187583,30,150
3187733,49,150
3187741,30,150
3187768,819,175
3187800,30,150
3187991,30,150
3188695,586,137
3188753,30,150
3189030,49,150
3189257,49,150
3189419,30,150
3189612,30,150
3189675,49,150
3189894,30,150
3190184,49,150
3190355,91,203
3190593,30,150
3190692,49,150
3190734,49,150
3190826,49,150
3190848,894,177
3191336,49,150
3191362,49,150
3191736,49,150
3191881,10,147
3191890,49,150
3191898,30,150
3191912,10,147
3192101,93,203
3192254,841,176
3192323,49,150
3192361,879,185
3192777,30,150
3192793,49,150
3192857,49,150
3192890,879,185
3192933,30,150
3193145,30,150
3193151,49,150
3193438,49,150
3193582,30,150
3193648,30,150
3193810,10,147
3193982,49,150
3194222,49,150
3194513,49,150
3194614,49,150
3194812,831,178
3194896,49,150
3194938,49,150
3194964,924,179
3195171,49,150
3195407,30,150
3195458,49,150
3195581,49,150
3195645,49,150
3195686,49,150
3195796,49,150
3196191,49,150
3196490,30,150
3196499,919,185
3196855,49,150
3196860,49,150
3196995,49,150
3197139,49,150
3197348,30,150
3197645,30,150
3197939,819,181
3198065,49,150
3198135,49,150
3198212,49,150
3198265,49,150
3198366,49,150
3198411,49,150
3198499,30,150
3198688,49,150
3198747,30,150
3198773,49,150
3198855,30,150
3199081,30,150
3199269,30,150
3199281,49,150
3199513,30,150
3199590,49,150
3199897,49,150
3200051,49,150
3200135,30,150
3200423,30,150
3200462,49,150
3200556,49,150
3200690,1887,159
3200931,93,203
3201054,30,150
3201119,49,150
3201160,49,150
3201271,49,150
3201552,49,150
3201718,30,150
3202267,30,150
3202269,924,179
3202462,30,150
3202515,30,150
3202537,30,150
3202598,30,150
3202797,7373,375
3202811,30,150
3202835,49,150
3202983,49,150
3203093,30,150
3203142,49,150
3203572,49,150
3203635,30,150
3203678,30,150
3203803,10,147
3203949,1900,375
3204028,93,203
3204219,49,150
3204400,30,150
3204585,30,150
3204771,30,150
3204844,49,150
3205007,30,150
3205044,49,150
3205076,30,150
3205812,49,150
3205865,30,150
3205870,49,150
3206103,49,150
3206184,49,150
3206282,30,150
3206344,30,150
3206375,49,150
3206440,49,150
3206614,10,147
3207297,49,150
3207631,30,150
3208059,49,150
3208501,49,150
3208563,30,150
3209203,49,150
3209311,30,150
3209587,49,150
3209640,49,150
3209911,49,150
3209966,30,150
3210054,30,150
3210080,30,150
3210203,49,150
3210509,30,150
3210867,30,150
3210925,30,150
3210933,30,150
3210962,49,150
3211177,30,150
3211214,30,150
3211297,30,150
3211350,30,150
3211663,49,150
3211786,30,150
3212166,30,150
3212328,49,150
3212466,49,150
3212672,1887,159
3212773,49,150
3212818,30,150
3212984,49,150
3213222,30,150
3213266,30,150
3214144,859,174
3214194,49,150
3214213,49,150
3214389,30,150
3214590,30,150
3214629,49,150
3214671,30,150
3214711,30,150
3214791,30,150
3214820,30,150
3214860,30,150
3215014,49,150
3215052,30,150
3215471,30,150
3215630,49,150
3216371,49,150
3216549,30,150
3216622,30,150
3216642,49,150
3217021,851,179
3217034,30,150
3217081,30,150
3217131,49,150
3217188,49,150
3217287,49,150
3217443,93,203
3217449,30,150
3217573,30,150
3217703,30,150
3217808,49,150
3217897,30,150
3217969,49,150
3218314,30,150
3218606,30,150
3218663,30,150
3218720,30,150
3218775,30,150
3218853,30,150
3218898,30,150
3218904,30,150
3219015,30,150
3219118,30,150
3219303,30,150
3219375,30,150
3219603,30,150
3219620,30,150
3219789,49,150
3220006,49,150
3220037,30,113
3220124,30,150
3220486,30,150
3220531,49,150
3220586,30,150
3220758,30,150
3220896,49,150
3220989,10,147
3221137,49,150
3221289,812,177
3221411,49,150
3222089,6,147
3222296,30,150
3222324,30,150
3222470,49,150
3222644,30,150
3222661,30,150
3222667,49,150
3222814,49,150
3222944,49,150
3222997,93,203
3223369,30,150
3223657,49,150
3223744,30,150
3223842,49,150
3223890,30,150
3223895,49,150
3223901,49,150
3224041,30,150
3224242,30,150
3224486,796,375
3224560,49,150
3224630,49,150
3224847,30,150
3224860,1887,159
3224982,30,150
3225192,30,150
3225343,851,179
3225647,49,150
3225736,30,150
3225820,49,150
3225871,30,150
3225941,10,147
3226047,30,150
3226061,49,150
3226074,49,150
3226103,49,150
3226266,30,150
3226369,49,150
3226530,30,150
3226653,49,150
3226666,49,150
3226913,30,150
3226946,30,150
3227020,30,150
3227144,30,150
3227226,49,150
3227687,49,150
3227815,10,147
3227842,49,150
3227845,30,150
3227972,10,147
3228069,30,150
3228403,49,150
3228675,30,150
3228695,49,150
3228813,49,150
3228850,49,150
3228986,30,150
3229054,49,150
3229355,30,150
3229370,49,150
3229613,49,150
3229629,30,150
3229717,49,150
3229724,30,150
3229906,49,150
3229986,30,150
3230019,30,150
3230167,49,150
3230450,30,150
3230683,30,150
3230768,49,150
3231058,4167,375
3231116,30,150
3231189,30,150
3231270,30,150
3231397,30,150
3231457,30,150
3231520,49,150
3231685,49,150
3231757,30,150
3231769,49,150
3231948,30,150
3232264,30,150
3232350,49,150
3232710,49,150
3232753,30,150
3232831,49,150
3233417,49,150
3233652,30,150
3233767,49,150
3233884,30,150
3233948,30,150
3233952,49,150
3234004,30,150
3234034,49,150
3234071,93,203
3234208,30,150
3234270,49,150
3234443,30,150
3234563,49,150
3234660,7373,375
3234674,49,150
3234883,49,150
3235073,10,147
3235167,49,150
3235222,49,150
3235532,49,150
3235586,33,108
3235956,30,150
3235957,30,150
3236077,30,150
3236095,49,150
3236259,49,150
3236330,49,150
3236584,49,150
3236593,30,150
3236677,30,150
3237230,30,150
3237243,30,150
3237253,49,150
3237489,49,150
3237609,30,150
3237618,49,150
3237673,30,150
3237705,49,150
3237929,30,150
3238273,49,150
3238358,49,150
3238395,49,150
3238476,30,150
3238521,49,150
3238528,49,150
3238667,49,150
3238711,10,147
3238742,49,150
3238753,49,150
3238945,30,150
3239830,30,150
3240007,30,150
3240070,49,150
3240115,49,150
3240412,49,150
3240481,30,150
3240496,30,150
3240541,30,150
3240597,49,150
3240650,49,150
3240770,49,150
3240795,49,150
3240883,49,150
3240945,30,150
3241490,30,150
3241857,30,150
3241898,864,137
3242382,30,150
3242438,49,150
3242635,49,150
3242640,49,150
3242726,30,150
3242996,10,147
3243030,30,150
3243186,49,150
3243233,30,150
3243303,16,91
3243387,30,150
3243496,30,150
3243531,30,150
3243577,49,150
3243684,30,150
3243798,586,137
3243805,49,150
3243894,586,137
3244257,49,150
3244321,49,150
3244704,30,150
3244781,49,150
3245179,10,147
3245543,30,150
3245777,49,150
3245801,30,150
3245845,30,150
3245890,30,150
3245903,49,150
3245925,49,150
3245944,10,147
3246106,30,150
3246317,874,187
3246548,49,150
3246605,30,150
3246684,12,104
3246947,49,150
3247181,30,150
3247296,49,150
3247329,30,150
3247466,49,150
3247555,30,150
3247791,49,150
3247831,812,177
3247867,859,174
3247976,30,150
3247991,30,150
3248289,30,150
3248327,30,150
3248741,49,150
3249012,30,150
3249060,30,150
3249210,49,150
3249842,49,150
3249893,30,150
3249895,30,150
3249909,49,150
3249960,49,150
3249996,30,150
3250041,49,150
3250098,30,150
3250230,49,150
3250254,49,150
3250272,30,150
3250319,894,177
3250382,30,150
3250436,30,150
3250445,49,150
3251083,93,203
3251933,10,147
3251983,30,150
3252208,30,150
3252362,49,150
3252435,49,150
3252853,49,150
3252918,30,150
3253536,30,150
3253667,30,150
3253845,829,179
3254076,49,150
3254147,49,150
3254244,796,375
3254330,10,147
3254366,49,150
3254388,49,150
3254398,49,150
3254477,30,150
3254533,30,150
3254606,30,150
3254614,30,150
3254847,30,150
3255186,49,150
3255225,30,150
3255364,859,174
3255686,30,150
3255872,30,150
3255874,49,150
3255954,49,150
3256050,30,150
3256255,30,150
3256418,49,150
3256472,49,150
3256569,10,147
3256648,49,150
3256905,30,150
3257343,49,150
3257449,30,150
3257461,30,150
3257474,49,150
3257639,49,150
3257665,49,150
3257769,49,150
3257986,30,150
3257988,49,150
3258084,49,150
3258164,49,150
3258211,874,187
3258252,49,150
3258296,49,150
3258305,30,150
3258550,835,128
3258582,49,150
3258584,49,150
3258806,30,150
3259355,49,150
3259542,49,150
3259566,30,150
3259670,49,150
3259694,30,150
3260037,93,203
3260067,30,150
3260320,30,150
3260330,93,203
3260508,49,150
3260817,49,150
3261004,49,150
3261129,30,150
3261143,49,150
3261149,49,150
3261288,49,150
3261310,49,150
3261575,49,150
3261821,49,150
3261856,30,150
3262033,30,150
3262548,30,150
3262575,49,150
3263383,30,150
3263501,49,150
3263526,49,150
3263535,120,95
3263692,49,150
3263779,49,150
3263831,30,150
3263904,49,150
3263941,30,150
3264239,30,150
3264331,30,150
3264346,30,150
3264560,49,150
3264598,30,150
3264763,30,150
3264884,30,150
3264950,49,150
3265223,30,150
3265301,49,150
3265316,30,150
3265358,30,150
3265425,30,150
3265434,831,178
3265456,49,150
3265550,49,150
3265853,49,150
3265920,30,150
3266009,30,150
3266092,49,150
3266189,49,150
3266488,30,150
3266529,30,150
3266594,30,150
3266635,49,150
3266767,49,150
3266819,30,150
3266925,49,150
3266956,30,150
3267211,49,150
3267342,30,150
3267366,1900,375
3267430,49,150
3267439,30,150
3267577,49,150
3267628,586,137
3267714,30,150
3267764,49,150
3268017,49,150
3268192,30,150
3268382,4167,375
3268409,30,150
3268419,30,150
3268845,30,150
3269003,30,150
3269018,30,150
3269039,30,150
3269101,93,203
3269101,924,179
3269177,49,150
3269336,49,150
3270488,120,95
3270539,30,150
3270590,30,150
3270623,262,137
3270763,49,150
3270998,49,150
3271109,49,150
3271185,49,150
3271276,49,150
3271414,30,150
3271458,819,175
3271674,30,150
3271737,49,150
3271759,30,150
3271925,10,147
3271931,30,150
3271984,49,150
3272092,49,150
3272282,49,150
3272472,30,150
3272557,93,203
3272628,49,150
3272690,30,150
3272708,49,150
3272849,30,150
3272934,30,150
3272978,93,203
3273158,49,150
3273360,49,150
3273497,30,150
3273614,49,150
3273614,30,150
3273691,894,177
3274167,49,150
3274423,30,150
3274582,49,150
3274622,49,150
3274723,30,150
3275064,30,150
3275068,30,150
3275207,49,150
3275347,30,150
3275664,49,150
3275690,30,150
3275703,30,150
3275735,30,150
3275859,30,150
3276115,30,150
3276121,30,150
3276442,49,150
3276493,30,150
3276527,49,150
3276857,10,147
3276880,30,150
3277241,30,150
3277718,49,150
3277740,49,150
3278024,49,150
3278522,30,150
3278529,49,150
3278786,49,150
3278978,30,150
3279301,49,150
3279497,864,137
3279652,49,150
3279699,30,150
3279730,49,150
3279871,30,150
3280002,49,150
3280141,49,150
3280222,49,150
3280253,49,150
3280301,30,150
3280338,49,150
3280684,30,150
3280715,30,150
3280867,49,150
3280910,30,150
3280945,93,203
3281801,30,150
3282285,30,150
3282313,30,150
3282547,49,150
3282618,30,150
3282950,30,150
3282958,819,181
3283003,49,150
3283059,49,150
3283129,49,150
3283333,49,150
3283417,30,150
3283441,49,150
3283610,49,150
3283728,30,150
3283745,49,150
3283852,851,179
3284883,49,150
3284967,49,150
3285040,30,150
3285171,30,150
3285650,30,150
3285651,49,150
3285701,30,150
3285784,49,150
3286032,49,150
3286206,49,150
3286261,10,147
3286305,30,150
3286334,49,150
3286611,93,203
3286654,49,150
3287160,30,150
3287618,30,150
3287666,30,150
3287685,49,150
3287733,49,150
3287740,30,150
3288076,49,150
3288169,30,150
3288234,49,150
3289090,30,150
3289282,49,150
3289852,831,178
3289906,49,150
3289910,30,150
3290055,30,150
3290120,10,147
3290231,49,150
3290353,30,150
3290437,30,150
3290737,49,150
3290889,49,150
3291064,30,150
3291140,49,150
3291219,49,150
3291270,30,150
3291478,49,150
3291741,30,150
3291847,881,137
3292049,30,150
3292192,30,150
3292245,30,150
3292345,49,150
3292419,49,150
3292494,30,150
3292651,49,150
3292702,49,150
3292733,30,150
3292939,49,150
3293034,30,150
3293380,49,150
3293522,30,150
3293745,30,150
3293786,30,150
3293831,30,150
3293886,49,150
3294118,30,150
3294303,30,150
3294339,30,150
3294559,120,203
3295199,49,150
3295460,49,150
3295470,49,150
3295615,49,150
3295615,30,150
3296101,49,150
3296271,30,150
3296386,49,150
3296546,30,150
3296576,30,150
3296628,30,150
3296642,30,150
3296711,30,150
3296725,30,150
3296796,30,150
3296846,49,150
3297023,49,150
3297123,49,150
3297525,49,150
3297585,30,150
3297618,30,150
3297780,49,150
3297786,49,150
3298011,49,150
3298198,10,147
3298340,6,147
3298368,10,147
3298573,49,150
3298789,30,150
3298883,49,150
3298985,30,150
3299073,262,137
3299114,30,150
3299301,49,150
3299386,49,150
3299598,49,150
3299630,49,150
3299659,950,174
3299779,30,150
3299857,30,150
3299955,882,137
3300309,49,150
3300425,49,150
3300906,7373,375
3300980,49,150
3301126,49,150
3301162,819,175
3301314,49,150
3301501,30,150
3302003,49,150
3302133,49,150
3302268,49,150
3302382,30,150
3302550,30,150
3302596,49,150
3302826,10,147
3302851,49,150
3302857,49,150
3302993,30,150
3303111,49,150
3303148,49,150
3303205,652,178
3303257,30,150
3303358,852,181
3303526,49,150
3303870,30,150
3303985,49,150
3304065,49,150
3304222,49,150
3304228,49,150
3304344,30,150
3304519,49,150
3304666,30,150
3304697,4167,375
3304951,30,150
3304974,10,147
3305285,30,150
3305377,30,150
3305432,30,150
3305526,49,150
3305561,49,150
3305567,861,178
3305713,243,203
3306008,49,150
3306064,30,150
3306752,30,150
3306784,49,150
3307576,49,150
3307763,49,150
3307989,49,150
3308090,30,150
3308194,30,150
3308263,30,150
3308581,10,147
3308620,30,150
3308830,49,150
3308868,30,150
3308985,49,150
3309009,30,150
3309700,49,150
3309926,6,147
3310127,30,150
3310225,30,150
3310322,93,203
3310807,49,150
3311001,49,150
3311242,30,150
3311375,49,150
3311411,49,150
3311422,30,150
3311482,49,150
3311534,30,150
3311715,49,150
3311833,30,150
3311911,49,150
3311945,49,150
3312207,864,185
3312239,49,150
3312253,30,150
3312266,30,150
3312298,49,150
3312381,30,150
3312433,30,150
3312489,93,203
3312507,49,150
3312751,1900,375
3312769,49,150
3312853,49,150
3312943,877,185
3313045,30,150
3313085,49,150
3313123,93,203
3313689,49,150
3313712,49,150
3313820,30,150
3314018,49,150
3314042,49,150
3314245,49,150
3314538,49,150
3314663,49,150
3315004,49,150
3315553,49,150
3316011,49,150
3316019,93,203
3316077,30,150
3316199,30,150
3316287,30,150
3316523,49,150
3316526,30,150
3316751,49,150
3316807,143,121
3316962,30,150
3317454,30,150
3317522,30,150
3317645,30,150
3318401,49,150
3318500,127,147
3318533,49,150
3318578,49,150
3318594,30,150
3318692,30,150
3318821,30,150
3318821,49,150
3318859,49,150
3318896,30,150
3318996,30,150
3319129,30,150
3319176,30,150
3319211,49,150
3319261,586,137
3319289,30,150
3319368,49,150
3319436,49,150
3319464,49,150
3319519,30,150
3319520,49,150
3319525,49,150
3319617,49,150
3320291,30,150
3320589,49,150
3320688,49,150
3321634,49,150
3321641,49,150
3322013,49,150
3322024,30,150
3322075,49,150
3322575,30,150
3322724,49,150
3322960,30,150
3323161,49,150
3323329,49,150
3323642,30,150
3323756,30,150
3323906,30,150
3324019,30,150
3324205,30,150
3324211,10,147
3324365,864,137
3324573,30,150
3324623,49,150
3324643,30,150
3324665,49,150
3324690,812,177
3324744,93,203
3324870,49,150
3325166,30,150
3325194,49,150
3325497,30,150
3325560,18180,148
3325605,30,150
3325948,49,150
3326044,49,150
3326107,30,150
3326111,819,181
3326128,30,150
3326259,30,150
3326291,49,150
3326542,49,150
3326588,49,150
3326629,49,150
3326659,30,150
3326703,49,150
3326748,30,150
3326868,49,150
3326917,49,150
3327024,30,150
3327075,30,150
3327082,49,150
3327275,30,150
3327353,30,150
3327495,30,150
3327620,49,150
3327763,30,150
3327765,10,147
3327797,49,150
3327865,30,150
3327929,49,150
3328010,49,150
3328279,30,150
3328351,879,185
3328426,30,150
3328477,49,150
3328577,49,150
3329174,10,147
3329293,49,150
3329562,30,150
3329565,49,150
3329582,30,150
3329659,30,150
3329690,49,150
3329735,49,150
3329820,49,150
3329846,49,150
3329983,30,150
3330086,30,150
3330303,30,150
3330314,833,177
3330597,30,150
3330610,30,150
3330759,49,150
3330859,10,147
3330952,262,137
3331374,49,150
3331428,919,185
3331459,30,150
3331839,30,150
3331899,49,150
3332300,49,150
3332466,49,150
3332467,30,150
3332535,30,150
3332669,49,150
3332705,30,150
3332845,30,150
3332863,30,150
3333016,30,150
3333058,49,150
3333116,49,150
3333454,49,150
3333507,30,150
3334026,30,150
3334444,30,150
3334470,30,150
3334522,30,150
3334599,49,150
3334602,49,150
3334612,30,150
3334676,113,127
3334796,49,150
3334961,49,150
3335224,30,150
3335308,30,150
3335373,49,150
3335488,49,150
3335520,49,150
3335581,49,150
3335824,30,150
3336138,30,150
3336330,49,150
3336331,49,150
3336591,49,150
3336594,49,150
3336659,10,147
3336824,49,150
3336852,49,150
3337015,93,203
3337203,796,375
3337452,30,150
3337625,30,150
3337724,49,150
3337868,30,150
3338519,30,150
3338668,10,147
3338673,30,150
3338706,49,150
3338860,49,150
3338978,30,150
3339077,30,150
3339224,49,150
3339227,49,150
3339697,49,150
3339719,49,150
3339766,30,150
3339772,10,147
3339833,49,150
3339934,30,150
3340038,30,150
3340310,49,150
3340401,49,150
3340432,30,150
3341002,49,150
3341005,586,137
3341071,30,150
3341151,49,150
3341278,30,150
3341563,30,150
3341692,49,150
3341817,30,150
3342506,30,150
3342759,586,137
3342768,49,150
3342866,49,150
3343007,30,150
3343054,30,150
3343068,49,150
3343091,30,150
3343198,30,150
3343365,30,150
3343482,30,150
3343598,30,150
3343632,30,150
3343653,30,150
3343663,49,150
3343788,49,150
3344034,49,150
3344240,172,147
3344359,628,177
3344425,30,150
3344439,49,150
3344520,30,150
3344771,49,150
3344799,49,150
3344810,49,150
3345002,49,150
3345059,30,150
3345078,49,150
3345304,30,150
3345350,49,150
3345471,835,128
3345625,30,150
3345649,827,179
3346238,49,150
3346411,870,175
3346466,30,150
3346577,49,150
3346660,30,150
3346747,30,150
3346758,30,150
3346800,30,150
3346881,49,150
3347371,49,150
3347682,30,150
3347964,30,150
3348006,30,150
3348040,49,150
3348057,30,150
3348285,30,150
3348350,49,150
3348567,49,150
3348619,30,150
3348699,49,150
3348842,262,137
3348905,697,187
3349056,864,137
3349088,49,150
3349114,10,147
3349164,30,150
3349418,49,150
3349447,49,150
3349460,30,150
3349637,30,150
3349681,30,150
3349744,49,150
3349980,879,185
3350029,49,150
3350066,30,150
3350251,30,150
3350322,49,150
3350370,30,150
3350639,30,150
3350748,586,137
3350772,49,150
3350935,30,150
3351058,30,150
3351137,30,150
3351332,30,150
3351338,49,150
3351713,30,150
3351875,30,150
3351992,30,150
3352028,49,150
3352039,677,176
3352116,30,150
3352158,30,150
3352265,30,150
3352368,30,150
3352605,30,150
3352699,49,150
3352725,49,150
3352826,49,150
3353304,93,203
3353436,30,150
3353497,30,150
3353618,30,150
3353799,30,150
3353810,841,176
3353979,49,150
3354133,30,150
3354139,30,150
3354323,19137,148
3354339,30,150
3354355,49,150
3354916,49,150
3354955,49,150
3355104,30,150
3355163,30,150
3355191,30,150
3355254,30,150
3355692,49,150
3355758,49,150
3355787,30,150
3355944,49,150
3356055,30,150
3356194,26031,148
3356237,30,150
3356538,919,185
3356615,30,150
3356641,49,150
3356719,49,150
3356846,49,150
3356893,49,150
3357099,30,150
3357110,30,150
3357243,49,150
3357299,30,150
3357375,49,150
3357432,30,150
3357465,30,150
3357494,49,150
3357543,49,150
3357601,10,147
3357748,3,125
3358005,30,150
3358172,30,150
3358188,93,203
3358296,30,150
3358899,49,150
3359190,30,150
3359655,30,150
3359736,49,150
3359801,49,150
3359827,30,150
3359995,49,150
3360033,30,150
3360103,49,150
3360352,10,147
3360440,30,150
3360493,30,150
3360735,30,150
3360966,30,150
3361277,49,150
3361409,30,150
3361549,49,150
3361602,49,150
3361782,30,150
3361898,30,150
3361948,49,150
3362139,30,150
3362475,30,150
3362755,30,150
3362850,30,150
3363026,30,150
3363364,30,150
3363382,30,150
3363646,49,150
3363762,93,203
3363840,30,150
3364014,4167,375
3364037,30,150
3364200,30,150
3364236,30,150
3364290,49,150
3364461,49,150
3364649,49,150
3364723,49,150
3365035,49,150
3365211,30,150
3365220,49,150
3365423,30,150
3365483,49,150
3366242,30,150
3366323,49,150
3366391,841,176
3366753,30,150
3366785,49,150
3366952,49,150
3367171,49,150
3367499,49,150
3367527,41,150
3367569,49,150
3367592,30,150
3367595,30,150
3367768,30,150
3368172,30,150
3368223,49,150
3368226,30,150
3368480,49,150
3368501,93,203
3368591,49,150
3368674,30,150
3368758,49,150
3368959,49,150
3369014,30,150
3369106,49,150
3369425,49,150
3369494,49,150
3369501,49,150
3369525,30,150
3369562,30,150
3369749,864,137
3369803,49,150
3369843,49,150
3370413,30,150
3370491,49,150
3370627,30,150
3370646,30,150
3370739,924,179
3370774,49,150
3370776,49,150
3370991,49,150
3371024,49,150
3371140,41,150
3371340,49,150
3371361,30,150
3371370,49,150
3371416,14,113
3371440,49,150
3371482,49,150
3371655,30,150
3371700,30,150
3371848,49,150
3371952,30,150
3371967,49,150
3372114,30,150
3372125,30,150
3372224,30,150
3372267,30,150
3372285,30,150
3372310,49,150
3372339,30,150
3372350,796,375
3372494,831,178
3372524,49,150
3372809,49,150
3372831,30,150
3373078,859,174
3373788,49,150
3374019,30,150
3374238,49,150
3374420,49,150
3375020,49,150
3375048,864,137
3375501,30,150
3375759,49,150
3375762,30,150
3375815,30,150
3375875,30,150
3375905,30,150
3375911,10,147
3375949,49,150
3376055,30,150
3376440,30,150
3376524,93,203
3376566,49,150
3376645,30,150
3376694,30,150
3376893,49,150
3376955,30,150
3376988,10,147
3377059,10,147
3377116,30,150
3377391,30,150
3377540,30,150
3377685,30,150
3377810,30,150
3377824,49,150
3377871,49,150
3377903,49,150
3378013,586,137
3378328,49,150
3378332,49,150
3378348,30,150
3378725,262,137
3378772,49,150
3378992,49,150
3379408,30,150
3379600,894,177
3379726,49,150
3379860,49,150
3380020,49,150
3380067,49,150
3380115,93,203
3380196,49,150
3380264,30,150
3380505,49,150
3380615,30,150
3380619,49,150
3380758,30,150
3381046,49,150
3381047,30,150
3381057,30,150
3381279,30,150
3381680,30,150
3381762,30,150
3381861,30,150
3382231,49,150
3382340,49,150
3382397,30,150
3382645,49,150
3382852,49,150
3382863,10,147
3382878,819,175
3382894,30,150
3382948,49,150
3382964,30,150
3383086,49,150
3383169,30,150
3383226,30,150
3383372,49,150
3383448,49,150
3383693,30,150
3383738,49,150
3383882,30,150
3383938,30,150
3383992,49,150
3384025,30,150
3384041,30,150
3384467,30,150
3384468,49,150
3384513,30,150
3384514,30,150
3384527,30,150
3384662,49,150
3384805,10,147
3384813,49,150
3384969,894,177
3385209,41,150
3385259,49,150
3385330,30,150
3385537,49,150
3385953,49,150
3386363,30,150
3386580,30,150
3386604,835,128
3386610,10,147
3386720,30,150
3387199,30,150
3387203,49,150
3387207,49,150
3387340,1900,375
3387559,30,150
3387742,30,150
3387830,30,150
3388275,49,150
3388300,30,150
3388479,30,150
3388602,49,150
3388760,30,150
3388898,49,150
3388921,49,150
3389029,49,150
3389029,49,150
3389128,49,150
3389183,49,150
3389434,49,150
3389441,49,150
3389621,49,150
3389681,30,150
3389723,49,150
3389837,30,150
3389932,49,150
3389935,49,150
3390012,258,203
3390062,49,150
3390148,49,150
3390367,49,150
3390548,6,147
3390609,49,150
3390621,49,150
3390691,30,150
3390884,30,150
3391047,49,150
3391055,30,150
3391133,93,203
3391249,30,150
3391268,30,150
3391551,30,150
3391627,30,150
3391671,30,150
3391697,49,150
3391712,49,150
3391727,30,150
3392330,49,150
3392337,49,150
3392387,49,150
3392412,49,150
3392478,10,147
3392534,49,150
3392673,49,150
3393052,30,150
3393073,49,150
3393595,49,150
3393645,30,150
3393947,49,150
3393998,30,150
3394106,30,150
3394276,30,150
3394318,10,147
3394510,49,150
3394635,30,150
3394730,859,174
3394965,30,150
3395978,49,150
3396162,49,150
3396525,30,150
3396834,30,150
3396843,30,150
3396908,30,150
3396974,49,150
3397013,49,150
3397284,49,150
3397329,30,150
3397581,49,150
3397938,49,150
3397984,49,150
3398012,49,150
3398107,49,150
3398303,30,150
3398345,30,150
3398362,30,150
3398783,49,150
3398915,851,179
3399061,831,178
3399176,49,150
3399345,49,150
3399395,41,150
3399492,11,106
3399858,30,150
3400178,49,150
3400292,30,150
3400809,49,150
3400941,49,150
3401230,30,150
3401433,30,150
3401562,30,150
3401593,49,150
3402086,30,150
3402098,30,150
3402191,41,150
3402314,30,150
3402464,30,150
3402655,49,150
3402871,41,150
3402882,30,150
3402982,10,147
3403143,49,150
3403286,49,150
3403817,586,137
3403832,30,150
3403842,30,150
3403906,30,150
3404259,49,150
3404385,49,150
3404827,30,150
3404923,30,150
3404928,10,147
3405029,30,150
3405056,841,176
3405148,49,150
3405195,30,150
3405254,30,150
3405262,49,150
3405268,49,150
3405528,874,187
3405543,812,177
3405606,30,150
3405832,30,150
3405855,49,150
3405862,30,150
3406599,49,150
3406633,93,203
3406698,49,150
3406879,30,150
3407318,30,150
3407610,49,150
3407690,49,150
3407800,49,150
3407967,30,150
3407990,49,150
3408048,30,150
3408049,49,150
3408426,49,150
3408433,49,150
3408505,30,150
3408529,49,150
3408589,30,150
3408736,49,150
3408775,30,150
3408914,30,150
3409046,30,150
3409086,49,150
3409286,30,150
3409801,49,150
3409864,49,150
3409892,30,150
3410134,49,150
3410368,30,150
3410427,49,150
3410501,7373,375
3410564,30,150
3410837,30,150
3410854,49,150
3410909,49,150
3410934,30,150
3411368,49,150
3411535,30,150
3411566,30,150
3411619,49,150
3411689,30,150
3411718,30,150
3411748,30,150
3412223,30,150
3412279,30,150
3412291,30,150
3412348,30,150
3412367,49,150
3412401,49,150
3412532,30,150
3412546,49,150
3412695,49,150
3412747,49,150
3412959,30,150
3413001,10,147
3413038,49,150
3413102,120,95
3413144,49,150
3413370,49,150
3413548,30,150
3413698,30,150
3413903,49,150
3414068,49,150
3414134,30,150
3414206,49,150
3414420,30,150
3414465,49,150
3415013,586,137
3415056,30,150
3415432,30,150
3415440,49,150
3415476,30,150
3415747,30,150
3416384,49,150
3416436,49,150
3416474,49,150
3416481,49,150
3416532,30,150
3416770,30,150
3416804,30,150
3416854,49,150
3417123,30,150
3417238,49,150
3417347,30,150
3417393,49,150
3417580,120,95
3417622,586,137
3417691,93,203
3417793,30,150
3418140,819,181
3418314,49,150
3418547,30,150
3418901,49,150
3418965,49,150
3419035,262,137
3419428,49,150
3419589,30,150
3419611,30,150
3419614,49,150
3419733,30,150
3419758,49,150
3420027,30,150
3420042,49,150
3420138,49,150
3420340,30,150
3420523,30,150
3420571,30,150
3420845,30,150
3420963,30,150
3421584,49,150
3421704,49,150
3421746,49,150
3421827,49,150
3421953,49,150
3421960,49,150
3421968,30,150
3422100,30,150
3422335,49,150
3422466,49,150
3422720,30,150
3422858,49,150
3423056,30,150
3423362,49,150
3423374,819,175
3423442,49,150
3423510,49,150
3423828,49,150
3423832,49,150
3424090,30,150
3424094,49,150
3424308,874,187
3424607,30,150
3424612,4167,375
3424859,49,150
3424955,49,150
3425013,49,150
3425084,49,150
3425343,49,150
3425353,49,150
3425762,49,150
3425813,30,150
3425892,49,150
3426299,30,150
3426416,49,150
3426462,30,150
3426474,49,150
3426523,49,150
3426769,30,150
3426808,49,150
3426886,49,150
3427015,30,150
3427278,30,150
3427288,30,150
3427346,49,150
3427368,30,150
3427483,30,150
3427561,49,150
3428159,49,150
3428479,49,150
3428481,30,150
3428643,49,150
3428678,30,150
3428760,93,203
3428783,30,150
3428988,49,150
3429076,30,150
3429156,49,150
3429216,30,150
3429446,30,150
3429473,30,150
3429804,49,150
3429807,49,150
3429890,30,150
3430173,30,150
3430614,49,150
3430620,30,150
3430690,49,150
3430943,30,150
3430945,262,137
3431150,30,150
3431199,30,150
3431263,30,150
3431390,49,150
3431391,30,150
3431409,30,150
3431465,93,203
3431531,30,150
3431587,49,150
3431725,49,150
3431855,30,150
3431857,30,150
3432296,30,150
3432493,30,150
3432563,864,137
3432669,49,150
3432711,586,137
3432820,49,150
3432882,30,150
3432943,49,150
3433035,30,150
3433913,10,147
3433916,30,150
3434004,49,150
3434284,30,150
3435025,30,150
3435071,49,150
3435169,30,150
3435239,49,150
3435778,10,147
3435806,49,150
3435920,30,150
3436061,49,150
3436124,49,150
3436192,30,150
3436297,49,150
3436408,49,150
3436480,49,150
3436689,49,150
3436831,30,150
3436833,49,150
3436945,30,150
3437716,49,150
3437926,49,150
3438013,30,150
3438014,49,150
3438166,10,147
3438668,49,150
3438850,30,150
3438853,49,150
3438893,30,150
3438988,30,150
3439794,30,150
3440034,30,150
3440259,30,150
3440574,30,150
3441060,49,150
3441067,93,203
3441174,30,150
3441242,49,150
3441360,30,150
3441708,49,150
3442367,49,150
3442548,30,150
3442586,49,150
3442790,30,150
3442845,30,150
3442849,30,150
3443119,49,150
3443327,30,150
3443556,49,150
3443718,30,150
3443976,30,150
3444035,30,150
3444236,49,150
3444251,30,150
3444507,30,150
3444698,49,150
3444817,49,150
3444839,49,150
3444923,49,150
3445503,30,150
3445751,49,150
3445850,6,147
3445890,49,150
3446044,835,128
3446100,49,150
3446113,49,150
3446734,30,150
3446743,49,150
3446943,49,150
3446951,30,150
3447109,49,150
3447690,10,147
3447852,30,150
3448042,30,150
3448048,49,150
3448074,30,150
3448249,30,150
3448333,49,150
3448358,30,150
3448425,49,150
3448862,49,150
3448925,30,150
3448956,30,150
3448984,30,150
3449130,49,150
3449224,30,150
3449261,30,150
3449342,30,150
3449681,30,150
3449911,30,150
3450009,49,150
3450447,30,150
3450668,30,150
3450680,49,150
3451035,30,150
3451064,30,150
3451162,831,178
3451163,30,150
3451645,49,150
3451763,49,150
3452233,30,150
3452331,49,150
3452346,49,150
3452396,851,179
3452398,49,150
3452715,30,150
3452934,93,203
3453055,10,147
3453122,586,137
3453189,49,150
3453540,49,150
3453723,30,150
3453779,919,185
3453867,30,150
3453972,10,147
3454167,10,147
3454237,93,203
3454264,879,185
3454390,30,150
3454831,30,150
3454966,812,177
3454974,49,150
3455230,49,150
3455266,30,150
3455570,30,150
3455640,30,150
3455643,30,150
3455708,864,137
3455827,49,150
3456085,30,150
3456099,30,150
3456365,49,150
3456462,93,203
3456476,10,147
3456517,49,150
3456549,49,150
3456609,30,150
3456782,30,150
3456871,5,127
3457059,49,150
3457139,30,150
3457245,56,203
3457262,49,150
3457429,49,150
3457451,30,150
3457893,49,150
3458104,93,203
3458510,49,150
3458603,30,150
3458692,49,150
3458709,819,181
3458964,49,150
3459433,49,150
3459524,49,150
3459846,49,150
3459850,49,150
3460115,49,150
3460374,30,150
3460399,49,150
3460567,49,150
3460818,30,150
3461015,30,150
3461367,30,150
3461534,30,150
3461973,30,150
3462124,13,109
3462214,49,150
3462271,30,150
3462474,10,147
3462496,93,203
3462750,49,150
3462783,49,150
3462976,41,150
3463135,30,150
3463345,49,150
3463485,30,150
3463505,30,150
3463563,7373,375
3463820,30,150
3464211,49,150
3464506,30,150
3464573,30,150
3465021,49,150
3465093,30,150
3465127,1900,375
3465509,586,137
3465616,262,137
3465881,49,150
3465898,49,150
3465994,49,150
3466180,30,150
3466443,30,150
3466694,30,150
3467108,30,150
3467285,30,150
3467291,49,150
3467328,49,150
3467515,49,150
3467517,586,137
3467872,49,150
3468431,49,150
3468482,49,150
3468684,49,150
3468913,41,150
3469409,49,150
3469602,30,150
3469869,49,150
3469900,30,150
3470216,30,150
3470228,49,150
3470532,49,150
3470670,30,150
3470678,49,150
3470901,30,150
3470969,49,150
3471216,30,150
3471562,30,150
3471835,49,150
3472080,796,375
3472307,49,150
3472325,30,150
3472789,10,147
3472863,30,150
3472897,49,150
3472989,49,150
3473075,30,150
3473158,49,150
3473241,651,137
3473638,49,150
3473848,49,150
3474243,30,150
3474278,30,150
3474679,30,150
3474741,30,150
3475083,30,150
3475266,30,150
3475392,49,150
3475444,49,150
3475488,49,150
3475527,49,150
3475556,49,150
3475567,30,150
3475584,30,150
3475633,49,150
3475768,30,150
3476004,30,150
3476167,30,150
3476175,10,147
3476541,41,150
3476567,49,150
3476735,30,150
3477236,30,150
3477379,30,150
3477478,30,150
3477485,30,150
3477488,30,150
3477736,30,150
3478047,30,150
3478158,49,150
3478188,30,150
3478301,49,150
3478621,924,179
3478941,49,150
3478987,30,150
3479038,49,150
3479326,49,150
3479398,49,150
3479573,49,150
3479761,49,150
3479767,10,147
3479834,879,185
3479857,30,150
3479871,49,150
3480108,49,150
3480121,49,150
3480165,49,150
3480208,49,150
3480263,30,150
3480282,49,150
3481013,30,150
3481017,30,150
3481023,30,150
3481060,30,150
3481101,10,147
3481142,49,150
3481614,30,150
3481937,30,150
3482239,49,150
3482323,30,150
3482441,30,150
3482488,49,150
3482490,30,150
3482598,30,150
3482853,49,150
3482875,49,150
3482909,49,150
3482932,93,203
3483145,10,147
3483391,49,150
3483442,30,150
3483684,30,150
3484329,851,179
3484508,30,150
3484642,49,150
3484670,819,181
3484697,30,150
3484699,49,150
3484741,49,150
3485075,30,150
3485194,30,150
3485465,30,150
3485509,93,203
3485958,10,147
3486026,30,150
3486122,49,150
3486297,30,150
3486319,49,150
3486324,49,150
3486500,30,150
3486577,30,150
3486677,49,150
3486839,49,150
3487112,49,150
3487512,30,150
3487674,49,150
3487749,49,150
3487780,30,150
3487935,7373,375
3488090,49,150
3488300,30,150
3488446,30,150
3488648,49,150
3488650,49,150
3488906,30,150
3488983,49,150
3489168,30,150
3489219,49,150
3489253,49,150
3489592,49,150
3489631,10,147
3489634,30,150
3489685,10,147
3489816,864,137
3489855,49,150
3489912,30,150
3490054,49,150
3490108,30,150
3490410,49,150
3490626,49,150
3490653,49,150
3490658,4167,375
3491176,49,150
3491185,30,150
3491320,30,150
3491430,49,150
3491517,30,150
3491884,49,150
3492036,30,150
3492249,49,150
3492312,49,150
3492900,30,150
3492995,49,150
3493365,30,150
3493365,30,150
3493448,49,150
3493867,49,150
3493891,30,150
3494033,30,150
3494168,30,150
3494216,30,150
3494277,851,179
3494394,49,150
3494457,49,150
3494587,30,150
3494606,30,150
3494709,49,150
3495018,30,150
3495215,30,150
3495257,586,137
3495459,49,150
3495845,49,150
3495998,30,150
3496142,10,147
3496292,93,203
3496429,30,150
3496597,30,150
3496627,30,150
3496755,49,150
3497018,30,150
3497048,49,150
3497186,30,150
3497510,30,150
3497534,49,150
3497573,30,150
3497613,49,150
3497990,49,150
3498520,30,150
3498967,49,150
3499020,49,150
3499028,49,150
3499028,49,150
3499044,49,150
3499302,49,150
3499434,49,150
3499718,30,150
3500279,49,150
3500575,30,150
3501104,30,150
3502162,30,150
3502538,49,150
3502646,49,150
3502677,30,150
3502919,30,150
3503368,49,150
3503518,30,150
3503914,49,150
3503970,30,150
3504026,1900,375
3504115,30,150
3504276,30,150
3504573,812,177
3504610,30,150
3504622,49,150
3504668,30,150
3504838,30,150
3504897,49,150
3505282,30,150
3505357,30,150
3505430,30,150
3505436,30,150
3505533,49,150
3505776,49,150
3505801,819,175
3506003,30,150
3506011,49,150
3506277,49,150
3506358,30,150
3506394,30,150
3506439,30,150
3507106,30,150
3507174,30,150
3507320,49,150
3507332,30,150
3507416,49,150
3507519,30,113
3507739,30,150
3507876,49,150
3507968,30,150
3508277,30,150
3508317,10,147
3508468,30,150
3508486,30,150
3508541,30,150
3508755,30,150
3508762,49,150
3509058,49,150
3509373,49,150
3510310,49,150
3510516,49,150
3510617,859,174
3510811,30,150
3510979,49,150
3511430,49,150
3511488,49,150
3511609,30,150
3512060,120,95
3512072,49,150
3512289,49,150
3512340,49,150
3512527,30,150
3512694,30,150
3512807,30,150
3513235,49,150
3513332,49,150
3513406,49,150
3513410,30,150
3513536,30,150
3513607,49,150
3513861,49,150
3513941,49,150
3514006,49,150
3514402,30,150
3514426,30,150
3514552,30,150
3514576,49,150
3514804,49,150
3514852,49,150
3514892,49,150
3515012,30,150
3515064,30,150
3515174,30,150
3515229,30,150
3515360,30,150
3515601,919,185
3515865,49,150
3515948,49,150
3516028,49,150
3516137,30,150
3516287,49,150
3516488,49,150
3516961,49,150
3517055,49,150
3517079,49,150
3517396,30,150
3517454,49,150
3517821,30,150
3518125,49,150
3518239,49,150
3518287,49,150
3518584,49,150
3518619,879,185
3518667,49,150
3518811,10,147
3519064,49,150
3519094,30,150
3519575,49,150
3519607,30,150
3519637,30,150
3519786,49,150
3520366,93,203
3520585,10,147
3520782,30,150
3521116,30,150
3521274,30,150
3521314,30,150
3521540,30,150
3521640,30,150
3521724,30,150
3521941,30,150
3522393,30,150
3522511,30,150
3522990,835,128
3523126,49,150
3523159,586,137
3523162,49,150
3523488,49,150
3523498,30,150
3523748,796,375
3523788,30,150
3523846,841,176
3524027,49,150
3524070,49,150
3524227,30,150
3524285,30,150
3524374,30,150
3524506,6,147
3524568,30,150
3525310,874,187
3525546,30,150
3525722,49,150
3525774,30,150
3526047,49,150
3526370,10,147
3526450,30,150
3526567,30,150
3526813,30,150
3526967,30,150
3527243,49,150
3527285,49,150
3527525,30,150
3527694,49,150
3527979,49,150
3528021,812,177
3528405,93,203
3528931,30,150
3529071,30,150
3529331,49,150
3529664,30,150
3529745,49,150
3529901,49,150
3530275,49,150
3530284,30,150
3530307,30,150
3530475,49,150
3530554,93,203
3530619,30,150
3530674,10,147
3530891,49,150
3530942,30,150
3531043,30,150
3531131,93,203
3531267,49,150
3531277,49,150
3531496,30,150
3531504,30,150
3531672,49,150
3531716,30,150
3531810,93,203
3532383,10,147
3532408,30,150
3532408,30,150
3532645,49,150
3533120,49,150
3533198,91,203
3533432,924,179
3533477,30,150
3533669,49,150
3534091,49,150
3534117,49,150
3534358,30,150
3534482,49,150
3534525,30,150
3534569,49,150
3534575,30,150
3534605,49,150
3534719,49,150
3534723,49,150
3534868,49,150
3535101,30,150
3535824,49,150
3535912,49,150
3536574,49,150
3536902,49,150
3536932,30,150
3537053,33,108
3537159,30,150
3537210,30,150
3537236,49,150
3537509,49,150
3537871,49,150
3537880,30,150
3537987,894,177
3538151,49,150
3538585,49,150
3538606,49,150
3538673,30,150
3538750,30,150
3538968,49,150
3539043,30,150
3539345,30,150
3539350,30,150
3539491,49,150
3539839,49,150
3539883,49,150
3539892,49,150
3539892,30,150
3539894,30,150
3540031,30,150
3540043,49,150
3540133,49,150
3540162,30,150
3540352,49,150
3540373,49,150
3540849,49,150
3540922,924,179
3541079,30,150
3541081,49,150
3541084,30,150
3541209,49,150
3541250,49,150
3541369,49,150
3541482,30,150
3541766,30,150
3541868,924,179
3542020,30,150
3542151,30,150
3542218,864,137
3542764,49,150
3543072,49,150
3543390,49,150
3543466,30,150
3543492,49,150
3543543,30,150
3543585,30,150
3543770,30,150
3543771,49,150
3543855,30,150
3543955,30,150
3544127,49,150
3544215,30,150
3544254,870,175
3544263,30,150
3544399,30,150
3544829,30,150
3544883,30,150
3544899,49,150
3544917,49,150
3544967,894,177
3545062,49,150
3545361,49,150
3545418,30,150
3545577,10,147
3545607,49,150
3545655,30,150
3545891,30,150
3545984,30,150
3546435,49,150
3546753,1900,375
3546854,10,147
3546939,49,150
3546940,30,150
3546963,49,150
3546992,49,150
3547024,10,147
3547192,49,150
3547202,49,150
3547548,30,150
3547597,30,150
3547866,83,174
3547941,30,150
3548140,30,150
3548408,49,150
3548419,49,150
3548661,30,150
3548860,30,150
3548992,819,175
3549655,262,137
3549941,30,150
3550070,30,150
3550149,586,137
3550304,30,150
3550392,835,128
3550414,30,150
3550518,120,203
3550584,49,150
3550697,49,150
3550751,49,150
3550759,49,150
3550836,30,150
3550873,49,150
3550902,49,150
3550973,30,150
3551111,49,150
3551491,30,150
3551662,30,150
3551784,49,150
3551854,10,147
3551930,30,150
3551938,30,150
3552043,49,150
3552139,30,150
3552231,49,150
3552360,30,150
3552400,30,150
3552619,30,150
3552645,49,150
3552847,49,150
3553120,30,150
3553286,6,147
3553449,30,150
3553538,49,150
3553723,30,150
3553759,113,127
3554088,49,150
3554091,30,150
3554118,49,150
3554731,30,150
3554754,30,150
3554910,30,150
3554981,49,150
3555326,12,104
3555403,49,150
3555763,30,150
3555780,49,150
3555837,49,150
3556156,30,150
3556228,30,150
3556353,30,150
3556576,49,150
3556608,30,150
3556711,93,203
3556866,49,150
3557049,49,150
3557254,49,150
3557410,30,150
3557448,49,150
3557576,10,147
3557599,49,150
3557625,30,150
3557843,49,150
3558062,93,203
3558090,30,150
3558188,30,150
3558300,49,150
3558327,30,150
3558517,30,150
3558872,30,150
3559535,831,178
3559884,49,150
3560569,49,150
3560928,49,150
3560983,49,150
3561086,49,150
3561104,30,150
3561131,30,150
3561191,30,150
3561271,49,150
3561904,49,150
3561940,49,150
3562074,49,150
3562186,30,150
3562325,841,176
3562373,30,150
3562443,30,150
3562464,49,150
3562648,30,150
3562817,859,174
3562908,49,150
3563151,49,150
3563275,30,150
3563436,49,150
3563509,49,150
3563688,819,175
3563739,49,150
3564149,49,150
3564173,30,150
3564245,10,147
3564300,49,150
3564781,30,150
3564819,49,150
3564849,49,150
3565185,49,150
3565338,49,150
3565388,49,150
3565512,874,187
3565642,30,150
3566028,30,150
3566058,49,150
3566095,49,150
3566098,10,147
3566202,30,150
3566380,30,150
3566464,841,176
3566484,10,147
3566570,49,150
3566634,49,150
3566688,49,150
3566798,49,150
3567121,894,177
3567521,30,150
3567811,49,150
3567842,49,150
3567918,49,150
3567978,49,150
3567985,49,150
3568193,30,150
3568465,93,203
3568699,49,150
3568877,49,150
3569258,49,150
3569478,49,150
3569598,49,150
3569626,49,150
3569814,7373,375
3569996,30,150
3570039,30,150
3570534,30,150
3570632,30,150
3570802,30,150
3570805,49,150
3570917,49,150
3571140,30,150
3571475,49,150
3571585,49,150
3571663,30,150
3571693,30,150
3571812,120,95
3571870,30,150
3572087,49,150
3572303,49,150
3572328,30,150
3572374,30,150
3572418,49,150
3572500,30,150
3572582,49,150
3572617,49,150
3572803,49,150
3572820,30,150
3573020,49,150
3573402,30,150
3573575,49,150
3573618,30,150
3573753,10,147
3573786,30,150
3573965,30,150
3574245,49,150
3574248,49,150
3574569,49,150
3574704,49,150
3574892,30,150
3575328,49,150
3575401,16,91
3575479,49,150
3575603,49,150
3575814,49,150
3576516,30,150
3577037,49,150
3577487,30,150
3577628,120,95
3577655,819,181
3577768,49,150
3577805,49,150
3577970,30,150
3578269,30,150
3578349,49,150
3578624,30,150
3578626,30,150
3578675,49,150
3578680,49,150
3578753,30,150
3578960,49,150
3579249,30,150
3579601,30,150
3579757,30,150
3579923,49,150
3580190,30,150
3580260,30,150
3580347,4167,375
3580357,30,150
3580446,30,150
3580603,30,150
3580772,30,150
3580899,49,150
3581012,49,150
3581476,30,150
3581667,49,150
3581804,586,137
3581837,30,150
3581890,30,150
3582243,49,150
3582292,851,179
3582308,30,150
3582447,49,150
3582610,49,150
3582917,93,203
3582964,49,150
3583074,30,150
3583169,30,150
3583209,30,150
3583329,30,150
3583356,30,150
3583680,30,150
3583788,30,150
3583915,30,150
3583930,49,150
3584101,30,150
3584148,49,150
3584212,49,150
3584357,49,150
3584421,30,150
3584451,30,150
3584505,10,147
3584539,49,150
3584606,49,150
3584804,49,150
3584939,49,150
3584989,919,185
3585085,30,150
3585146,30,150
3585289,30,150
3585332,30,150
3585385,30,150
3585656,49,150
3585947,49,150
3586172,30,150
3586263,30,150
3586405,30,150
3586501,30,150
3586557,49,150
3586676,49,150
3586708,30,150
3586730,30,150
3586952,30,150
3587018,49,150
3587189,49,150
3587548,49,150
3587557,49,150
3587698,49,150
3587774,30,150
3588132,30,150
3588322,49,150
3588433,30,150
3588452,49,150
3588630,30,150
3588738,30,150
3588785,30,150
3588955,49,150
3589365,30,150
3589561,49,150
3589677,30,150
3589697,49,150
3589790,93,203
3589801,10,147
3589834,30,150
3589955,49,150
3590019,30,150
3590316,30,150
3590370,49,150
3590523,49,150
3590891,796,375
3590971,30,150
3591354,30,150
3591485,49,150
3591529,49,150
3591534,30,150
3591826,30,150
3592161,30,150
3592595,30,150
3592722,93,203
3592817,93,203
3592854,30,150
3593010,49,150
3593055,30,150
3593062,864,185
3593156,30,150
3593559,30,150
3593931,30,150
3594118,49,150
3594122,49,150
3594438,49,150
3594657,30,150
3594773,30,150
3594851,30,150
3595023,49,150
3595037,30,150
3595747,30,150
3595759,30,150
3596165,49,150
3596439,93,203
3596544,49,150
3596640,30,150
3596764,30,150
3597161,30,150
3597239,96,203
3597331,30,150
3597384,49,150
3597538,30,150
3597691,49,150
3598088,49,150
3598199,49,150
3598315,49,150
3598418,993,196
3598638,49,150
3598765,49,150
3599006,49,150
3599156,49,150
3599207,49,150
3599245,262,137
3599381,30,150
3599669,30,150
3599981,10,147
3599990,49,150
